:020000041000EA
:10000000002008205D0100101B0100101D010010E0
:100010001101001011010010110100101101001058
:100020001901001019010010190100101F01001022
:10003000110100101901001021010010230100100E
:100040001101001011010010110100101101001028
:100050001101001011010010110100101101001018
:100060001101001011010010110100101101001008
:1000700011010010110100101101001011010010F8
:1000800011010010110100101101001011010010E8
:1000900011010010110100101101001011010010D8
:1000A00011010010110100101101001011010010C8
:1000B00011010010110100101101001011010010B8
:1000C00011010010110100101101001011010010A8
:1000D0001101001011010010110100101101001098
:1000E0001101001011010010110100101101001088
:1000F0001101001011010010110100101101001078
:100100001101001011010010110100101101001067
:10011000EFF30580103800BE00BE00BE00BE00BE7A
:1001200000BE00BEF2EB88711423051040230510B9
:10013000A001001090A31AE7D3DEFFFF42012110B7
:10014000FF0100003C350500793512AB4FF000008F
:100150001E49086006C881F3088810474FF05040D8
:10016000006810B14FF00000F2E70DA40ECC00299A
:1001700002D000F012F8F9E71549164A002000E015
:1001800001C19142FCD11449884714498847144958
:10019000884700BEFDE701C901C29A42FBD3704700
:1001A000402305101001002044140020743605106F
:1001B00000000820000008207436051000100820F8
:1001C00000100820000000007047000008ED00E06B
:1001D00044140020A81A0120152300104102001029
:1001E0000D230010F8B500BF08B5034B1BB1034940
:1001F0000348AFF3008008BD00000000041A01208E
:1002000018F003100B4630B5054683B00192CC8838
:10021000B1F902209B88B1F900100134A41A01330E
:100220005B1A24B2054800941BB200F0E9FC284692
:1002300003B0BDE8304013F049BE00BFB81501203F
:1002400010B502F04BF94FF4FA6001F031FC1920BF
:1002500000F022FD19244FF0010343EC444043EC2D
:1002600040401D4800F042FB4FF0000343EC40408B
:100270001A4802F04BF905F09BFC194802F046F9C8
:10028000642016F07BF918B3164802F03FF9164CBB
:100290004FF4C85300221549204613F0E7FB1448D9
:1002A00013F0C0FB1248134A134B02604361C46051
:1002B00013F0EAFB3EF074F8052013F007FF0F4837
:1002C00002F024F917F0B4F9052001F0F1FBF3E78F
:1002D0000B4802F01BF9DAE7B815012018F00310FB
:1002E0002CF0031038F003107C0C01202CDA0020D5
:1002F0002C0C01204001F0000502001050F003100A
:1003000044F0031010B5054C82B0032304220521EC
:100310000094034800F0C8FA02B010BD0000084085
:10032000B8150120002230B5B0F9065083B004683A
:10033000019100951146E468B0F90430A04703B07C
:1003400030BD00BF2DE9F04F154685B0BDF938A08E
:100350000E46AAEB050BBBF1000F0A46A3EB010109
:10036000B8BFCBF1000B0029B8BF49428B45074607
:10037000BDF83CE059DC5446AC4650462A469A4605
:10038000354623466646554538DC801A80EAE079D2
:10039000A9EBE079AAEB0500C0F3C03404FA80F4BD
:1003A0009E4280B24FEA640445DA0123B846CDE9A3
:1003B00002031FFA89F90091CDF804E0D8F8003063
:1003C00040469F68009B9B45CBBF2A462946314645
:1003D0003246019BB847A4EB09031CB20135002C3F
:1003E0002DB29BB205DA029A13441CB2039B1E4441
:1003F00036B25545E2DD05B0BDE8F08FA2EB00094D
:10040000A5EB0A00B9F1000FC0F3C03404FA80F480
:10041000B8BFC9F100099E422A461E46554680B221
:100420004FEA640403DD9246BFE71846ABE74FF09E
:10043000FF339246BAE74FF0FF33B7E72DE9F043B9
:1004400016460746884683B0BDF92840013BBDF8F3
:100450002C900B44013C1DB2344424B22B46009234
:10046000CDF80490FFF76EFF2B46224641463846F2
:10047000CDE90049FFF766FF43464146324638461C
:10048000CDE90049FFF75EFF324638462B46294644
:10049000CDF82C900A9403B0BDE8F043FFF752BFAB
:1004A0002DE9F04F91B0BDF86840834606949DF861
:1004B00074400D460A9414464269BDF86C809DF85C
:1004C0007090002A00F08B8011895B1ADBB2D2E9B0
:1004D000002101EBC30631F8337096F90630F1784C
:1004E000904696F802A096F905E00C9351B14FF0B2
:1004F000000CBAF1000F08D10CF1010C5FFA8CFC72
:100500006145F9D811B0BDE8F08FA8B2CDE907BEBA
:100510006546E346A3B20D9300EB0E03CDE90E133F
:1005200009905E460C9B0A9A0D99634403FB0213E3
:100530001BB203930FFA89F3049313B2CDF82CB0D6
:100540000024E3460593029605E00134E4B26D0011
:10055000A245EDB224D9029B590703F1010608BF59
:1005600018F80750F2B2029207F1010208BF97B2E1
:100570002B06EAD5B9F1010F02D10A9B012B1FD03E
:10058000069B07980193059B0093089B1919099BEB
:1005900001FB0931DDE9032309B2FFF74FFFD4E77F
:1005A000DC460E9BDDF82CB00CF1010C5FFA8CFCE4
:1005B000D34463455FFA8BFBB3D811B0BDE8F08F2D
:1005C0000798DDE90C1203680A440F999B685A44A6
:1005D00061181E4612B2069B09B2B047B5E7427ECB
:1005E000002A00F0A080524A03EB830313449C4688
:1005F0004B46ADB2D946CDF80880AE46A8469B46DC
:100600001FFA84FA6A1D92B2CDF81CA0069FDDF88D
:1006100028A00C920D950E940FFA88F31CF8016B2C
:1006200003930FFA8BF304930FFA8AF3082400253F
:10063000CDE908E80593CDF82CC01BE0BBF1010F14
:10064000D9F80030AAB225D01AFB02F20197059919
:1006500048460091D3F80C80079B1A4412B2DDE99A
:100660000313C047013C013514F0FF046DB24FEA9B
:1006700056061DD0F007E1D4029B9F42F2D0BBF199
:10068000010FD9F80030AAB23FD002991AFB02F24A
:100690000191DCE7BAF1010FD6D10799D3F80880B0
:1006A0000A443B464846BDF9201012B2C047D9E77C
:1006B000DDE908E80C9B0EF1010E1FFA8EFED8440E
:1006C0007345DDF82CC01FFA88F8A5D1DDE90D547B
:1006D0005B46DDF80880CB469946069B43453FF4D0
:1006E00011AF09EB89030A9A2B441BB2651E05EB77
:1006F000C2051946224658462DB2CDF86C801A958F
:1007000011B0BDE8F04FFFF71DBEBAF1010FBCD12B
:100710000799D3F808800A444846029BBDF9201087
:1007200012B2C0479EE7AF2B84BF0133DBB25AE75A
:100730003CF703102DE9F0414369044684B0002BD7
:100740005CD00A294ED00D2954D01A7A914251D347
:10075000987A88424ED35D688A1A05EBC205AA785A
:10076000B4F90800267B002A37D0EF78AFB3277E94
:10077000B4F904E0B4F90AC094F80D807FB195F99A
:100780000570174406FB0707774508DD0020208128
:100790001B7B03FB08C30FFA83FCA4F80AC0704557
:1007A0001BDAB4F90630634517DD062316FB030395
:1007B000002B12DD0CEBC803002B0EDDCDE9026827
:1007C0000B460146208A62460190E089009020464F
:1007D000FFF766FEB4F90800267B2B7903FB0600C1
:1007E000208107E00020208162891B7B617B01FB67
:1007F00003236381012004B0BDE8F0810A2937D0CA
:100800000D29F7D0267EB0F90800257BB4F904C085
:10081000B4F90A20677B2EB14FF0060E15FB0E0EC1
:10082000E6452FDC60451ADAB4F90630934216DD4E
:10083000062315FB0303002B11DD02EBC703002B7E
:100840000DDD029503970B460146208A0190E08951
:1008500000902046FFF724FEB4F90800257B05EB45
:10086000450500EB45002081012004B0BDE8F08182
:100870004289417B038102EBC1034381012004B023
:10088000BDE8F08102EBC70212B2184623816281F3
:10089000C8E700BF704700BF10B504462C2101F027
:1008A000FFFC204610BD00BF2DE9F041002440F2BE
:1008B00001174FF6FF764FF0010EDFF82C80094D3F
:1008C0004362069BC0E90712C0F804808781C0F824
:1008D0000E60A0F818E00560846044618362BDE8A2
:1008E000F08100BF44FC03104001F0002DE9F04707
:1008F00004468CB0C06900F0CFF94FF00105E36900
:1009000045EC443045EC4030206A00F0C5F9236ADC
:1009100045EC4430606A00F0BFF9636A45EC44304E
:100920003849A06A04F0F8F90121122000F096F984
:100930000121132000F092F90121102000F08EF91E
:100940004FF00007636A47EC4030322001F0B0F806
:10095000636A45EC4030C82001F0AAF84FF0010C62
:100960004FF014086646E146DFF89CA00DF1080E32
:10097000BAE80F007546AEE80F00BAE80F00AEE81F
:100980000F009AE803004EF8040BAEF80010E3697C
:100990008DF807C0033547EC4030236A47EC403000
:1009A0000122A06A0DF107013EF00AFBE36949EC60
:1009B0004030012E0ED047EC4030236A49EC4030E5
:1009C000013E32462946A06A3EF0FAFAE36949EC54
:1009D00040303544B8F1000F06D12E785EB195F85D
:1009E000018095F802C0D2E708EB880001F060F8BA
:1009F0002E78002EF3D131462046FFF793FC0CB041
:100A0000BDE8F0878096980058FC03102DE9F04768
:100A1000002590462E462A248AB2013B82B0134418
:100A2000120ABDF9287062F3070561F30F25C3F3BD
:100A3000072262F317459BB21FFA88F9013F63F35F
:100A40001F654F448DF80340019504463546C36940
:100A5000BFB246EC4030036A46EC403001220DF153
:100A60000301806A3EF0ACFA4FF0010AE3694AECF8
:100A7000403046EC4030236A4AEC40300422A06A01
:100A80000DEB02013EF09CFAE1694AEC40104FEA9E
:100A9000192262F307062B2268F30F268DF8032034
:100AA0003A0A62F3174667F31F66019645EC401059
:100AB000236A45EC40300122A06A0DF103013EF0AB
:100AC0007FFAE3694AEC403045EC4030236A4AEC57
:100AD00040300422A06A01A93EF072FAE3694AECB0
:100AE00040302C228DF8032045EC4030236A45EC41
:100AF00040300122A06A0DF103013EF061FAE36982
:100B00004AEC403002B0BDE8F08700BFB1F1000C04
:100B100010DB70B51D46B0F904300446634584B05F
:100B200006DD002A964603DBB0F90630934202DC6C
:100B300004B070BD704701266DBA33460096FFF7CA
:100B400065FF4FF00002E369ADF80C5042EC403015
:100B5000236A46EC40300222A06A03A93EF030FA34
:100B6000E36946EC403004B070BD00BFF0B51C46F0
:100B7000B0F9043085B08B42BDF92860BDF82C7007
:100B80003CDD0546B0F90600904237DD0029BEBFC6
:100B900009190CB200218E46002ABEBF921916B266
:100BA0000022A6449E45C4BF5B1A1CB2B318834200
:100BB000C4BF801A06B22346284600967FBAFFF7C4
:100BC00025FF4FF00002EB69ADF80C7042EC4030AD
:100BD0004FF001012A6A41EC402004FB06F64EB1B9
:100BE00000240222A86A03A901343EF0E9F9B442C4
:100BF000F7D1EB694FF0010242EC403005B0F0BD97
:100C0000F0B5064685B0BDF928701C460097FFF781
:100C1000FDFE4FF00002F36942EC40304FF001015D
:100C2000326A41EC402004FB07F787B100240B9B9C
:100C30009D1E35F8023F02225BBAB06A03A9013457
:100C4000ADF80C303EF0BCF9A742F2D1F3694FF099
:100C5000010242EC403005B0F0BD00BF10B44FF4CB
:100C600080740C4B53F8202003EB8003C00082F00B
:100C7000400200F1804003F5805C02F0C00200F504
:100C8000203003F54053CCF8002041601C605DF833
:100C9000044B70470480034030B44FF0000343EC32
:100CA000440043EC400005254FF480740B4BC20018
:100CB00053F8201003EB800081F0400102F18043E3
:100CC00003F5203301F0C00200F5805100F54050DB
:100CD0000A605D60046030BC704700BF0480034060
:100CE0000FB400B583B0049C074801F00FFC3CB181
:100CF00005A92046019101F0D9FA044801F006FC4B
:100D0000012001F0EBFA00BF60F0031070F0031057
:100D100070B58646EFF3108572B6124CD4E8CF6FEB
:100D20000120002EFAD1C4E8460F002EF6D1BFF301
:100D30005F8F4FF0010CC80801F007030CFA03F3B2
:100D40001EF800C01CEA030608D14CEA030C0EF89A
:100D500000C0C4E88F6F85F3108870BD1046FFF7A0
:100D6000BFFF00BF47110120F8B5EFF3108772B63F
:100D70001C4ED6E8CF5F0124002DFAD1C6E8454FBE
:100D8000002DF6D1BFF35F8F9A421BD8012502E0F8
:100D90000132934222D3D40810F804E002F0070C89
:100DA00005FA0CFC1EEA0C0FF2D14EEA0C0E00F80C
:100DB00004E010460023C6E88F3F87F3108898426E
:100DC00007DBF8BD0023C6E88F3F87F310884FF09C
:100DD000FF300029F5D00698FFF782FF4FF0FF3073
:100DE000E8E700BF47110120044A1078431CDBB23A
:100DF000182B28BF10231370704700BF900D0020E0
:100E000010B5054C82B001461F23182200940348F8
:100E1000FFF7AAFF02B010BD74F0031060150120A7
:100E20004FF0E022936843F000539360704700BF97
:100E30000021044B03F12002C3E88F1F01339342CA
:100E4000FAD170473C1101204FF08030044B054926
:100E50001A4604338B421060FAD162B6704700BF65
:100E600000E400E034E400E0012300F01F029340BE
:100E7000400941B1800000F1604000F56140C0F8D8
:100E8000803103607047024A203042F820307047BA
:100E900000E100E00123064A410952F8212000F058
:100EA0001F0003FA00F01040003818BF01207047FF
:100EB00000E100E001224309034900F01F008240E5
:100EC000403341F82320704700E100E0054A10302C
:100ED0009268054B52F82000C01A2F288CBF0020C2
:100EE0000120704700ED00E0940D0020F8B50D469C
:100EF000EFF3108772B6124ED6E8CF2F0123002AE7
:100F0000FAD1C6E8423F002AF6D1BFF35F8F0D4BFE
:100F100000F110049B680C4A53F82430934203D02C
:100F2000994201D001F0B4F8064B9B6843F8245075
:100F3000BFF35F8F0023C6E88F3F87F31088F8BDAB
:100F40004511012000ED00E0110100102DE9F04FE6
:100F500081468B46164683B0EFF3108372B6DFF8F6
:100F6000D0A10093DAE8CF1F01230029FAD1CAE803
:100F7000413F0029F6D1BFF35F8F664B93F90040E4
:100F8000002CC0F2A080644D04EB440705EB8708F9
:100F900098F8061009F110091970604BBF009B68A2
:100FA00053F829006300411B2F292FD95C4988423F
:100FB00040F0A4801C445B4B02372F44043BDB1BF6
:100FC000C3F34A036FEAC3434FF421416FEAD343AB
:100FD00025F8241005EB840463804BF60153A380AD
:100FE000FF2348F00100E671C4F808B0A3714B4B31
:100FF0009B6843F82900BFF35F8F0023CAE88F3F47
:10100000009B83F3108803B0BDE8F08F20F0010E41
:101010009EF80710B1422ED84FF42143EB53414BB9
:10102000B91C2944043B04375B1A2F44AEF1040178
:10103000C91BC1F34A043C49C3F34A030B43214390
:10104000A8F804103949A8F802304AF6AA207346D5
:101050005B1B5B415843000D88F8076088F8060069
:10106000C8F808B048F00100CEF80010BFE7D17909
:10107000B1422ED996469EF906C00CEB4C02BCF14B
:10108000000F05EB8202F2DA4BF601510EF1040279
:10109000A8F10407BF1AC7F34A076FEAC7476FEA08
:1010A000D7478EF8064003EB0408204C05EB880375
:1010B000AEF8047045F82840998083F806C0DE71C8
:1010C000C3F808B093E700F0E3FF124B93F9004038
:1010D00059E7724632F8041F490514D44915023104
:1010E00002EB410101916FF00701C91B019F491BF0
:1010F0003944C1F34A0141F46041C9E7019300F06A
:10110000C7FF019B56E701F5FF1101F5FF511F31A4
:10111000E4E700BFA31A0120940D002000ED00E0D9
:1011200011010010C40D002000E0FFFF01488047BE
:10113000451101202DE9F04F83B0EFF3108A72B60C
:10114000714ED6E8CF2F0123002AFAD1C6E8423FDC
:10115000002AF6D1BFF35F8F6C4B00F110089B683B
:101160006B4A53F82850954245D08D420C4650D0DA
:10117000684FEB1B2F2B3ED801214FEA50194FEA45
:10118000890909F1604909F5614900F01F0301FA75
:1011900003F0D9F80030C9F8800000EA030BBFF370
:1011A0005F8FEFF30581C9B2002934D0884505D09F
:1011B000CDE9001000F06CFFDDE9001025F0010E14
:1011C000DEF808C0644505D189E0D3F808C064455D
:1011D00031D09E469EF9062002EB4203002A07EB1F
:1011E0008303F2DA644561D0BBF1000F20D0C9F867
:1011F0008001C9F80000454B9B6843F82850BFF3B5
:101200005F8F0023C6E88F3F8AF3108803B0BDE8E4
:10121000F08F1546EFE725F0010EDEF808C06445B3
:10122000D8D19EF906407346002C08DA154646E0F0
:10123000C9F88000DFE793F90640002C37DB04EBA8
:10124000440C07EB8C0C9CF80710DCF80820D971D3
:101250009A609CF906206100002A9A713DDBBCF877
:1012600004E05FEA4E5E05D50EF5FF1E0EF5FF5E4B
:101270000EF11F0E6FF0070C0A194FEA6E5E920016
:1012800002EB4E0208323A44ACEB030C6244C2F368
:101290004A026FEAC2426FEAD2429A801E4B214450
:1012A0001A7807EB81011C708A719DE77346D9B9E2
:1012B000FF228EF806204BF60152AEF80420164CA1
:1012C0004AF6AA2294F800C01946C91B49414A436C
:1012D000120D83F806C0227086E7104ADDE79EF9FA
:1012E00006407346002CAADA0D4A0E4CD21A083A70
:1012F000C2F30A316FEA01516FEA115144EA520216
:10130000DA80998070E700BF4511012000ED00E010
:1013100011010010940D0020A31A012001BDFFFF50
:10132000CE0D002000F8FFFF2DE9F041EFF3058618
:10133000F6B2EFF3108E72B6204DD5E8CF2F012311
:10134000002AFAD1C5E8423F002AF6D1BFF35F8FE9
:101350001B4F40F0010CBA684AF6AA2352F82680C7
:10136000184C0246121B524153431B0DE04559B223
:1013700014D02246002392F906C00C328C4512D0BC
:101380000133042BF7D1104B00221C7819708471A3
:10139000C5E88F2F8EF31088BDE8F081BB680B4A3B
:1013A00043F82620EFE703EB430304EB8304FF231A
:1013B000A3714BF60153A380E5E700BF451101205F
:1013C00000ED00E0940D0020A31A0120110100108F
:1013D00010B5074C82B00146052300220094054851
:1013E000FFF7C2FC0028A8BFC0F1330002B010BD57
:1013F00090F00310A71A0120014B0B4403607047C3
:101400003C11012070B5114C114DAC421CD2FF268D
:101410000BE0FFF7E9FC01462046FFF7EDFFA68051
:10142000BFF35F8F0834AC420ED22368002BF0D19B
:10143000FFF7DAFC01462046FFF7DEFF2671BFF317
:101440005F8F0834AC42F0D370BD00BF3C14002065
:101450004414002010B50446FFF7C6FC01462046A0
:10146000FFF7CAFFFF232371BFF35F8F10BD00BFDB
:1014700010B504460120FFF7C3FC034B034423606F
:10148000BFF35F8F10BD00BF3C110120024B0B4426
:101490000360BFF35F8F70473C1101200D4B1A684A
:1014A000EFF3108172B6D2E8CFCF0120BCF1000F6C
:1014B000F9D1C2E84C0FBCF1000FF4D1BFF35F8F3C
:1014C00000221B68C3E88F2F81F3108840BF0020E3
:1014D000002170474C1A01202DE9F04F2DED028BB1
:1014E00085B0EFF30583DBB2103B9A0818BF0122E9
:1014F0004FF0010103F0030018BFAD4DAD4B08BF25
:10150000AD4D00EB820201FA00FB53F8226005F5B5
:1015100041539FEDA58B0190C3F804B0CDF800B006
:101520002FE0B3881C0440F19180B379002B40F088
:10153000DA80B6F90820002AC0F21A81736902EB3A
:10154000420203EBC203D3E90247B7F1FF3F08BFF2
:10155000B4F1FF3F0ED00198AB6A05EB80010A6938
:10156000D21AE31A934204D301232A6A8340134216
:1015700000D10C61284600F02DFBA042B941C0F219
:10158000F780B6F90840009B002CEB63C9DBD6F866
:10159000149004EB440A284609EBCA07D7E902B8BD
:1015A00000F018FB584571EB0801BADBB8F1000FE9
:1015B000C0F2C180D7E90431804A934200F0EA804A
:1015C0007A88B6F9080092B242EA0040984702468B
:1015D0000B4652EA030100F0AE80002B80F2CE8071
:1015E000BBEB020B68EB030839F93A30C7E902B8E4
:1015F000002B96DB716903EB430201EBC202D2E9D7
:101600000270BB4578EB000C4FEA430289DBB4461D
:101610002CF8083F06E003EB430001EBC0005A0042
:10162000D0E90270BB451A4478EB000001EBC20E12
:1016300004DB31F93230F446002BECDA29F83A3089
:10164000ACF80040B3881C043FF56FAF3369EFF38B
:10165000108272B6D3E8CF0F01210028FAD1C3E877
:10166000401F0028F6D1BFF35F8F4FF6FF74B0889C
:101670000023316900B2B480C1E88F3F82F3108843
:101680009842FFF652AF0746A946746906F108086A
:1016900007EB470E04EBCE03D3E90250B6F908304E
:1016A000C446002BA8BFB34605DA0FE034F93A3040
:1016B0009446002B09DB03EB430A04EBCA02D2E990
:1016C0000261B54270EB0101F0DA5E46ACF80070E1
:1016D00034F93E7024F83E30002FD9DAB3794D4604
:1016E000002B3FF426AF0023B371B6F9083006F1A2
:1016F0000808581C3CD01A46776903E08046591CFC
:101700003FF419AF03EB430107EBC100B0F802C08F
:101710001C461CF4004F9E4637F93130EED09442FF
:1017200080ED028B05D0A8F80030328927F83120EF
:1017300034817246E3E739F83A3033813369EFF3A5
:10174000108272B6D3E8CF0F01210028FAD1C3E886
:10175000401F0028F6D1BFF35F8F7388316929F8E5
:101760003A3000237480C1E88F3F82F31088D8E6B6
:1017700040BF05B0BDEC028BBDE8F08F2846CDE937
:10178000022300F027FA029A039B10EB020B43EBB3
:10179000010829E708460B69029198470028CAD03A
:1017A0000299D1E9002314E7FFFFFFFFFFFFFFFFCE
:1017B00000800B40241A012000000B40D9140010B7
:1017C00070B51F4D2C692CB1BDE870400A211D4831
:1017D000FFF712BE1C4E0321304600F0E9F9EE601F
:1017E000FFF702FB0321194B4FF0504618444FF608
:1017F000FF7223460F24297015492861A9603068BB
:101800006969AA806C80687021F813200C3301325A
:10181000C02B92B2F8D108240B4B0E4A0320D5609E
:101820000D491C62FFF762FB01210320FFF71CFB3F
:101830000A4B0A211C640348BDE87040FFF7DCBD79
:10184000DC0D00204C1A012000000B403C1101204F
:10185000FFFF1000241A0120D914001000200B40B3
:1018600000487047DC0D00200146F0B50069EFF339
:10187000108772B6D0E8CF5F0124002DFAD1C0E8FE
:10188000454F002DF6D1BFF35F8FB1F902E04C69EF
:101890000EEB4E0CBEF1000F4FEACC05086904EBCD
:1018A000CC0C3CDB665B4E800026C0E88F6F87F374
:1018B0001088BCF80200CCE902230130C0F30E000E
:1018C000012838BF0120059BACF80200CCF810308D
:1018D000069B40EA0E40CCF814300B69EFF31082FF
:1018E00072B6D3E8CFCF0127BCF1000FF9D1C3E81E
:1018F0004C7FBCF1000FF4D1BFF35F8F8B88635333
:10190000A1F804E00B69C3E88F6F82F3108801220D
:10191000CB68097803F501538A405A60F0BD002373
:10192000C0E88F3F87F310884FF0FF30F0BD00BF55
:101930002DE9F0479DF828900546DDE908679046B7
:101940001C46B9F1000F06D100F04CF9804564EB5C
:101950000101002908DB424623462846CDE90867F5
:10196000BDE8F047FFF780BF4846BDE8F08700BFFD
:1019700003464089B0EB214F37DD58690A1402EB6A
:10198000420210B500EBC2001C69EFF3108C72B676
:10199000D4E8CFEF0122BEF1000FF9D1C4E84E2FF9
:1019A000BEF1000FF4D1BFF35F8F428889B292B2CB
:1019B0008A4207D000221B69C3E88F2F8CF310885E
:1019C000002010BD42F4004242800121002218692B
:1019D0009971C0E88F2F8CF310881C78DA6808465C
:1019E00002F50153A140596010BD0020704700BFAF
:1019F000407870472DE9F041851F41F1FF37A8423B
:101A000071EB070338BF002582B038BF2F4604466C
:101A10000E4600F0E7F8281A67EB010C01287CF16C
:101A2000000C06DA2046314602B0BDE8F04100F075
:101A300015B900F0D7F8854267EB010100290ADBF0
:101A40000021174B2A46009316483B460191FFF7A9
:101A50000BFF0130E6D04FF0000C134A1349536AD4
:101A60009F4204D8906AA842DCD29F42DAD10B6828
:101A7000EFF3108072B6D3E8CF8F5FF0010EB8F1AC
:101A8000000FF8D1C3E848EFB8F1000FF3D1BFF36E
:101A90005F8F0B68C3E88FCF80F3108820BFDEE72D
:101AA0009D140010DC0D002000000B404C1A01209A
:101AB00010B5044600F096F84FF47A734FF0FF3CEF
:101AC0006FF00042E4FB0301BDE81040844572EB77
:101AD00001033CBF60461146FFF78CBF2DE9F04380
:101AE00006460D4683B0EFF30584E4B23CB12D4BBE
:101AF0005A6AAA421CD2002003B0BDE8F0832A4FE4
:101B0000D7F80C9097F80080484600F063F808F189
:101B1000040859F828301B1A301A65EB0101984265
:101B200071F1000110DB20BF1E4B5A6AAA42E2D3BA
:101B300014BF012400249B6AB34234BF204644F002
:101B4000010003B0BDE8F08300F04CF8864265EB7D
:101B50000101002914DB154B3846CDE9003432462B
:101B60002B46FFF781FE011E0ADD0E4B5A6AAA4280
:101B700016D39B6AB34211D30B48FFF7F9FEB6E7C1
:101B8000084B5C6AAC42B6D3641B18BF01249B6A45
:101B9000B34234BF204644F00100ADE7AA42EBD186
:101BA00020BFE9E700000B40DC0D00209D14001071
:101BB00010B4054B054C064AA04214BF1846581CE9
:101BC0005DF8044BFFF7A4B86415012000800B40BA
:101BD000ACF003100346416A0A46986A596A8A4281
:101BE000FAD17047034B596A0A46986A596A91427A
:101BF000FAD1704700000B4010B4174A536A9C4654
:101C0000946A536A6345FAD1001959414FF00002B2
:101C100028BF01220346CAB10F4B596A4B1C08BFAB
:101C20000B4608D04FF0FF310B460B48426A8A4200
:101C3000FCD38A4207D1084A02E0506A884202D1A6
:101C4000906A9842F9D35DF8044B7047024A526A91
:101C50009142EAD8EDE700BF00000B40074A536A03
:101C60009942FCD8994207D1044B02E05A6A91424A
:101C700002D19A6A9042F9D8704700BF00000B4029
:101C8000F8B5044606200D4600F0F8F8C300B3FB93
:101C9000F5F30133DA0908D04FF6FE718A421AD9FA
:101CA00000224FF6FF711B4D01E0402501216162CA
:101CB000A262266BF30715D42346002253F82C1F8B
:101CC000062003F580531A60266300F0D7F88000E1
:101CD000B0FBF5F0F8BDC3F34503114603EB8215E5
:101CE0001A46E4E740F2013204F540531A63636A8E
:101CF000A76A062007EB831700F0C0F8064BBF0267
:101D0000A3FB0030C00A0021B7FBF0F0FFF774FF1F
:101D1000D2E700BFC0FF3F00757B2B8F38B504466C
:101D200006200D4600F0AAF860B3174A17489442FF
:101D300014BF4FF080624FF00062154B15490260EE
:101D40001A608B6832EA0303FBD10F4B4FF48070AB
:101D5000E31AB3FA83F3104A5B0922F81300294609
:101D60002046FFF78DFF234640F20135032153F84B
:101D70002C2F82F0700202F07E0203F580531A606D
:101D80002563A16438BD00BF0080074000200240E9
:101D90000030024000000240581A012000EB400CC5
:101DA0004FEA8C0C0CF1804C2DE9F0410CF5803C95
:101DB000069D9046DCF80420041FAA42E4B238BF16
:101DC000CCF80450012C2AD94FF4006E254E0CF5A6
:101DD0004052C2F800E056F82020AAB9DCF80020F2
:101DE0000CF5805782EA481202F0E002012C3A60BA
:101DF00029D94FF4006246F820300CF500531A60E0
:101E0000CCF80450BDE8F0817769B7FBF2FE0EF123
:101E1000010E0EEB4E0EBEF1030EFCD2DEE70129E1
:101E2000D2D103240CF540521460DCF80820D2070C
:101E3000FBD5DCF800200CF5805782EA481202F04E
:101E4000E002084E3A600122DCF800404C4004F009
:101E500003043C6002FA01F1DCF808200A42FBD0DE
:101E6000C7E700BF6815012010B54FF4803482B079
:101E70000094FFF793FF02B010BD00BF014B53F871
:101E8000200070476815012070B4039D04682D037D
:101E900045EA03451B4B002CB3FBF1F3B2FBF3F611
:101EA0001FDB194A194B904214BF4FF480424FF484
:101EB0000042174C1A6003F580531A60A36832EA97
:101EC0000303FBD1212200F54053043301608660F7
:101ED0001A600268002AFCDA0822C5601A6070BC29
:101EE0007047036803F03F038B42DAD18368C3F382
:101EF0000B03B342D5D1C36803F4EE23AB42D0D178
:101F0000EDE700BF001BB700008005400020024045
:101F10000000024030B44FF080441C4B1C60E0B124
:101F20001B4CA3F54053DC611A4C40F001004440C7
:101F30001C62596298624FF080454FF0E061134B8C
:101F40001548164C1D60846019604AB930BC4FF0CA
:101F50000042A3F580531A607047114BD861EAE73D
:101F60004FF47A7303FB02F2B2F1807F2ABF6FF065
:101F70007F4313461A464FF080410A4C08482360BD
:101F8000094B426030BC1960704700BF00B00D4083
:101F9000D3C007B02D3FF84F00A00140F3FFFF0171
:101FA00000800D40FC19012000A00D40012300EB32
:101FB0004000800000F1804000F584104160036023
:101FC000704700BF002370B5DB8A04460D4600222F
:101FD00042E800F2520254BF1021042144F2522080
:101FE000984786462B462246F446BDE870400A21B3
:101FF0004FF48170604700BF0023DB8A002242E873
:1020000000F2520201D4102118470421184700BFE2
:1020100008B503460846191E02DB1AB140F030002D
:10202000FFF7D0FF40F02000FAE700BF034AD2F8E4
:102030002838002BFBD0BFF35F8F704700000E40A5
:102040000021044B044ABFF35F8F43F8041B934203
:10205000F9D170470C080E402C080E4010B44FF414
:102060008D704FF42A64064A064B07491460D0600D
:1020700019605368002BFCDA5DF8044B704700BF11
:102080000080044000A0044000B0FA00704700BF88
:1020900008B50148FEF724FED0F0031038B5054C12
:1020A000054DAC4204D254F8043B9847AC42FAD3F5
:1020B00038BD00BFC8EF031008F0031010B4074884
:1020C000074C084B084A094904601A608B6832EAD9
:1020D0000303FBD15DF8044B704700BF00200240B2
:1020E0007F3BEFEF00300240F6FFF30300000240B9
:1020F000044BDB6CB3F5004F03D14FF48022024B4D
:10210000DA64704700001150002011504FF0E022B7
:10211000044BD2F8881D0B43C2F8883D10EE300402
:10212000704700BF030330006FF06041044B054A65
:1021300019609368DB4333F06043FAD1704700BF06
:10214000003002400000024010B545F25320FFF776
:1021500053FFBDE8104003460420184710B545F270
:102160005320FFF749FFBDE8104003460120184700
:10217000FEF75EBE70B50D490D4D0E4E6D1AAC10DA
:10218000442C224628BF4422304692003CF0AEFC4C
:10219000B5F5867F07D82B1F074A33440134442CFA
:1021A00043F8042FFAD1054B9E6070BD000000106B
:1021B00010010010000000201101001000ED00E0EF
:1021C000002370B52B4C82B0C4F88430FFF746FF73
:1021D0000122294BDA63636C012BFCD10321264ACF
:1021E000244B11639C6B012CFCD102260525214652
:1021F0000523224A22480096FFF746FE21462B4639
:10220000204A21480095FFF73FFE00220420314676
:102210001E4BFFF729FE2146284600221C4BFFF7E4
:1022200023FE0022082011461A4BFFF71DFE002254
:1022300009201146174BFFF717FE00220620114612
:10224000134BFFF711FE0022114B07201146FFF739
:102250000BFE0420FFF712FE00240F4BA3FB0035FA
:10226000AD0CE0B229460134FFF7A0FE062CF8D1F0
:1022700002B070BD0000014000300140002F6859DD
:1022800000000540008C864700800540001BB70019
:1022900080D1F008006CDC0283DE1B433CF07AB98D
:1022A000FFF7FCBF00B9704700F020B910B5094B2B
:1022B00084B01C684CB1034600914FF0FF3203A973
:1022C0000548A047012004B010BD00F01FF92046CA
:1022D00004B010BDF8190120A522001000BEFDE7D2
:1022E000074A0346106838B1064903448B428CBF45
:1022F0004FF0FF3013607047034908461160F3E761
:10230000F415012000000820A81A012008B5FFF7E5
:10231000E5FF00BF38B5064C064DFFF7BFFEAC42E7
:1023200004D254F8043B9847AC42FAD338BD00BFFE
:1023300008F0031018F00310036808461146184708
:10234000437D2DE9F04780460F461646002B43D0CB
:10235000002A32DD00244D1EA14606E06A780A2AD2
:102360002DD0B44205F1010514D0214601340029D5
:10237000F4D13B780A2BF4D198F81430002BF0D12B
:1023800002211948D8F800309847B442A14605F117
:102390000105EAD14E4506DDD8F80030A6EB09016B
:1023A00007EB09009847374417F8013CA3F10D03E8
:1023B000B3FA83F35B0988F81430BDE8F0872A7814
:1023C0000D2ACED08945DBDAD8F80030A1EB09011F
:1023D00007EB09009847D3E73846D8F80030114694
:1023E000BDE8F047184700BFD4FC03102DE9F04FBB
:1023F00083B00D4691461C460746FFF7F3FB4FF0AE
:10240000FF3C6FF00046254A821841F100039445D5
:1024100076EB03013CBF6246334621483CF0C8FDE1
:102420006B1C82462DD04CB3DFF880801D4B1C689E
:10243000ECB14FF00A0B1C4E01E02469BCB12368DB
:10244000002BFAD033680BB1A342F6D12A463946A5
:102450002046C047B9F1000FEFD0204601220DF110
:1024600007018DF807B0C0472469002CE7D1BAF105
:10247000000F0BD1284603B0BDE8F08FDFF83080A5
:10248000D4E738463CF0A8FB0546CCE704483CF0CE
:1024900083FD284603B0BDE8F08F00BF40420F0027
:1024A0003C140020E4150120F01501204123001008
:1024B00039230010084A136823B90AE003F1100217
:1024C0001B6933B18342F9D129B9186910601961C8
:1024D000704701B110607047E415012008B500F0A5
:1024E000FDF800F033FB012008BD00BF012310B54B
:1024F000044682B0002219460DF107008DF807400E
:10250000FFF774FF204602B010BD00BF38B5044687
:102510003CF062FB012305461A4620462946FFF798
:1025200065FF054B1C682CB1636803B198472469AB
:10253000002CF9D1284638BDE4150120B1F1000C7A
:102540001DDD0F4A0F4B126830B5D31AB3FA83F36F
:102550000D240D4D5B09411E35F913E08C4411F833
:10256000010F864506D093699B06FCD46145106037
:10257000F5D130BD93699D06FCD41460F3E7704734
:102580005C1A012000800740581A0120224BB1F14B
:10259000000C10B41C682EDD034600201F4A591E93
:1025A00012689369DB0617D401309369DB06FCD40B
:1025B0001368844501F8013FF3D14CB15021134613
:1025C000916353F8342F02F0380203F580531A60F8
:1025D00060465DF8044B70474CB15021134691633F
:1025E00053F8342F02F0380203F580531A6078B1A3
:1025F0005DF8044B70475CB1084B50211A681346D4
:10260000916353F8342F02F0380203F580531A60B7
:102610006FF00200DDE700BF501501205C1A0120B9
:10262000054B1B6833B10021044A05481268006855
:1026300091631847704700BF501501205C1A0120B4
:1026400058150120024B1A6893691B07FCD4704788
:102650005C1A0120F8B51C4F1C4D3A681C4EAA426A
:1026600014BF212522250446D6F800C018B1BCF1BC
:10267000000F10D0F8BDBCF1000FFBD001469063F5
:102680002846FEF7F1FB28461249FEF753FD124B90
:1026900034601C60F8BD0B460F4A0E493060284676
:1026A0001360FEF723FC01212846FEF7DDFB3A68A4
:1026B00050211346916353F8342F02F0380203F58A
:1026C00080531A60F8BD00BF5C1A012000800740EB
:1026D00050150120212600105815012010B50E4973
:1026E0000E4C0F480F4A104B007821600020022149
:1026F00012781B78FEF7B2FA02210120FEF7AEFA3B
:102700004FF4E1312068FFF709FBBDE810400121DB
:102710000648FFF7CFBE00BF000007405C1A01204B
:10272000382305103423051030230510F40D002044
:10273000704700BF0022014B1A707047A41A012095
:102740004B79FF2B0BD1887948B9CB79012B07D175
:10275000082A05D9034B8A7809201A70704700208F
:10276000704700BFA41A012001207047012901D041
:102770000120704708B5104B91881B78994201D011
:10278000002008BD5378012B08D0022BF8D100217E
:1027900064220846FFF7BEFB012008BD5188CB0527
:1027A00048BF480AC1F3402258BF4FF0FF3001F044
:1027B0007F01FFF72DFC00BFA41A012000487047DD
:1027C000BCFD0310012907D15378012B02D1938856
:1027D000072B03D000207047012070471146A62325
:1027E000014A01F0D7B900BF14FD031003460122CE
:1027F00001481A70704700BFF4FC031008B50B685D
:10280000B3F5966F00D008BD00224FF0FF3011469F
:10281000FFF7FEFB024A034B10601960704700BFD0
:10282000541501205C150120184B70B51A68002A58
:1028300028D0EFF3108172B6D2E8CF4F0120002CE0
:10284000FAD1C2E8440F002CF6D1BFF35F8F00220B
:102850000F4C186859602270C0E88F2F81F31088E0
:10286000002400250B4E3078FEF714FB20B900241D
:1028700000252046294670BD3078FEF71BFB204618
:10288000294670BD4FF47A740025EBE71C1A01202D
:10289000A61A0120A51A0120014B1878FEF70ABBE1
:1028A000A51A012038B5044600200D4601F058FA5B
:1028B000A8B3002001F06AFA88B3FFF793F94FF04C
:1028C000FF3E6FF0004C174A821841F10003964515
:1028D0007CEB03013CBF7246634613483CF068FB47
:1028E000E8B1002001F03CFA58B900214FF0FF3068
:1028F00000F080FC6FF002040B483CF04DFB2046DA
:1029000038BD002001F042FA0028EED021462A46C8
:10291000002001F045FA04460028EDD1EAE76FF007
:102920000204ECE740420F00501A012008B5FFF7FF
:1029300059F94FF0FF3E6FF0004C0F4A821841F1F9
:10294000000396457CEB03013CBF724663460B488F
:102950003CF02EFB70B14FF0FF30002100F04AFC3C
:10296000002001F035FA0028F5D1BDE80840034801
:102970003CF012BB08BD00BF40420F00501A0120BE
:102980002DE9F84380460F46FFF72CF94FF0FF354D
:102990006FF00044334A821841F10003954274EB12
:1029A00003013CBF2A4623462F483CF001FB08B9EF
:1029B000BDE8F883002001F0D3F9002847D0002FAC
:1029C00040DD0025DFF8A890284E13E022460020C5
:1029D00001F044FA002104464FF0FF3000F00AFCF9
:1029E000002001F0F5F9FFF7FDF8C9E900012544E1
:1029F000AF4227DD002001F051FA7C1B8442A8BFC2
:102A0000044608EB0501002CE0D121464FF0FF30D1
:102A100000F0F0FB204601F0DBF9204601F0A0F9C0
:102A200080B1204601F03AFA0028E1D1FFF7DAF848
:102A3000D9F80030D9F804209B1942F100028342F2
:102A40008A41D5D20848BDE8F8433CF0A5BA002039
:102A50000021074BC3E90001BDE8F84302483CF000
:102A60009BBA00BF40420F00501A012020A107006E
:102A7000C815002030B5002185B02E483CF09CFAE6
:102A8000F0B92D4B1A68CAB1EFF3108172B6D2E8D3
:102A9000CF5F0124002DFAD1C2E8454F002DF6D1B9
:102AA000BFF35F8F254C1D6822785960D3B2012295
:102AB0002270C5E88F0F81F31088CBB105B030BD0F
:102AC00000214FF0FF3000F095FB002001F05EF98F
:102AD000044618483CF060FA002CEFD0184B1B68F5
:102AE000002BEBD0174A106805B0BDE830401847FE
:102AF000FEF7B6FE0446FFF775F84FF0FF3C6FF0A7
:102B0000004510F57A7241F10003944575EB03011D
:102B100038BF2B464FF000014FF0010520460A4C0C
:102B200038BF6246CDE901150094FEF701FF05B0FC
:102B300030BD00BF501A01201C1A0120A61A012026
:102B4000541501205C150120292800104FF0504336
:102B500030B585B01C68FEF783FEFEF749FFA04242
:102B600002D0002005B030BD00212A4B08461B785A
:102B700001F052FC28480368002B47D00120FEF7E3
:102B800027FC0346254C2649C0B22370FEF7AEF958
:102B900020780121FEF768F90E20FEF797F940BB77
:102BA000204B0125C3E90000FEF75AFE0446FFF75B
:102BB00019F84FF0FF3E6FF0004C10F57A7241F1BA
:102BC000000396457CEB03014FF000012046164CB4
:102BD0003CBF72466346CDE901150094FEF7A8FE9E
:102BE0000028BEDB01211148FFF764FC012005B07D
:102BF00030BD0120FEF704F901460A48FEF746FC05
:102C000000220E200A49FEF7A1F9EBE7FEF722FCAD
:102C1000B4E700BF3C230510501A0120A51A01207B
:102C2000752A00101C1A0120292800100C0E002003
:102C3000992800100048704758FE0310004870475C
:102C400004FE031038B5184B04461A780AB344B989
:102C500040F209424FF44173144D6A8013482B80AF
:102C600038BD052C1DD8124B104D53F824102846A2
:102C70000023013903E0132B20F8022F0ED011F8A6
:102C8000012F0133DBB2002AF5D15B0043F440731E
:102C9000E4E71121184600F027F8D8E74FF44A730B
:102CA000DCE7002038BD00BF601A0120901501202C
:102CB000ECFD031000B545F247308BB0FFF79CF9EF
:102CC00001220346092101A89847064A05AB03A83B
:102CD00013F8011D834202F8011FF9D10BB05DF812
:102CE00004FB00BF431A0120012924D010B501F1D3
:102CF000FF3E0021114C00F1FF3CCA434B08E35C4E
:102D000002F001029200134103F00F021346092A58
:102D100001F10101D4BF3033373371450CF8013F65
:102D200005D01029E9D100231030037010BD002315
:102D30000844037010BD002303707047441A01203B
:102D4000F0B4002600F07F041B4D630003EBD013AA
:102D500005EB43139870C009DA7680F001021983FD
:102D6000DE705A70E300A8B9144A043305EB8411ED
:102D70009F188F609E503CB90023114A05EB40100C
:102D8000C2604360F0BC70470E4BE40023444B60CC
:102D9000F0BC7047094A05EB841113448B6242F87A
:102DA0003460002CE8D0E40004F1A04404F5801461
:102DB0004C62F0BC704700BFF81501208000105035
:102DC000000110500400105070B500F0F3F80C230F
:102DD0004026194CFF22A3670E201849FEF7B6F8CB
:102DE0003246002116483BF095FC01250023802146
:102DF0001348144A41844570068306878260436005
:102E0000136042F8043C80F8213080F83B30436284
:102E10000D4B4FF00056C360C362803B83623CF0B1
:102E2000A7F84FF480320949094B25642846E66427
:102E3000C4F89010DA6470BD0000115075030020D2
:102E4000F8150120840010500001105010D001002E
:102E50000020115001210E20FEF706B80022024882
:102E6000114600F0C7B800BF18160120044B1970B6
:102E700021B14FF40032034BC3F89020704700BFDC
:102E8000A11A0120002011500B785B0602D14B786B
:102E9000052B00D070474B88014ADBB213607047A6
:102EA00000001150CA7802F00302012A36D0F8B5AA
:102EB0008C78898804F07F052046C1F30A01FFF76A
:102EC0003FFF0DB90120F8BD174E6D0005EBD4137F
:102ED00006EB43131A8B1549DB7E3F32022B22F09F
:102EE0003F020B6808BF52001A44E4090A60104907
:102EF0002F1906EB47178A42FB6011D8254406EBD1
:102F00004515E97E83F0A04383F480136A6843EAA1
:102F1000816343F0004301201360F8BD0020704737
:102F2000FFF7B6F8FB68E9E7F8150120001A012061
:102F3000FF0F10503CF01CB88C4608B511460748EE
:102F40001A460CF07F034FEADC1C0CEB430C00EB41
:102F50004C1000F04FF8012008BD00BFF81501200B
:102F600011F07F0205D100290CBF02200120064B81
:102F70009866C909054B01EB420003EB40104FF482
:102F8000006200213CF010B800201150F81501201B
:102F900011F07F0300D17047002205485B0003EB6E
:102FA000D11300EB43106FF40061C2703BF0FCBF23
:102FB000F81501204FF0805209480A4908B50A4B1C
:102FC00002600A609968C94311F08051FAD14FF448
:102FD000805206483BF09EFB0922054B5A6708BD0C
:102FE000002002400030024000000240000010506B
:102FF0000000115000234FF0010C10B580F81AC0EA
:103000008282C382016104463BF0CAFF20B14FF4C3
:103010000032074BC3F8902020463BF0B5FF10B1BB
:103020000123237710BD2046BDE810403BF0A8BF28
:10303000002011502DE9F04100241D4E0546234685
:103040003278DFF878801B4F0DE03B6813EB4413B8
:1030500024D0DB682846984732780134E4B2511C0A
:10306000A142234606DBA242A3EB0203EDD808EB04
:103070004313EEE7542200210F483BF04BFB4FF087
:10308000FF330D482022041D4360C4E90133E3608F
:10309000FF21BDE8F04114303BF03CBB4FF0E02392
:1030A000D3F8F03DDB0700D500BEBDE8F08100BFDE
:1030B000A01A0120980F0120681101206CFE031056
:1030C000704700BF704700BF002070470020704766
:1030D000704700BF704700BF704700BF704700BF18
:1030E000024B5878003818BF012070476811012042
:1030F000024B1878C0F38000704700BF68110120B0
:103100002DE9F047DFF8E4A09AF80030FF2B56D104
:103110000E4600293ED000215422074629483BF0A4
:10312000F9FA0022284C294B20461A70FEF792F932
:10313000274B28481C60284CFEF79AF9204601F0DE
:1031400065FD264A264B146023B12648FFF74EFB47
:10315000254B18600024234D23462A78DFF89090F1
:10316000DFF884800EE0D8F8003013EB441311D060
:103170005B687BB198472A780134E4B2511CA142C4
:10318000234611DBA242EED89B1A09EB43135B687E
:10319000002BEFD14FF0E023D3F8F03DDB0700D553
:1031A00000BE0020BDE8F087314638468AF800703E
:1031B000FFF70AFE0028EDD03846FFF74BFE01204E
:1031C000BDE8F0876811012060110120A21A0120DA
:1031D000BC110120380E0020240E0020C011012057
:1031E000ED270010A01A0120980F0120400E0020AA
:1031F0006CFE03102DE9F04FDFF8C8928BB099F800
:103200000030FF2B00F0F180A84CA94DDFF8B0A2F0
:10321000DFF8B4B226687369EFF3108272B6D3E8B0
:10322000CF0F01210028FAD1C3E8401F0028F6D1B2
:10323000BFF35F8FB261304607A901F091FB002315
:103240007269C2E88F3FB36983F31088002800F0E9
:10325000CC809DF81D30013B072B00F27D83DFE819
:1032600003F0A7B1959D8E350A04089B002BD1D0A1
:1032700009989847CEE79DF8201001F07F0605EBEE
:10328000460000EBD11090F8343023F0010380F8B1
:10329000343090F8343023F0040380F83430002EBA
:1032A00000F0A680037D9AF80020934280F093807E
:1032B000804A126812EB431300F090809E699DF8DB
:1032C0002120099B9DF81C00B047A3E79BF8003024
:1032D000002B00F083809BF80030013BDBB28BF8C1
:1032E00000309BF8003003F0FF00002B92D1704FAC
:1032F0009DF81C803B7843F001033B7097F8343015
:1033000060F3000387F8343097F8343060F38203B9
:1033100087F8343097F8353060F3000387F835309C
:1033200097F8353060F3820387F8353000F06EFC93
:103330009DF8203003F06002602A6CD0402A7CD0D7
:1033400003F01F03012B00F0C180022B00F08180ED
:10335000002B60D1202A00F0E981002A5BD19DF882
:103360002130092B57D8DFE813F0B001A201560035
:10337000C101560095016B0156006001F4002B78E5
:10338000D9077FF547AFFFF7A9FE43E7EB78DA07E8
:103390007FF540AF0898FFF795FE3BE72B78D807FD
:1033A0007FF538AF2878C0F3C000FFF795FE31E70E
:1033B0009DF81C00FFF73EFE00F01EFC9DF820303B
:1033C000AB7027E79DF81C00FFF734FE00F014FCFB
:1033D000FFF780FE1EE7501C984211DA4FF0E02301
:1033E000D3F8F03DDC0700D500BE0BB0BDE8F08F90
:1033F000099B9DF821209DF81C0000F01BFC09E7AB
:103400009B1A2D4A02EB431358E7FFF717FC0246BD
:10341000002840F082814FF0E023D3F8F03DDE0732
:1034200000D500BE9DF81C000021FFF799FD80210A
:103430009DF81C00FFF794FDECE6204800F0E6FB49
:103440000121404608AAFFF7BDF900287FF4E2AE4B
:10345000E8E79DF8241011F0700FDCD101F07F0631
:1034600007EB4600164B00EBD1101B78007D760071
:10347000019698424FEAD116009659D35E1C8642B7
:10348000C0F26681C01A0C4B03EB4016002A00F014
:103490006381706900F0BAFB01214046736908AA94
:1034A000984700287FF4B6AEBCE700BFC0110120EA
:1034B00068110120980F01206CFE0310C527001031
:1034C000A01A0120400E0020A21A01209DF82430ED
:1034D0000F2BA7D8AE4A3B441B791278934232D3C4
:1034E000511C99429EDBAB4E9B1A06EB431670694A
:1034F00000F08CFB01214046736908AA9847002818
:103500007FF488AE9DF8203013F060068AD19DF8D4
:1035100021300A3B012B85D800F078FB9DF8213043
:103520000A2B00F0F281404608A900F019FB71E671
:10353000994B1B6803EB4016002A00F00D81002E0A
:103540003FF470AFA5E7944A166816EB4316CED148
:1035500068E77B789DF822609E4200F04F817B787F
:10356000002B40F0BE817E70002E00F04581701E61
:10357000C0B2FFF763FB0346002800F05F8142788A
:10358000022A40F05B81C17903F10906C1F34012C0
:103590001201C1F3801142EA41123146387820F01D
:1035A000300002433A705A88CDF80C809A18019284
:1035B000019B8B4240F2A4814A780B2A00F0AF8134
:1035C0000123042A40F03A810026019A0096521AFB
:1035D00092B202926E4A049312781DE06E4B1B6801
:1035E00013EB461800F02A81029AD8F8103003989D
:1035F0000591984708280246059906F1010303D969
:103600000298904280F0FF80DEB2614B00961A78FB
:10361000531C9E4200F31281009BB242A3EB0202B4
:10362000DCD85C4B03EB4218DEE77B7840468DF834
:103630001A300DF11A02012308A900F0ABFAE9E5EE
:10364000BDF82200030A013B020AC0B20E2B3FF66E
:10365000E9AE01A151F823F06D38001009370010D0
:10366000A938001025340010253400108B380010C4
:1036700009370010253400102534001025340010BF
:103680002534001025340010253400102534001096
:103690005F38001008A800F0BFFA40469DF82210DD
:1036A000FFF7DCFB3B7843F002033B70B2E5BDF86B
:1036B0002230012B7FF4B6AE3B78404623F008035E
:1036C00008A93B7000F04CFAA4E540463B789A0804
:1036D00002F00202C3F340131343ADF81A300DF1A8
:1036E0001A02022308A900F055FA93E5BDF822302A
:1036F000012B7FF497AE3B78404643F0080308A9BE
:103700003B7000F02DFA85E5022A3FF47EAEFFF70C
:10371000DDFC024600283FF485AE4046538808A9E8
:1037200000F038FA00287FF475AD7BE69DF8243070
:103730000F2B3FF677AE164A3B441B791278934223
:103740001DD2154A166816EB43167FF4A2AE69E641
:10375000002A7FF467AE00269DF8212002F0FD03C9
:10376000012B1BD0002A7FF456AE019B009A3B44EC
:10377000134493F834304046C3F34003ADE7511C83
:103780009942FFF64FAE034E9B1A06EB431680E6B6
:10379000A01A01206CFE0310980F0120BDF8223002
:1037A000B3B9012A99F8000000F08680FFF7D8FB32
:1037B000019B009A3B44134493F8342042F00202E8
:1037C00083F8342093F8342042F0010283F8342047
:1037D000002E3FF41FAD706900F018FA73690121E3
:1037E00008AA40469847002000F010FA97F83530B4
:1037F000DF073FF50FAD96E6FFF76CFC404608A9E2
:1038000000F0AEF906E5049B012B00F09E80002B32
:1038100000F08A80002091F8028005E08CF80460B6
:103820005FFA80FC9C457FD208EB000C57FA8CFCB9
:103830009CF804E00130BEF1FF0FEFD04FF0E02321
:10384000D3F8F03DDA0700D500BE4FF0E023D3F8FF
:10385000F03DDB0700D500BE00237B70E2E5FEF7FC
:10386000ADFF024600287FF458AFDBE5FFF7E2F931
:10387000024600283FF4CFAD4046122308A900F0CD
:1038800089F900287FF4C6ACCCE5FFF71DFC0246A1
:1038900000283FF4C7AD4046137808A900F07AF934
:1038A00000287FF4B7ACBDE5BDF82410FFF7CAF9D6
:1038B00002460028EFD1B5E50293FFF769FB019AB4
:1038C000009B3A441A4492F83410029B63F341017E
:1038D00082F8341092F8341063F3000182F8341047
:1038E00076E700214046FFF7C1FA4046FFF722FB8A
:1038F000BB7840460093FFF79DFB009BBB7032E610
:10390000DDF80C80FFF7E4FB78E74046012308A9C7
:103910000DF11A028DF81A6000F03CF97AE40A7889
:10392000CB7811444A784CE6334610480492029111
:1039300000F01AFE0E4B049A02991B781144009A6B
:1039400001339342BFF634AE78E7D8F810C0094887
:10395000844508BF02235DE74FF0E023D3F8F03D34
:10396000DB077FF557AC00BE54E400BF7C1101209B
:10397000A01A0120913F001038B58B7813F0700F1A
:1039800008D04FF0E023D3F8F03DDB0700D500BEB0
:10399000002038BD074A084B0C46084691781D7830
:1039A00000F0B2FD0028ECD021462846BDE83840A2
:1039B000FFF778BA68110120400E00202DE9F0478A
:1039C000DDE908895AB307460C461E4615464FF0F6
:1039D000000A16E0E17801F00301B14214D121465A
:1039E0003846FFF7C9FF78B1A3780AF1010ADA096E
:1039F00014BF89F8003088F800302378AA451C44A9
:103A00000DD06378052BE5D04FF0E023D3F8F03DDF
:103A1000DB0702D40020BDE8F08700BEFAE70120F2
:103A2000BDE8F0870B46064A06481168DA093432C9
:103A300003F07F0302EB4303184400F01FBD00BFF7
:103A4000BC110120681101200B46064A0648116886
:103A5000DA09343203F07F0302EB4303184400F029
:103A600037BD00BFBC1101206811012010B51948F5
:103A700001F07F0C00EB4C0000EBD11090F834C04B
:103A80001CF0010F08D04FF0E023D3F8F03DDA0727
:103A900000D500BE002010BD00F1300494F804C031
:103AA0000D484CF0010C007884F804C0FFF744FA8C
:103AB0000028F0D14FF0E021227960F3000222715A
:103AC000227960F382022271D1F8F03DDB07E1D563
:103AD00000BEDFE768110120400E00201E4910B52E
:103AE000B1F80CC0CA8991F900E0ACEB02039BB2BB
:103AF000402B28BF4023BEF1000F044682B00ADBF2
:103B000094454FF000011FD02046144A02B0BDE892
:103B10001040FFF7ABBF94450ED01A4689680F4896
:103B200001933AF0E3FF802120460C4A019B02B04A
:103B3000BDE81040FFF79ABF80210022204602B066
:103B4000BDE81040FFF792BF0A46204602B0BDE82C
:103B50001040FFF78BBF00BF28110120E8100120A3
:103B600030B50B4C8C46A6460546086849680023CC
:103B7000AEE803009CF800102846C943C4E90233AC
:103B8000BDE830401A4601F08001FFF76FBF00BF6B
:103B90002811012070B5174C0025A6468C46064614
:103BA00008684968E581AEE80300A260BCF80650E9
:103BB000AB4228BF2B46A3813DB103B18AB1304649
:103BC000FFF78CFF68B1012070BD9CF800102B46F8
:103BD000C9432A46304601F08001FFF747FF00281D
:103BE000F1D14FF0E023D3F8F03DDB0700D500BE64
:103BF000002070BD281101200022034BC3E90022E0
:103C0000C3E902221A61704728110120014B186193
:103C1000704700BF2811012030B40246044C002533
:103C2000234600685168C4E9025530BC03C370479D
:103C30002811012070B52B4CC90922780646B1EB3A
:103C4000D21F1D4614D043B14FF0E023D3F8F03D0E
:103C5000DB0700D500BE002070BD2146FFF714F938
:103C600023691BB12246032130469847012070BDCD
:103C700094F90030002B06DBA0680028EBD02A4620
:103C800019493AF033FFA268E3892A442B44A26021
:103C9000E2889BB29A42E38107D03F2D05D9304696
:103CA000FFF71CFF0028E1D1CEE7236923B10221F1
:103CB00030460C4A984760B121780023C94330460A
:103CC0001A4601F08001FFF7D1FE0028BCD0012088
:103CD000CDE701463046FFF743F980213046FFF734
:103CE0003FF9C3E728110120E81001202DE9F04138
:103CF0000446FFF7F5F908B9BDE8F081FFF7F8F9D8
:103D000005460028F8D1C82304FB03F3124EF71828
:103D1000F9780029F0D010331E44304600F00EFE32
:103D20003F28E9D92846F978FFF77CFE0028E3D040
:103D3000304600F003FE3F28F97808D9074A2846A4
:103D400002EBC4124023BDE8F041FFF78FBE2846C6
:103D5000BDE8F041FFF778BE201001209C0F012044
:103D600010B50446FFF7BCF908B9002010BDFFF7F5
:103D7000BFF90028F9D1C822034B02FB043318799C
:103D800000F0010010BD00BF20100120C82208B5BE
:103D9000024B02FB003000F0B7FD08BD30100120DF
:103DA00010B54FF6FF7E72454FF0C80C28BF724623
:103DB000064B044692B20CFB003000F0F9FD0346BE
:103DC00020461C46FFF792FF204610BD3010012010
:103DD0002DE9F0410446FFF783F910B90020BDE852
:103DE000F081FFF785F905460028F7D1C82604FBC6
:103DF00006F6DFF8648006F124074744384600F0F1
:103E000083FD0028EAD0B044284698F80210FFF756
:103E100009FE0028E2D00F4E384606EBC4163146A4
:103E2000402200F0C5FD98F80210044668B1034630
:103E300032462846FFF71AFE50B94FF0E023D3F878
:103E4000F03DDB07CAD500BEC8E7FFF7FDFDC5E7BB
:103E50002046C4E7DC0F01202010012038B54FF6C2
:103E6000FF75C823AA4228BF2A460B4C92B203FB17
:103E700000440546204600F01BFE034620461C4633
:103E800000F042FD3F2801D8204638BD2846FFF704
:103E90009FFF204638BD00BF44100120C82208B54E
:103EA000024B02FB003000F049FD08BD4410012028
:103EB000F0B5002483B0C822002117483AF02AFC4C
:103EC000FF234FF4E1310822144804701248009493
:103ED000074643718160827300F13801012340225B
:103EE000103000F0E1FC0123402207F1780100933B
:103EF00007F1B80607F1240000F0D6FC07F1C00571
:103F00003046FDF7A7FA2846FDF7A4FAC7E90746A9
:103F1000C7E90C5403B0F0BD201001201C10012093
:103F2000074A116A106B11B100230121D36110B14E
:103F30000023C2E90C3309B100231362012070474A
:103F400020100120002210B50E4C0F48237802608B
:103F50000271DA0707D59B070BD5BDE81040012198
:103F60000A4800F06FBE103000F050FE23789B0727
:103F7000F3D4064800F04AFEBDE810400121034892
:103F800000F060BE1C100120201001204410012010
:103F9000F0B54B7983B0022B02D18B79022B03D081
:103FA0000025284603B0F0BD254FBB783BB14FF04C
:103FB000E023D3F8F03DDB07F2D500BEF0E78B78C5
:103FC00006463B700B780925CC186178242907D068
:103FD00014E023781C4461782B4424299DB20DD130
:103FE0009542F6D96378042B02D163790A2B14D059
:103FF0000020FFF77BFE284603B0F0BD0529F1D174
:1040000021463046FFF7B8FC0028D0D0A3787B705B
:1040100023781D44ADB21C44E4E70A4B2778019392
:1040200001330093022330461A46E119FFF7C6FC1C
:104030000028BCD00E3517FA85F5ADB2D8E700BF21
:104040002010012022100120137803F06003202BA0
:1040500008D170B5264C938894F800C09C4503D0D5
:10406000002070BD002070475378203B032BF7D809
:10407000DFE803F027230D0201292ED003291ED1EA
:104080001C4BE3B100205188AFF3008017E00129F9
:1040900023D0032913D15588174805F0010686F06F
:1040A0000101257100F0CEFD144B43B131460020D3
:1040B000C5F34002AFF3008001E0012911D00120D7
:1040C00070BD01290DD00329F9D10D4B002BF6D07D
:1040D00000200C49FEF792FBF1E71146FFF740FD87
:1040E000EDE711460723074AFFF754FDE7E700BF56
:1040F00020100120000000004410012000000000FA
:10410000FD270010281001202DE9F843354E0C46FC
:10411000F27807468A421D463DD0B3788B4212D0D2
:104120004FF0E023D3F8F03DDB0732D40020BDE8A8
:10413000F8832D4B23B12D4800F0F6FB00284DD01D
:104140000020FFF7D3FDB378A34201D00120EEE7B2
:10415000274B13B10020AFF300800020FFF738FE9B
:104160000028F3D1234800F0CFFB0028EED1002D2A
:10417000ECD015F03F05E9D13846B178FFF752FC95
:104180000028E3D02B462A463846B178FFF76EFC6C
:10419000DCE700BECAE79AB2174906F1100000F04A
:1041A00087FC164B002BC4D07379FF2BC1D0002D98
:1041B000BFD0DFF8448008EB050902E0C845B8D05D
:1041C000737918F8012B9A42F8D1084800F0ACFB3B
:1041D0000028F3D17179AFF30080EFE7AFF30080EF
:1041E000AEE700BF201001200000000030100120C9
:1041F00000000000441001209C0F0120000000007E
:10420000F0B54FF4137285B0002112483AF082FAEB
:10421000402600234FF480750E4F0F4C07F5A67211
:104220001946CDE90246009201951A4607F59470A9
:1042300000F0C6F90023384607F128013444009104
:1042400001221946CDE902460195043000F0B8F983
:1042500005B0F0BD041301208412012008B5054803
:1042600000F0DAF9034BA3F5927000F0D5F90120C4
:1042700008BD00BF2C14012038B50025064C04F5FC
:104280009870257000F0C2FC04F10C0000F0BEFC38
:1042900084F82951657138BD041301202DE9F843D4
:1042A0004B79FF2B51D1354E96F82931002B4CD14B
:1042B00096F80580B8F1000F47D18B780C783370F1
:1042C0000B790F460C44ABB38146A51803E0A54219
:1042D00030D923781C446378052BF8D1AC4229D21D
:1042E00021464846FFF748FB40B3A378DB092FD1AE
:1042F000234800F08BFCA37896F8282186F8293112
:10430000A3884846C3F30A03A3F50073B3FA83F303
:104310005B0963F341021B4986F8282100F0EAF9A2
:1043200060B123783A7908F101081C445FFA88F3F8
:104330009A42D0D8E11B88B2BDE8F8834FF0E02361
:10434000D3F8F03DDB0700D500BE0020BDE8F883C0
:104350000D4800F05BFCA37832797371A3880B4998
:10436000C3F30A03A3F50073B3FA83F35B0963F3A2
:1043700041020020327100F085F9D2E704130120D8
:10438000341401202C1401201013012008130120E3
:1043900070B51B4C064694F829C11D468C4511D0BA
:1043A00063798B4201D0002070BD164B1BB10020F9
:1043B000A9B2AFF300803046134900F063F9C8B1E9
:1043C000012070BDB4F8343163B9104B23B1002023
:1043D0000F49AAB2AFF3008030460E4900F08AF9C7
:1043E0000120EEE7D4F82C11AAB204F5987000F081
:1043F0005FFBEAE72A463046034900F00FF9DFE7A2
:104400000413012000000000081301200000000038
:10441000841201202C14012010B582B0C9B10128EA
:104420000CD80B7853B1144C012B235402D001202B
:1044300002B010BDFEF764FE0028F8D14FF0E02373
:10444000D3F8F03DDB0702D4002002B010BD00BE5F
:10445000FAE70124084601A9ADF80440FEF750FE32
:1044600038B94FF0E023D3F8F03DDA07EDD500BEC0
:10447000EBE7014B1C70E8E75C110120F8B503780D
:1044800013F001041AD1037805465A07C3F38007D5
:1044900001D52046F8BD0E464FF0FF3130463AF0C8
:1044A0006BFD2B7813F001040BD12B785B0709D43B
:1044B0002B78012443F004032B7003E000242046F2
:1044C000F8BD3C4630463AF067FD2046F8BD00BFD7
:1044D00070B50C4605464FF0FF3120463AF04CFDD2
:1044E0002B78C3F380065B0708D52B7813F0010304
:1044F00011BF00262A7863F382022A7020463AF020
:104500004BFD304670BD00BFC378828803F00300C6
:104510000228C2F30A0215D003280AD001281CD1B0
:10452000022940F2FF3308BF4FF4806393420DD35A
:104530007047022914BF40234FF48063934205D390
:104540000120704702290AD0402AF9D94FF0E02310
:10455000D3F8F03DDB0700D500BE00207047B2F570
:10456000007FEDD0F2E700BF0A44914205D37047C7
:1045700091F800C061448A4220D991F801C0BCF191
:10458000050FF5D100B591F802C00CF07F0E00EBDD
:104590004E0E4FEADC1C0EF80C3091F800C061445E
:1045A0008A4209D991F801C0BCF1050FEBD091F80E
:1045B00000C061448A42F5D85DF804FB704700BF33
:1045C0002DE9F0418E4682B0009390F800C0089E1D
:1045D000BDF824706EF3000C0446154601233146E5
:1045E0003A4600F808CBBDF82C8000F05DF906B122
:1045F0003FB901200A9BA4F80280636002B0BDE8C5
:10460000F08104F11C063046FCF724FF0DB135465D
:104610000026C4E90556ECE701207047F8B50646C8
:10462000084610F8083B0C4613F0020F0CBF402759
:104630004FF40077154600F067F930B92DB1013F0E
:104640002F4202D12378DA0701D50020F8BD304689
:104650006178FFF7E7F90028F7D0237813F001031A
:1046600007D04FF0E023D3F8F03DDB07EDD500BED7
:10467000EBE71A4630466178FFF7F8F90028F0D0EA
:10468000F8BD00BF70B501F10805064628460C4686
:1046900000F03AF910B12378DA0701D5002070BD97
:1046A00030466178FFF7BEF90028F7D028466288C7
:1046B000616800F07DF92378054603F0010340B1FD
:1046C00073B14FF0E023D3F8F03DDB07E6D500BE31
:1046D000E4E7002BE2D130466178FFF7B5F9DDE77A
:1046E0000346626830466178FFF7C0F90028E8D0D9
:1046F000284670BD8A89F8B50C4605460B781AB96C
:10470000DE0732D50020F8BD01F1080713F0020FD3
:1047100038460CBF40264FF4007600F00FF9864271
:10472000F0D82378DA07EDD428466178FFF77AF9D4
:104730000028E7D0384600F001F92378864203F0DC
:1047400001032FD8CBB976426388304080B29842BB
:1047500028BF18466178064658B362683346284633
:10476000FFF784F948B13046F8BD4978FFF75AF9A8
:104770000028C7D02378D90707D54FF0E023D3F816
:10478000F03DDB07BED500BEBCE7638861783BB176
:1047900062682846FFF76AF90028EED06088F8BD05
:1047A0001A46F6E7002BADD128466178FFF74CF9A1
:1047B000A8E70246D2E700BF10B58646D41ABEF875
:1047C00004C0A4B29A423CBF04EB4C04A4B2084615
:1047D000E4B1A4450CD2944594BFA2EB0C02624410
:1047E00093B29C45AEF80A3004D8A3EB0C039BB2FD
:1047F0009C45FAD9BEF80620DEF80010C2F30E027E
:1048000002FB03113AF072F9012010BD204610BDE1
:104810002DE9F047BDF8204085881E1BB6B2A342A3
:104820003CBF06EB4506B6B207468846DEB1B54248
:1048300031D3964228BF1646A54203D8641BA4B2C2
:10484000A542FBD9B7F806902B1B39689BB2C9F378
:104850000E029E42914602FB041107D8404606FB19
:1048600002F23AF043F93046BDE8F08713FB02F359
:104870001FFA83FA524640463AF038F9731BE218A1
:1048800012FB09F2396808EB0A0092B23AF02EF9ED
:104890003046BDE8F0879D4294BF5B1B5B199CB21C
:1048A0002E464481C5E700BF2DE9F041B2F5004F27
:1048B0009DF8188024D80446C06817460E461D4649
:1048C00018B14FF0FF313AF057FB206918B14FF0A3
:1048D000FF313AF051FB0022C5F30E03E06843EAD2
:1048E000C83362812660A780E380228108B13AF054
:1048F00053FB206908B13AF04FFB0120BDE8F0817D
:104900000020BDE8F08100BF038942899BB292B2CA
:104910008088934236BFC2EB40029B1A9B189BB221
:10492000984228BF184670470289438990B29BB2CB
:10493000C01AB0FA80F04009704700BF038942896D
:104940009BB2808892B2934236BFC2EB40029B1A60
:104950009B189BB2984286BFC01A80B20020704755
:1049600038B5044600690D4618B14FF0FF313AF0F2
:1049700003FB2289638929469BB292B22046FFF746
:104980001BFF6289A18892B283189BB29A420546A6
:104990004FEA410209D8B3EB410F06DA206963817F
:1049A00008B13AF0F9FA284638BD9B1A9BB2F5E7F0
:1049B00070B5044600690D46164682B018B14FF036
:1049C000FF313AF0D9FA23896089294680B232460C
:1049D00000909BB22046FFF71BFF6289A18892B22C
:1049E00083189BB29A4205464FEA41020AD8B3EBBC
:1049F000410F07DA2069638108B13AF0CDFA284601
:104A000002B070BD9B1A9BB2F4E700BFF8B5044634
:104A1000C0680E4618B14FF0FF313AF0ADFA258963
:104A2000238961899BB289B2A2888B4236BFC1EBD0
:104A300042015B1A5B189BB29A42ADB208D8E77983
:104A4000FF0905D1E06808B13AF0A6FA3846F8BD8A
:104A5000954228BF2B4618D39B1A9BB29342FBD298
:104A6000E2882068C2F30E0202FB030031463AF0EE
:104A70003DF86B1C9BB29D42A28812D900235100C5
:104A80005B1A9BB201272381DCE7E2882068C2F32E
:104A90000E0205FB020031463AF028F80135A288E3
:104AA000ABB2B3EB420F4FEA4201EBDBE8E700BFEA
:104AB0002DE9F04F174683B0002A75D00646C0682E
:104AC000894618B14FF0FF313AF056FAF379B6F84B
:104AD00008807289DB09B5881FFA88F892B23CD148
:104AE000904536BFC2EB4502A8EB0202424492B2A7
:104AF000AA425ED2AA1A92B2BA4228BF3A46B6F881
:104B000006B097B27B1B08EB070ACBF30E0B9BB2E8
:104B10001FFA8AFAA845444603D3641BA4B2AC42E8
:104B2000FBD22D1B3068ADB2BD420BFB040057D346
:104B300049460BFB07F239F0D9FFB288D0454FEA5E
:104B4000420302D8BAEB420F03DBAAEB03031FFABE
:104B500083FA3D46A6F808A02CE0B6F806B0AF42AE
:104B6000CBF30E0B2FD2904536BFC2EB4501A8EB1D
:104B70000201414489B2680039447B1B81429BB2E7
:104B80000DDB02EB050A1FFA8AFAAAEB07081FFAE7
:104B900088F8424537D9A8EB00001FFA80F807EBE8
:104BA000080A1FFA8AFAB5E71546284603B0BDE899
:104BB000F08F0025F0680028F7D03AF0EDF928468C
:104BC00003B0BDE8F08F002DF4D07F1B02EB050A87
:104BD0000BFB079990462F4600231FFA8AFA99E7A4
:104BE00015FB0BF5ADB22A464946019339F07EFF1D
:104BF000019B3068E21812FB0BF209EB050192B23F
:104C000039F074FF99E7404584DCC4E710B50446E9
:104C1000C06818B14FF0FF313AF0AEF9206918B111
:104C20004FF0FF313AF0A8F90023E0686381238157
:104C300008B13AF0B1F9206908B13AF0ADF90120B4
:104C400010BD00BF38B50446C0680D4618B14FF01E
:104C5000FF313AF091F9206918B14FF0FF313AF085
:104C60008BF9E379E06865F3C713E37108B13AF0B3
:104C700093F9206908B13AF08FF9012038BD00BFDF
:104C80002DE9F04706464FF0020906200D46FDF7D4
:104C9000F5F831464C4651F8047F4FEAD55E6A027A
:104CA00001F5405A4FF000081346F4462740CAF871
:104CB000009007E0D31804F102044EEB0C0CB4F59D
:104CC000807F03D0984278EB0C09F3D24FF48073C5
:104CD000C4EB042201E0012B1AD0B0FBF2FCAC457E
:104CE0009E46A2EB040203F1FF33F4D90EFB04FE4F
:104CF0001B023461326801F50051534003F47F43D5
:104D000006F580563360B0FBFEF00F60BDE8F0871B
:104D1000A6460023EDE700BF174AF8B5904214BF3E
:104D20004FF400224FF480220546144E144B154CCC
:104D300032601A60A36832EA0303FBD12846FFF70A
:104D40009FFF2B460226032753F8044F05F5005119
:104D500003F5405216602A6803F5005382F00702FB
:104D600005F5805C344002F0CF02CCF800201C60D6
:104D70004F621E60F8BD00BF0000084000200240E6
:104D800000300240000002402DE9F04FA5B0064679
:104D900014F0B8FC0546304614F0B0FC122D044661
:104DA00007D0152D18D0182D00F0A88025B0BDE82B
:104DB000F08F304614F0AAFC03780546022BF5D09C
:104DC00017220021204606F0CBFB0646002800F003
:104DD000668102232B70E9E7304614F0FDFD04AE36
:104DE000074630460DF0C2F834220021204606F076
:104DF000B7FB28B19DF8333043F001038DF8333011
:104E000032460021204601F07DF96922002120462A
:104E100006F0A6FB6A2205460021204606F0A0FB0C
:104E2000002182B208464FF00008ABB2A58A0DF10E
:104E30004809ED1A65F30F01258B2B4463F30F002E
:104E4000E38A02AD9B1A63F31F41638B02911A44FC
:104E500062F31F4039460390484601F09DFCD24B57
:104E60001A214A46204613931696CDF85080CDF865
:104E70007C80159514F008FC17224146204606F068
:104E80006FFB10B1BDF9103063B92A463146384680
:104E90000DF092F84A461B21204614F0F5FB25B090
:104EA000BDE8F08F2A4631463846DDF820B0CDF80F
:104EB00020800DF081F8182011F022FC824604F1C8
:104EC00014014346BDF910200CF0E8FC504604F5EF
:104ED00090710BF0C5FEBBF1000FDBD02A463146C6
:104EE0003846CDF820B08DF813808DF832808DF8DB
:104EF0003A808DF846800DF05FF8CBE7304614F02D
:104F00006BFD02AD2A4607466946204605F094FF30
:104F100068460FF0D5FC20B928460FF0D1FC0028D8
:104F20005AD004AE30460DF021F821224FF48031E2
:104F3000204606F015FBC0B202288DF8130000F2DF
:104F4000358131224FF48031204606F009FBC0B292
:104F500002288DF8320000F2178145224FF480318B
:104F6000204606F0FDFAC0B202288DF8460000F295
:104F700026814FF48031204607F0D0FCFC289DF8B4
:104F8000131040F2BE809DF846309DF832200A434F
:104F90001A4321D00B224FF48031204606F0E0FA6C
:104FA0000DF14809ADF810003946484601F0F4FB10
:104FB000022314934FF480331F937B4B684616965D
:104FC00013930FF07DFC002840F0228128460FF05B
:104FD00077FC002840F0B88017220021204606F018
:104FE000BFFA002840F0C28034220021204606F09B
:104FF000B7FA00283FF4DAAE00260DF11009484652
:105000000CF0B4FF4A46314620468DF813608DF807
:105010002A608DF83A608DF8466001F073F83146E9
:105020006922204606F09CFA804631466A222046D4
:1050300006F096FA31463246B4F814C01FFA88F3E7
:10504000ACEB030C6CF30F01B4F818C080B26344EE
:1050500063F30F02E38A1B1A63F31F41638B029110
:10506000184460F31F42394612A8039201F094FBE2
:10507000012314934C4B12AA1A2120461393CDE915
:1050800015591F9614F000FB2A46494638460CF085
:1050900093FF1B21204612AA14F0F6FA86E6014679
:1050A0000B22204606F05CFA692231460FFA80F89E
:1050B000204606F055FA07466A223146204606F099
:1050C0004FFAB446BBB2374681B2A08A4246C01AF4
:1050D00060F30F0C208B034463F30F07E38A6868C7
:1050E0005B1A63F31F4C638BCDF848C0194461F31E
:1050F0001F4712A913970FF065FE98B901232B7073
:1051000054E611FB00F10B1210FB03F3C1F307216E
:10511000C3F307231A468DF813108DF832308DF83B
:10512000463034E721223146204606F019FAC0B253
:10513000FC28E3D960223146204606F011FAC3B2BA
:10514000FC2BDBD92E7031E64A461A2120461595F4
:1051500014F09AFA31462A46384615950CF02CFF81
:105160004A461B21204614F08FFA35E704F590706B
:105170000BF042FE064600283FF436AF0BF0DEFE91
:10518000304611F075FB2FE732224FF48031204674
:1051900006F0E6F900B20028ADF830001EDC00236E
:1051A0008DF83230D9E600BFACFE031020224FF458
:1051B0008031204606F0D4F9ADF81400C1E6402253
:1051C0004FF48031204606F0CBF900B20028ADF84C
:1051D0003E000CDC00238DF84630CAE630224FF446
:1051E0008031204606F0BCF9ADF82E00B5E643222A
:1051F0004FF48031204606F0B3F94422ADF8440064
:105200004FF48031204606F0ABF9ADF83C00B0E633
:105210004A461A212046CDF854D014F035FA6A4691
:10522000314638460CF0C8FE4A461B21204614F091
:105230002BFACBE610B50C46084614F07FFA002096
:1052400006F088F90021144A204606F091FC01205E
:1052500006F080F9002120460FF0A0F8A368CBB13A
:105260009A6822B1204614F0BDFEA36893B1186875
:1052700020B111F09BF90022A3681A60D86820B110
:1052800011F094F90022A368DA60184611F08EF943
:105290000023A36010BD00BFFFFF0F002DE9F04108
:1052A0004E680C462EB3304604F0C6FC0746304626
:1052B00003F0F6FF1022002180463046F58A06F002
:1052C0004FF92B18A3EB08039BB25A1EE3826283AB
:1052D000002112223046B58A06F042F94BF67633A9
:1052E0000544E81B80B2421EA0822283E361BDE830
:1052F000F08141F67603E361BDE8F0812DE9F04FDE
:10530000B0F820B08BB08B4508D00A4601840C461B
:105310005946064607F07AF9814610B90BB0BDE848
:10532000F08F4FF4207011F0EBF94FF420710490DE
:1053300011F0CEFD738C13F47C7F5ED00025E34327
:10534000CDE908B9A846A14605930396039E4FEA06
:10535000C50AF76807EBC504606820F07F4007F0D6
:10536000C5FAF36802905344586820F07F4007F074
:10537000BFFA029B059A834613421CD1E37913F0CE
:10538000020318D14FF6FF7057F835209188166840
:105390008142D27948D072B1012A00F0C88006EB70
:1053A000820131F8020BC0F30D07672F00F0CE80A9
:1053B00001339A42F5D1039B01355B8CC3F305138E
:1053C0009D42C3D34C46DDF820B0039EDDF8249007
:1053D000B8F1000F11D0049D08EB880805EB880890
:1053E000686807F085FA0095014623465A4630461C
:1053F000143507F03FF8A845F2D1049811F038FAB7
:10540000B9F1010F00F0B080B9F1030F00F0B280E4
:10541000B9F1020F82D1304602F04AFA30460BB0A1
:10542000BDE8F04F01F0CCB9002AC4D0304603E00B
:10543000934200F10800BED036F833100133C1F3B7
:105440000D07672FF4D10A04B5D44B0479D446680C
:1054500032681388002B00F09780B8F1000F7DD1DF
:10546000C2461046D6E9037C049B08EB880123F86A
:10547000217003EB8101A1F802C00388B0680AF132
:10548000020A0B81636832F80A20C8607068C3F3AF
:10549000170308F101084B60086182B3B8F1200FCF
:1054A0002DD05746CDE906544FF0000A3D46049CE6
:1054B000574602E00137474534D0D4F804A01434ED
:1054C000504607F013FA02465046924607F010FA8B
:1054D000326834F80CCC515B02EB050E8C45E9D1F7
:1054E0008345E7D1029B5345E4D8BA46C24570468E
:1054F0002F4652D00237D35B002BD5D1069D039B9C
:1055000001355B8CC3F30513AB427FF65BAFB8F19B
:10551000200F7FF41BAF4C46DDF820B0039EDDF872
:10552000249058E7AA467046079C069D9AE7C1F367
:105530000D03672B7FF43FAF0A043FF53CAF4B04EC
:1055400086D5672011F068FF064681E707043FF51E
:1055500032AF4104F5D456F8236079E74FF0000AE2
:10556000CDE9065457469FE730460BB0BDE8F04FF3
:1055700002F09EB94FF6FF724FF4702130460BB027
:10558000BDE8F04F06F0BCB9039B01355B8CC3F35B
:105590000513AB423FF6DAAE14E7BA46DDE906542E
:1055A00060E700BFF0B5084685B00D4614F0AAF8D4
:1055B0000446284614F0A4F8631E0446292B4BD851
:1055C000DFE813F09B004A00A5004A004A004A00A9
:1055D0004A000E012F01AB004A004A00C200E5005C
:1055E00006014A004A004C0052004A004C004A00A2
:1055F0004A004C004A004A004A004A004A004A0059
:105600004A004A004A005C004A0080004A004A0002
:105610004A004A002A008B000922002105F0A0FF61
:105620000A2205460021204605F09AFF80B208B9FB
:10563000EDB215B1204601F0D9FA204608F080F805
:10564000064648B10025A3681B6853F825000135BC
:1056500001F0CCFAAE42F6D105B0F0BD284605B057
:10566000BDE8F040FFF790BB002101F02BF80146A8
:10567000284605B0BDE8F04014F0CCB90122002165
:1056800005F06EFF042200210646204605F068FF63
:10569000092200210746204605F062FF0A22002168
:1056A0000546204605F05CFF80B248B9EDB23DB931
:1056B00042F2D17336B29E4202D03FB29F42CBD16A
:1056C000204605E090F8223043F0020380F82230B3
:1056D00005B0BDE8F04001F089BA08F031F806469F
:1056E0000028B9D00025A3681B6853F825000135B0
:1056F00001F07CFAAE42F6D1AEE7038C43F0200114
:105700009942A9D0204605B0BDE8F040F6E5018CED
:105710008F06A1D521F02001F4E7018C4B0600F1A2
:105720008780204603F090FD022895D169462046E7
:1057300002AA05F081FB6946204602F09BF820464C
:1057400002A902F097F887E7C3691E077CD403F427
:105750000163B3F5016F7FF47FAF00F0B3FC002865
:105760007FF47AAF204604F067FA0646204604F03C
:1057700077FA034628461D4613F0C8FF0378113B0D
:10578000032B3FF669AFDFE803F08F7BB99CC36959
:10579000590565D4A06800B1806814F0EDFD064697
:1057A00014F09CFE002800F0CC8014F09DFE02282E
:1057B00048D004280CBF06210221238C1943002E57
:1057C00000F0B28041F0080199423FF445AF99E7FB
:1057D000018C11F00E0F3FF43FAF21F00E0191E765
:1057E000018C8A0629D4284614F0E6F814F05CFFF0
:1057F00000287FF431AFE3691B077FF52DAF238CC1
:1058000013F0010F33D143F0010102D12046FFF71D
:1058100075FD00221C21204605B0BDE8F04013F0C4
:1058200033BF038C43F040018B423FF415AF69E76F
:1058300021F04001FFF762FD73E721F02001FFF73F
:105840005DFDD0E70621B8E7284613F05FFF027838
:10585000A2F11103032B78D8DFE803F00C060C0645
:10586000012105F0C9F995E7238CDA07D1D523F09A
:105870000101CBE7238CD80743F00101C9D4C5E768
:10588000204603F005FD0546204601F0C9FA031E37
:10589000B8BF033305EBA3010022204609B205B0CF
:1058A000BDE8F04005F046B8204603F0F1FC05469F
:1058B000204601F0B5FA031E00DA0333A5EBA3017D
:1058C000EAE7204603F0C8FC8007EDD0002E01DC9B
:1058D000002DE9DD204603F0D3FC0546204601F00B
:1058E00099FA031EB8BF0333A5EBA301002220469B
:1058F00009B205B0BDE8F04004F0FABE204603F05E
:10590000ABFC8707BCD0002E01DC002DB8DD2046A3
:1059100003F0B6FC0546204601F07CFA031EB8BF32
:10592000033305EBA301E1E78B4203D02046FFF7E9
:10593000E5FC218C0A077FF58FAE21F0080189B2C2
:10594000E0E6284614F038F82FE70A2A3FF484AE40
:105950005FE700BF002800F024812DE9F04FD0F868
:10596000049095B0B9F1000F00F013814FF00008DA
:105970000368A3F1040A5AF8043F8B4200F00D813A
:105980009B68002B00F000815D68002D00F0FC801A
:105990001B682E46043B002457461D468C46CDF816
:1059A000009055F8043F9C4500F0F7809A68002A63
:1059B00000F0E2805368002B00F0DE801268019650
:1059C000043A1E463B46174662464FF00009A4467D
:1059D000144657F8041F8C4200F0DF8088680028C6
:1059E00000F0C0804168002900F0BC800068CDE96B
:1059F0000286A0F1040EF34604954FF0000A4D46CE
:105A000088469946E6465BF8040F844200F0C5805C
:105A10008068002800F09A804268002A00F0968092
:105A20000368CDE907AB043B0026294693469A4616
:105A3000CDE905875AF8040F844200F0AE808068F3
:105A400000287AD04268002A77D003680027043BF8
:105A50008C4690461D46CDF8249055F8040F84429C
:105A600000F09B808068002861D04268002A5ED0E8
:105A70000368CDE90AB8043B0C974FF00009B04623
:105A8000174629469B465BF8040F844200F0858048
:105A90008068002841D04268002A3ED00368CDE9E2
:105AA0000DEC043BBC46CDF844B00025C3461F4670
:105AB00090462646CDE90FA957F8040F86426CD0D0
:105AC0008068E0B14268D2B103681297043B0F4688
:105AD0000024314692469946664659F8040F8142A1
:105AE0005BD080681391FFF735FF0134002855D152
:105AF000A2451399F1D1B4460E463946129F01359D
:105B0000A845D9D13446DDE90FA9D8466746DDF866
:105B100034E0DDF838C0DDF844B009F101094F4543
:105B2000B1D10D46DDF828B04646DDE90B870137D7
:105B3000B84592D16146DDF824900136B3457FF433
:105B400079AF0D46DDE90587DDE907AB0AF1010A0A
:105B5000D0457FF458AFF4464B46DDF80880A9469F
:105B6000039E049D09F101094E457FF432AF1F46A3
:105B7000234664469C46019E0134A6427FF411AF41
:105B8000BA466146DDF8009008F10108C1457FF48E
:105B9000F2AE002015B0BDE8F08F012015B0BDE8D1
:105BA000F08F7047014B1878704700BFD015002068
:105BB00010B5124C237803B110BD10F0C1FC11F0E8
:105BC00029FD0FF091FE0EF083FB14F025F909F08A
:105BD000DFF905F0B9FC4FF4B471094810F0BEF9D3
:105BE0005C21084810F0BAF907F050FE0DF044F9B6
:105BF0000DF040FA0123237010BD00BFD015002026
:105C00002C1600203816002008B510F047F90020A7
:105C10000EF084F810F0A2FC0022014B1A7008BDAF
:105C2000D0150020014610B5034800F059F904468C
:105C300000F0CAF9204610BDACFE0310F0B50D46C9
:105C400085B0044600F0B8FFE907064627D4E369AB
:105C50002B43E361204600F0AFFFB04206D115F0C0
:105C6000C07F03D1EB060BD405B0F0BD204607F092
:105C700053FD00F0BBFF204600F0B8FFEB06F3D564
:105C800002AA6946204605F0D7F86946204601F089
:105C9000F1FD204602A901F0EDFD05B0F0BD204662
:105CA00001F006FEE369228C2B439207E361D1D514
:105CB000A368002BCED09F68002FCBD0384614F0BD
:105CC000A9FA384614F04AFB0028C3D001F0F0FDD1
:105CD000C0E700BF70B50D4684B0044600F06CFF0D
:105CE000EA06064628D4E36923EA0503E361EB07E5
:105CF00011D4204600F060FFB04202D115F0C07F01
:105D000007D0204607F008FD04B0BDE8704000F061
:105D10006DBF04B070BD204601F0CAFD204600F002
:105D20004BFF0028E5D0204607F0F6FC00F05EFFB0
:105D3000204600F05BFFDCE76946204602AA05F03A
:105D40007BF86946204601F095FD204602A901F046
:105D500091FDC8E7038C43EA010231EA030300D155
:105D600070471146FFF7CABA038C194223EA0102B1
:105D700000D170471146FFF7C1BA00BFC36999430C
:105D80000CBF012000207047C3691940081E18BFCE
:105D900001207047008C7047038C1940081E18BF03
:105DA00001207047806800B180687047836803B144
:105DB00070470B4A10B55368044601331C205360EA
:105DC00010F0DCFBA06050B11C2111F081F8A2683A
:105DD000138B43F4706343F00303138310BDFEE79A
:105DE000D015002020B10068401AB0FA80F04009B8
:105DF000704700BF006810B904E0006818B1814224
:105E0000FBD1012070477047006870472DE9F84FBB
:105E1000834600200EF066F8804648B3D8F8247018
:105E200007B30025D8F80C60043E56F8043F5B45E4
:105E300020D09B689BB15C688CB14FF000091B6857
:105E4000A3F1040A5AF8043F9B4513D059469868B9
:105E5000FFF780FD09F1010968B94C45F2D1013520
:105E6000BD42E2D140460EF03DF880460028D5D133
:105E7000002000E00120BDE8F88F00BF2DE9F041CF
:105E8000056804462E680EB33768CFB1D7F8008096
:105E90000760B8F1000F0DD0D8F8003013B10360DF
:105EA000FFF7ECFFD8F80430C4F8008013B1404687
:105EB000214698477B68276013B1384621469847AA
:105EC0007368266013B12146304698476B68256099
:105ED00023B121462846BDE8F0411847BDE8F081CE
:105EE000F8B507460E46054650B10346354C01E06D
:105EF0001B682BB19A6914EA0205F9D0C2F30F1599
:105F0000284610F03BFB044648B3294610F0E0FF5A
:105F1000C4E9007636B3B568002D46D0286880B154
:105F2000696801316960890010F056FBB268286029
:105F3000D2E9002303F18043013B204642F823408D
:105F4000F8BD042010F01AFB0122B368286019681C
:105F500020460C605A60F8BD204610F027FB002454
:105F60002046F8BD0DF0E0FE05460028F4D0C068DC
:105F700000B3696A01316962890010F02DFB6B6A18
:105F8000E86003F18043013B40F8234000252846A8
:105F900065610DF0CFFE0346013B238328460DF0DB
:105FA000DBFE431E63832046F8BD3046FFF7FEFE4E
:105FB000B568B3E7042010F0E1FA0123E86004605B
:105FC0006B62E3E7F0FF0F002DE9F041044600F0BB
:105FD0000DFE002005F0BEFA204608F035FF2568CA
:105FE0002E6816B33768D7B1D7F800802760B8F1AC
:105FF000000F0ED0D8F800301BB120462360FFF709
:106000003DFFD8F80430C4F8008013B14046214663
:1060100098477B68276013B13846214698477368D4
:10602000266013B12146304698476B68256013B14E
:10603000214628469847012005F08CFA4FF6FF725A
:106040004FF47021204605F05BFC204600F07AFFFB
:1060500013F084FF50B1226812B907E012682AB128
:10606000137E13F00C03F9D0042B14D0204607F054
:1060700053FB054668B12246222113F005FB224658
:106080002846232113F000FB2046BDE8F04101F033
:106090000FBCBDE8F081214614F01CF8E6E700BF14
:1060A00010B50446006805E0214698472368186843
:1060B00030B120608368002BF6D100680028F8D149
:1060C00010BD00BF006810B90BE0006840B1037E4E
:1060D00013F00303F9D0A3F10100B0FA80F04009F6
:1060E00070477047006810B90BE0006840B1037E4C
:1060F00013F00C03F9D0A3F10400B0FA80F04009CA
:1061000070477047F8B506460D46144606F006FC83
:1061100007468DB1022809D80023E370A37684F8DE
:10612000223084F82A3084F83630F8BD68222946B7
:10613000304605F015FAA0700B222946304605F0CE
:106140000FFAE3782080002B43D1322229463046D3
:1061500005F006FA00B2208420B194F82230002B1A
:1061600040F0D48035222946304605F0F9F900B2D6
:10617000E08420B194F82A30002B40F0E980A37E1F
:10618000002B40F08F8094F83630002B55D1FC2F37
:10619000CBD8E278A37E12FB07F213FB07F31212AF
:1061A0001B1294F82210E270A37694F82A2094F837
:1061B000363011FB07F112FB07F213FB07F309124C
:1061C00012121B1284F8221084F82A2084F8363028
:1061D000F8BD21222946304605F0C2F9C0B2022896
:1061E000E070B2D920222946304605F0B9F9294697
:1061F0000246304606F0EEF92622A08029463046B7
:1062000005F0AEF918B1437A5A0740F0BE80232258
:106210002946304605F0A4F9E37B60F30203E373FB
:106220005B0740F0B88027222946304605F098F9F0
:10623000E37B60F3C503E37387E7402229463046DA
:1062400005F08EF900B2E0850028A0D094F8363031
:10625000022B9CD945222946304605F081F9C0B26F
:10626000022884F8360092D941222946304605F0AA
:1062700077F9422229462086304605F071F94322FB
:1062800029466086304605F06BF944222946A086EF
:10629000304605F065F929460246304606F09AF97F
:1062A000A08574E728222946304605F059F9206177
:1062B00000283FF468AF29222946304605F050F9FE
:1062C000C0B20228A0767FF65EAF206909F016F80A
:1062D000022800F083802A222946304605F040F942
:1062E00029460246304606F075F92B2229462083BE
:1062F000304605F035F92C22E0762946304605F087
:106300002FF9003818BF012020773CE731222946B9
:10631000304605F025F9C0B2022884F822007FF645
:1063200021AF33222946304605F01AF994F823307C
:10633000302260F34503294684F82330304605F0C7
:106340000FF929460246304606F044F9E08309E792
:1063500037222946304605F003F9C0B2022884F8F6
:106360002A007FF60CAF38222946304605F0F8F8AF
:10637000362229462085304605F0F2F829460246A5
:10638000304606F027F9A084F9E601460A22A01D4E
:1063900010F0FAFAD9E620222946304605F0E0F856
:1063A00029460246304606F015F922222946E080A9
:1063B000304605F0D5F829460246304606F00AF97F
:1063C000242229466081304605F0CAF82522207231
:1063D0002946304605F0C4F8207324E757222946A1
:1063E000304605F0BDF8552229466061304605F07B
:1063F000B7F829460246304606F0ECF82083C2E69C
:1064000070B51446562206460D4605F0A9F8C3B2EB
:10641000022BA37600D870BD2946304606F07EFADE
:10642000022838D9FC28A37E04D810FB03F3C3F359
:106430000723A376022BEED955222946304605F0D4
:106440008FF829460246304606F0C4F858222946FD
:10645000A081304605F084F859222946A0823046B2
:1064600005F07EF85A2260822946304605F078F819
:10647000A37F60F30203A37785B9572229463046EC
:1064800005F06EF803465B2229463046236005F08E
:1064900067F8207770BD0023A37670BD6822294677
:1064A000304605F05DF8A37F60F3C503A377E4E70A
:1064B00070B51446462205460E4605F051F8C3B2A3
:1064C000022BE37200D870BD3146284606F026FA4A
:1064D000022848D9FC28E37A04D810FB03F3C3F35D
:1064E0000723E372022BEED94FF080732360B5F8D7
:1064F00018C0B5F814E06B8B0CF1010CACEB0E0C72
:10650000B5F816E00133A3EB0E03CCF3C03E0EFA50
:106510008CFC4FEA6C0CA4F804C0C3F3C03C0CFA2A
:1065200083F35B10482231462846E38005F018F8D3
:10653000C0B2A07258B9002EC5D068223146284694
:1065400005F00EF8237B60F30303237370BD47222D
:106550003146284605F004F831460246284606F042
:1065600039F82081E7E70023E37270BD70B5144667
:106570004E2206460D4604F0F3FFC3B2022B2372EF
:1065800000D870BD2946304606F0C8F902283FD928
:10659000FC28237A04D810FB03F3C3F307232372E8
:1065A000022BEED949222946304604F0D9FF00B229
:1065B00060800028E5D04D222946304604F0D0FF07
:1065C00029460246304606F005F84A222080294630
:1065D000304604F0C5FF00B2A080E0B94C22294645
:1065E000304604F0BDFF003818BF0120637A60F325
:1065F000820360F3C3036372002DC2D06822294670
:10660000304604F0ADFF637A60F30103637270BD3E
:106610000023237270BD4B222946304604F0A0FFB0
:10662000E080DBE770B51446502206460D4604F0C4
:1066300097FF00B2608000B970BD532229463046F2
:1066400004F08EFFC3B2022B2373F5D929463046DE
:1066500006F064F9022832D9FC28237B04D810FB09
:1066600003F3C3F307232373022BE5D952222946F0
:10667000304604F075FF29460246304605F0AAFF71
:10668000542229462080304604F06AFF5122A0603F
:106690002946304604F064FF003818BF0120637BB0
:1066A00060F382036373002DC6D06822294630460A
:1066B00004F056FF637B60F30103637370BD002336
:1066C000237370BDF8B5402204460D4604F048FF20
:1066D00006B2F6B9002635222946204604F040FFCE
:1066E00007B2002F44D129466922204604F038FF22
:1066F00003466A22294620461CB204F031FF00B24C
:10670000A042B8BF20460028C4BF801906B2304658
:10671000F8BD45222946204604F022FFC0B20228D7
:10672000D8D943222946204604F01AFF06EBD67634
:1067300001304122294600EB6606204604F010FF96
:10674000422207B22946204604F00AFF002F03B276
:10675000B8BF7F42002BB8BF5B42B6B2BFB29BB29C
:10676000BB422CBFF618F61936B226EAE676B2E737
:1067700037222946204604F0F3FEC0B20228B2D9DF
:1067800038222946204604F0EBFE07FA80F0B0429A
:10679000B8BF304606B2A6E738B50D4604464821D4
:1067A00010F096FB256038BD43688B4201D0002075
:1067B00070478068801AB0FA80F04009704700BFC7
:1067C00030B58568044683B00DB1B5F91650002385
:1067D000132120460DF10602ADF8063012F054FFE9
:1067E000BDF90630AB4204D1A3688BB1DD8203B0A2
:1067F00030BD204601F05CF8A268BDF9063042B118
:10680000D3829D42F3D0204601F052F803B030BD50
:106810002B46002BF5D02046FFF7C8FABDF906300D
:10682000A268EDE7806808B1B0F91600704700BFB4
:10683000806808B1807E8009704700BF2DE9F04371
:106840000E4683B0002117466E22044604F088FEEF
:106850006D2205460021204604F082FE0FFA85F8DD
:106860000FFA80F9B8F1000F02D1B9F5807F27D077
:106870006F220021204604F073FE7022ADF8040060
:106880000021204604F06CFEBDF904C003B20CF4F4
:10689000C042B2F5005F3AD003F4C042B2F5005FE7
:1068A0001BD0A28A9444E28AADF804C01344ADF828
:1068B000063047B94A464146304601AB0EF0A6FCC9
:1068C00003B0BDE8F0834FF4803393FBF9F36D42DE
:1068D0000FFA85F80FFA83F9ECE723F4C042B2F51A
:1068E000FA6FDEDC638BE18A0133B2F57A7FA3EBCA
:1068F0000103C8BFC2F57A721BB202FB03F3134A4D
:1069000082FB0312DB17C3EB62131BB2C9E72CF443
:10691000C042B2F5FA6FBFDCB4F818C0A18A0CF11E
:10692000010CB2F57A7FACEB010CC8BFC2F57A72EC
:106930000FFA8CFC02FB0CFC044A82FB0C124FEA9F
:10694000EC7CCCEB621C0FFA8CFCA5E71F85EB51AD
:1069500070B582B00D4616460023072101AA0446F1
:1069600005F02EFD012815D020B900222946204629
:1069700006F032F800230821204601AA05F020FD88
:1069800001280BD020B900223146204606F02AF813
:1069900002B070BD019BAB42E7D1EBE7019BB34274
:1069A000F1D102B070BD00BF30B583B00C460023FA
:1069B000072101AA054605F003FD012807D020B9EB
:1069C00000222146284606F007F803B030BD019B9F
:1069D000A342F5D103B030BD30B583B00C460023DF
:1069E000082101AA054605F0EBFC012807D020B9D3
:1069F00000222146284605F0F5FF03B030BD019B7B
:106A0000A342F5D103B030BD70B582B00D46164635
:106A10000023012101AA044605F0D2FC012815D06B
:106A200020B900222946204605F0B2FF00230421A8
:106A3000204601AA05F0C4FC01280BD020B9002291
:106A40003146204605F0B6FF02B070BD019BAB4257
:106A5000E7D1EBE7019BB342F1D102B070BD00BFBB
:106A600030B583B00C460023012101AA054605F08C
:106A7000A7FC012807D020B900222146284605F0AE
:106A800087FF03B030BD019BA342F5D103B030BDF9
:106A900030B583B00C460023042101AA054605F059
:106AA0008FFC012807D020B900222146284605F096
:106AB00081FF03B030BD019BA342F5D103B030BDCF
:106AC000F0B5122283B00E460021054604F048FDC1
:106AD000132200210446284604F042FD3222002100
:106AE0000746284604F03CFD3C4404EB40040023E8
:106AF0000121284601AA05F063FC3444012824B290
:106B000007D020B900222146284605F041FF03B0F6
:106B1000F0BD019BA342F5D103B0F0BDF0B510224A
:106B200083B00E460021054604F01AFD1122002113
:106B30000446284604F014FD322200210746284668
:106B400004F00EFD04213C4404EB400400232846DD
:106B50000DEB010205F034FC3444012824B207D0C7
:106B600020B900222146284605F024FF03B0F0BDDD
:106B7000019BA342F5D103B0F0BD00BF10B50446A0
:106B8000002289B206F082F994F82230204643F0C0
:106B9000010384F8223006F091FD90F8222042F0A3
:106BA000040280F8222006F091FD406818B1BDE88B
:106BB000104010F083BE10BD38B50B490546FFF7F5
:106BC000E3F808B1002038BD0446284606F0A4FDCD
:106BD0000028F7D00A22214604F0C2FC80B2003817
:106BE00018BF012038BD00BF0100060090F8222028
:106BF00008B542F0010280F8222006F05FFD90F80F
:106C0000222042F0040280F8222006F05FFD406856
:106C100018B1BDE8084010F051BE08BDF8B50C4EE3
:106C20000C4631680B4F013131600546C9003868A8
:106C30000FF0D2FC386050B10346306800F10052CA
:106C4000013A43F8325003EBC2035C60F8BDFEE743
:106C5000D815002080160020002205F0C9BE00BF14
:106C600070B5044682B0154600221E4605F0C0FEEF
:106C700000230721204601AA05F0A2FB012815D018
:106C800020B900222946204605F0A6FE002308214F
:106C9000204601AA05F094FB01280BD020B9002260
:106CA0003146204605F09EFE02B070BD019BAB420E
:106CB000E7D1EBE7019BB342F1D102B070BD00BF59
:106CC000426983690A604B60704700BF2DE9F0415B
:106CD000044606F021FDB4F91460B0B10546B0F8E1
:106CE000148002F0CDFA122200210746284604F053
:106CF00037FC322204460021284604F031FC0444CB
:106D0000341BA4EB0804E01906B23046BDE8F0815C
:106D10002DE9F843074606F0FFFCBC8AF0B10646B1
:106D2000B0F8149002F0ACFA1222002180463046EE
:106D300004F016FC322205460021304604F010FC17
:106D40000544651BA5EB09054544BA8AACB23B8BEB
:106D50000133E018801A00B2BDE8F8832246F6E756
:106D60002DE9F041044606F0D7FCB4F91660B0B145
:106D70000546B0F8168002F08BFA10220021074673
:106D8000284604F0EDFB322204460021284604F098
:106D9000E7FB0444341BA4EB0804E01906B23046B8
:106DA000BDE8F0812DE9F843074606F0B5FCFC8A02
:106DB000F0B10646B0F8169002F06AFA10220021EF
:106DC0008046304604F0CCFB322205460021304696
:106DD00004F0C6FB0544651BA5EB09054544FA8A8A
:106DE000ACB27B8B0133E018801A00B2BDE8F883A7
:106DF0002246F6E70722002108B504F0B1FB00B2F5
:106E000008BD00BF0822002108B504F0A9FB00B2AC
:106E100008BD00BF038B828A581C801A00B27047DD
:106E2000438BC28A581C801A00B2704770B5122278
:106E30000021054604F094FB132204460021284655
:106E400004F08EFB064632220021284604F088FB1F
:106E500034442A8BC4F10104AB8AA4EB40001044F3
:106E6000C01A00B270BD00BF70B5102200210546E7
:106E700004F076FB112204460021284604F070FB42
:106E8000064632220021284604F06AFB34446A8B0D
:106E9000C4F10104EB8AA4EB40001044C01A00B214
:106EA00070BD00BF38B532220C460021054604F003
:106EB00057FBAB696969424212B2636020462160A8
:106EC00011460DF00DFD12220021284604F048FB6A
:106ED00023881322184400212080284604F040FB18
:106EE000A38810221B1A0021A380284604F038FB37
:106EF00063881122034463800021284604F030FB9C
:106F0000E3881B1AE38038BD00B5064B83B02C2103
:106F100001AA019312F0B8FBBDF9040003B05DF8BB
:106F200004FB00BF000001E04EF2010300B583B096
:106F30002C2101AA019312F0A7FBBDF9060003B0B2
:106F40005DF804FB38B501220021044604F008FB7B
:106F5000042205460021204604F002FB42F2D173D0
:106F60002DB29D4204D000B2984201D0002038BD1D
:106F700094F82230204643F0010384F8223006F0D2
:106F80009DFB90F8222042F0040280F8222006F0B7
:106F90009DFB406808B110F091FC012038BD00BF96
:106FA0002DE9F04F9DB08246CDE908120C9306F012
:106FB000C7FB002800F0BF814FF000080646454699
:106FC000DAF808301B6853F825400C9B3BB14FF4AE
:106FD00080212046FEF7D2FE002840F0A881002341
:106FE0001A46B4F814E0278BBDF820B0B4F816C0E8
:106FF000618BBDF82480DE445F44C44441446EF399
:107000000F0367F30F026CF31F4361F31F42204627
:107010006361A26106F094FB002800F088810027DC
:10702000CDE91065CDE9120A0023A268126852F872
:107030002760328BB6F814C00BEB020E1A46F58AA5
:10704000718BDC4441446CF30F036EF30F02454433
:1070500065F31F4361F31F4230467361B26106F06E
:107060006FFB0A90002800F059810023BA4606936E
:1070700014940023B2680699126852F82140228BBA
:10708000A78A0BEB020C1A46E58A618B5F444144E8
:107090006CF30F02454467F30F0365F31F4361F37D
:1070A0001F4220466361A26106F04AFB0B90002854
:1070B00000F02B8100255746C246A0462C460023EF
:1070C000D8F80820126852F82490B9F81820B9F8B6
:1070D00014C00BEB020E1A46B9F81650B9F81A1084
:1070E000DC4451446CF30F036EF30F02554465F317
:1070F0001F4361F31F424846C9F81430C9F81820ED
:1071000006F01EFB0390002800F0F8800025CDE972
:107110001564CDF814902C463E46D146CDF85C80DF
:107120000023059A9268126852F824701A46B7F83C
:1071300014E03D8BB7F816C0798BDE445D44CC4437
:1071400049446EF30F0365F30F026CF31F4361F3C1
:107150001F4238467B61BA6106F0F2FA002800F05F
:10716000C2800023CA460546D946A34600930023A1
:10717000BA680099126852F821401A46B4F814808F
:10718000B4F818C0B4F816E0618BC844CC44D644B7
:10719000514468F30F036CF30F026EF31F4361F366
:1071A0001F4220466361A26106F0CAFA002800F07F
:1071B00091800023CDE91A750746CDE918B60793EB
:1071C0000023A2680799126852F82180B8F81820A5
:1071D000B8F8146009EB020C1A46B8F81650B8F863
:1071E0001A104E4451446CF30F02554466F30F03DA
:1071F00065F31F4361F31F424046C8F81430C8F8D6
:10720000182006F09DFA0490002859D00026A346C5
:107210003D460023D8F80820126852F826401A4646
:10722000B4F814E0278BB4F816C0618BCE444F44F9
:10723000D44451446EF30F0367F30F026CF31F4302
:1072400061F31F4220466361A26106F079FA0028CB
:1072500030D00027CDE901404FF0000E019BF446ED
:107260009B681B6853F827007346828A01374A449B
:107270001446028B64F30F0E09EB0201C28A0E91D1
:1072800052440D920D9C428B64F31F4E0AEB020197
:107290000E9C0F9164F30F0C0F9CC0F814E064F384
:1072A0001F4CC0F818C0DDE90812FFF779FE029BF9
:1072B000BB42D1D1049B0136B342AAD15C462F46D2
:1072C000079B01339F4207937FF47AAFDDE918B63D
:1072D000DDE91A75009B01339D4200937FF447AFAF
:1072E0005C46CB46D146039B0134A3427FF418AFE2
:1072F000CA463746169C159EDDF85C800B9B013410
:10730000A3427FF4DCAED046BA46069B0A9A01330C
:107310009A4206937FF4ADAE5746149C129B0137F8
:10732000BB427FF481AEDDE91065DDF84CA001358C
:10733000AE427FF445AE1DB0BDE8F08F00284AD0C4
:107340002DE9F0410D4617461E460446FFF770FA38
:107350008046A6B902281DD037B9BDE8F0810022C9
:1073600029462046FFF76AFA204606F0D5F904467A
:107370000028F2D0FFF75CFA0228F5D1EFE78FB9C9
:10738000B8F1020FE9D129462046BDE8F0410122BB
:10739000FFF754BA324629462046FFF74FFA002F2E
:1073A000DBD0E1E7204606F0B7F906460028E7D033
:1073B000FFF73EFA0746304606F0AEF901232946AC
:1073C0001A46FFF7BBFF022FDAD1012230462946C9
:1073D000FFF734FAD4E770472DE9F0471D46B1F9BD
:1073E000003084B0ADF80030ADF80430B1F90230AF
:1073F0000E46ADF80230ADF80A30B1F90630ADF8FE
:107400000630ADF80E30B1F90430ADF80830ADF803
:107410000C3028B317460446FFF70AFA8046002DC1
:1074200040F0B080022800F0E880002F40F0988003
:107430002046FFF7FDF9022800F0CD80002F7DD116
:107440002046FFF7F5F9022800F0CE80002F64D126
:107450002046FFF7EDF9022800F0B480002F51D14B
:10746000BDF90C50BDF90810BDF90E30BDF90A2068
:107470008D422F46A8BF0F468D42B8BF0D4693429E
:107480001C46A8BF14469342B8BF1346BDF90490EA
:10749000BDF906104F45A8BF4F464D45B8BF4D46F4
:1074A0008C42A8BF0C468B42B8BF0B464FF0000C75
:1074B000BDF90080BDF902E04745A8BF47464545F4
:1074C000B8BF45467445A8BF7446E1467345B8BF8A
:1074D0007346052267F30F0C65F30F0964F31F4C25
:1074E00063F31F4930461146C6F800C0C6F8049041
:1074F0000DF0F6F904B0BDE8F0870022204603A99C
:10750000FFF79CF9204606F007F904460028A7D0AB
:10751000FFF78EF90228F5D1EFE72546284606F059
:10752000FBF80546002893D0FFF782F90228F5D131
:107530000022284602A9FFF781F9EFE725462846F1
:1075400006F0EAF8054600283FF47AAFFFF770F935
:107550000228F4D10022284601A9FFF76FF9EEE7CF
:107560002546284606F0D8F8054600283FF460AFC7
:10757000FFF75EF90228F4D1002269462846FFF79A
:107580005DF9EEE7002F41D1022800F0D5802046BA
:10759000FFF74EF90546022D00F0BC802046FFF7AC
:1075A00047F90546022D00F0A4802046FFF740F978
:1075B0000546022D7FF454AF0122204603A9FFF7B0
:1075C0003DF94DE70022204603A9FFF737F9002FC8
:1075D0003FF446AF96E70022204601A9FFF72EF9B7
:1075E000002F3FF42DAFA9E70022204602A9FFF7A4
:1075F00025F9002F3FF42CAF8FE72A466946204635
:10760000FFF71CF9002F3FF413AFA9E7204606F05F
:1076100083F80546002800F08C80FFF709F98146C1
:10762000284606F079F8012369461A46FFF786FED8
:10763000B9F1020FEA4600F09980B8F1020F7CD050
:107640002046FFF7F5F80546204606F065F8804627
:1076500000285DD0FFF7ECF88146404606F05CF864
:1076600001230DF1040A1A465146FFF767FEB9F1EE
:10767000020F75D0022D4FD02046FFF7D9F80546EE
:10768000204606F049F8804688B3FFF7D1F88246D5
:10769000404606F041F801230DF108091A46494613
:1076A000FFF74CFEBAF1020F54D0022D23D0204632
:1076B000FFF7BEF80546204606F02EF807460028DC
:1076C0003FF477AFFFF7B4F88046384606F024F869
:1076D000012303A91A46FFF731FEB8F1020F7FF428
:1076E00068AF3846012203A9FFF7A8F861E7022D29
:1076F000DDD10DF10809012249462046FFF79EF829
:107700002046FFF795F80546002F3FF452AFD2E729
:10771000022DB1D10DF1040A012251462046FFF796
:107720008DF82046FFF784F80546002F3FF43AAF66
:10773000A6E7B8F1020F83D1EA460122514620465E
:10774000FFF77CF82046FFF773F80546002F3FF45B
:1077500022AF79E7404601224946FFF76FF8A4E7D8
:10776000404601225146FFF769F883E72846012287
:107770006946FFF763F860E7F0B50E4683B0012174
:107780000446FEF7FBFA10B1002003B0F0BD20461E
:1077900005F094FF054605F099FF074611F0E8FB58
:1077A00085420ED0384611F0EDFB854209D03846AF
:1077B00011F0F2FB854204D0384611F0F7FB854208
:1077C000E2D14FF400212046FEF7DEFA0546E8B983
:1077D0002046FFF727F82B46A28A80B2121A62F3DE
:1077E0000F05228B3146024462F30F03E28A121A1C
:1077F00062F31F450095658B6A46284460F31F437A
:10780000304601930DF0A6F80028BDD02046002395
:1078100001223146FFF7E0FD204605F07DFF0446DA
:1078200028B36D4601212046FEF7A8FA0028ABD107
:107830004FF400212046FEF7A7FA04F11402034694
:1078400078B992E80300012285E803002946204622
:10785000FFF7C2FD2A46314630460DF07BF800287E
:1078600092D0204605F058FF04460028DAD10120C6
:1078700003B0F0BD30B583B00C46054605F026FFD9
:1078800011F01EFE08B903B030BD63682268694676
:107890002846CDE90023FFF76FFF0028F3D02846E4
:1078A00005F014FF694606F0B7FE03B030BD00BF17
:1078B0002DE9F04383B00446FEF7B4FF05462046A9
:1078C000B4F91490B4F91670B4F91860B4F91A80C8
:1078D00005F0FCFE11F0F4FD10B903B0BDE8F08333
:1078E0000022A8B21546A9EB000906443F1A00EB96
:1078F000080369F30F0266F30F0567F31F4263F392
:107900001F456946204600920195FFF735FF002884
:10791000E3D0204605F0DAFE694606F07DFE03B0AE
:10792000BDE8F0832DE9F04F476805468BB08EB275
:1079300094B247B312220021384603F011FE102200
:1079400000218146384603F00BFE4FF4802180462B
:107950002846FEF713FAB7F91430002800F0AD807E
:10796000B1449944FB8AA04498441FFA89F61FFA4F
:1079700088F432220021384603F0F2FD80B206443A
:107980000444B6B2A4B2AB8AF61AEB8AB6B2E41AD1
:10799000A4B256EA040300F085802846FFF788FF6A
:1079A0006B69B5F914E00693AB69B5F91600079356
:1079B000B5F91820B5F91A30002F76D0384608A945
:1079C000FFF770FA002208A906A80DF0FBF981461E
:1079D000002800F08980B5F914E0B5F91600B5F972
:1079E0001820B5F91A30B118E21800239846B644A9
:1079F00004EB000C6EF30F0361F30F086CF31F43ED
:107A000062F31F4828466B61C5F8188005F098FEA0
:107A100090B3CDF810904FF00008A14632B2019219
:107A200022B20292059703900027DDE901123C463D
:107A3000AB681B6853F828003B46B0F814B0B0F8A8
:107A400018E0B0F816A0B0F81AC0B644B344CC445D
:107A50006EF30F04CA446BF30F076CF31F446AF311
:107A60001F4747618461FFF79BFA039B08F10108F8
:107A70004345D9D1DDE90497CFB12A4622213846C2
:107A800011F002FE2846FFF713FF002208A905F1B6
:107A900014000DF097F9B9F1000F00D110B138467C
:107AA00003F0EEF90BB0BDE8F08FB9469BE728462E
:107AB000FFF7FEFE0BB0BDE8F08F384603FA89F9F8
:107AC00001F0DEFBB7F91630A9EB0009384603FADE
:107AD00088F801F0DDFBA8EB0008B144A0441FFAD0
:107AE00089F61FFA88F444E7384603F0C9F972E7CB
:107AF0002DE9F04FBC4989B00446FEF745F900284E
:107B000000F0B880204605F007FE07220021054658
:107B1000204603F025FD082281460021204603F07F
:107B20001FFD0FFA89FA804606B2002D00F00A8187
:107B300012220021284603F013FD132200210746DC
:107B4000284603F00DFD834632220021284603F02B
:107B500007FD5F442A8BC7F10107A7EB40031344DD
:107B6000AA8A00219B1A9FB210221BB228460593B5
:107B7000079703F0F5FC112200210746284603F081
:107B8000EFFC834632220021284603F0E9FC5F44E3
:107B90006A8BC7F10107A7EB40031344EA8A09F493
:107BA000C0499B1A9AB2B9F5005F1BB206920493C2
:107BB00072D008F4C048B8F5005F00F0AD806B22C9
:107BC0000021204603F0CCFC80466C220021204698
:107BD00003F0C6FC238BB4F8149001331FFA83FB27
:107BE000638B08F4C04201330FFA88F7ABEB09014D
:107BF0001FFA83F8E38A09B20291A8EB030109B2E4
:107C0000B2F5005F039101B271D000F4C040B0F54D
:107C1000005F57D057440E4400930021BBB20922A5
:107C20002046019303F09CFC10F0FF011FFA86FA36
:107C3000009B3FB236B20ED0012913D0881E072810
:107C400010D8DFE810F08B008200F900E500D500C5
:107C5000C500B10098002846162203F081FCC0B28E
:107C6000012872D032463946204609B0BDE8F04FAF
:107C7000FFF758BE0546204605F04EFD00283FF4AC
:107C800041AF0A22294603F06BFC80B200283FF482
:107C900039AF09B0BDE8F08F2AF4C043B3F5FA6FED
:107CA00087DC059AB3F57A7FC8BFC3F57A7302FB08
:107CB00003F34E4A82FB0312DB17C3EB62130FFA86
:107CC00083FA76E721F4C042B2F5FA6FA2DC039999
:107CD000B2F57A7FC8BFC2F57A7201FB02F243495E
:107CE00081FB0201D217C2EB611211B292E727F4B5
:107CF000C042B2F5FA6F88DC029FB2F57A7FC8BF46
:107D0000C2F57A7207FB02F2384F87FB027CD2176A
:107D1000C2EB6C1217B278E726F4C043B3F5FA6FE2
:107D20003FF74DAF049AB3F57A7FC8BFC3F57A73B6
:107D300002FB03F32D4A82FB0312DB17C3EB621332
:107D40001EB23CE7324651468EE7079BA9EB0B0774
:107D50003B441F46019B3B441FB283E7029B03EB5E
:107D6000D377059B7F1003EBD373C7EB6307019BAE
:107D70003B441FB276E7029B059903EBD37201EBFC
:107D8000D1715210C2EB61020199039B1144049A14
:107D900003EBD37302EBD2725B10C3EB62039A4422
:107DA0000FB20FFA8AF65DE7079B019AA9EB0B0960
:107DB0004B441A441346039A1FB202EBD276049A3C
:107DC000761002EBD272C6EB6206564436B249E731
:107DD000039B03EBD376049B761003EBD373C6EBC4
:107DE0006306564436B23DE7010006001F85EB519D
:107DF000079AA9EB0B073A441746069AA3EB080328
:107E00001A441346019A53443A4417B21EB229E762
:107E1000069AA3EB08031A441346029A534402EB52
:107E2000D277059A7F1002EBD272C7EB6207019AF4
:107E30001EB23A4417B215E7069AA3EB08031A4498
:107E4000134653441EB20DE790F8233003F00C03A1
:107E50000C2B00F081802DE9F04F8FB0044605F027
:107E60005BFC0646002873D0204601F0E5FE94F83E
:107E70002310824611F0080570D0258BA38A204676
:107E80000135ED1A01F00CFA94F823302DB213F0FD
:107E90000403009000F00481B4F81A90E38A09F119
:107EA0000109A9EB03091FFA89F9238BA28A01337F
:107EB0009B1A1BB2AB424BD02046FFF7F9FCA369DB
:107EC00030460B9363690CA90A93FEF7EBFF00227F
:107ED0000CA90AA80CF076FF04F114080746002844
:107EE00000F05581E38A1622013B4B4400212046D5
:107EF000638303F035FBC0B20128ADB200F04281CC
:107F0000A38A013B1D44258329210AAA204611F09A
:107F1000BBFB22462221304611F0B6FB2046FFF77C
:107F2000C7FC94F82230002243F0020340460CA91B
:107F300084F822300CF046FF07B910B1304602F049
:107F40009FFF2046FEF73CFC01200FB0BDE8F08FFC
:107F500000200FB0BDE8F08F0020704701222946B5
:107F6000204603F0FDFA00F4C043B3F5005F0FFABA
:107F700080F806D128F4C045B5F5FA6FCCBF0025CE
:107F8000012512220021304603F0EAFA13220021D3
:107F90000746304603F0E4FA81463222002130469B
:107FA00003F0DEFA4F4442F2D179338BC7F1010777
:107FB000A7EB40071F44B38AC845A7EB03073FB2AE
:107FC00000F09681002D00F0E88096F8231011F063
:107FD000080500F0688128F4C043B3F57A7FC8BF74
:107FE000C3F57A7307FB03F3C04A82FB0312DB1766
:107FF000C3EB62152DB202220021204603F0B0FA35
:1080000003220FFA80F90021204603F0A9FA09F4AF
:10801000C043B3F5005F00B200F0DF8000F4C0435E
:10802000B3F5005F00F0C4808542A8BF0546204636
:108030004D45B8BF4D4601F033F994F82330009018
:1080400013F0040F42F2D17325D0B4F81AB0E28ACB
:108050000BF1010BABEB020B98451FFA8BF90FFAF2
:108060008BFB7FF422AF514600232046009A02F09A
:10807000DDF9238BA28A01339B1A1BB2AB4207D1D5
:10808000638BE28A01339B1A1BB29B453FF460AFBE
:108090001FFA8BF910E7A8EB0303B3FA83F35B092C
:1080A000042200212046019303F05AFA00F4C04351
:1080B000B3F5005F0FFA80F871D000231F4610223D
:1080C0000021304603F04CFA11220021814630464F
:1080D00003F046FA834632220021304603F040FA8C
:1080E000D944C9F10109A9EB400342F2D179728B5D
:1080F000C8451344F28AA3EB02031BB2029300F0BB
:108100008481002F47D096F8231011F0040B00F063
:10811000A68028F4C043029AB3F57A7FC8BFC3F59E
:108120007A7302FB03F3714A82FB0312DB17C3EB82
:1081300062130FFA83FB05220021204603F010FA98
:1081400006220FFA80F90021204603F009FA09F40B
:10815000C043B3F5005F00B26BD000F4C043B3F589
:10816000005F50D08345A8BF8346019BCB45B8BF75
:10817000CB46002B7FF477AF42F2D17398453FF4A2
:1081800072AF76E7238B01335B1BA382BCE63046DC
:1081900002F076FEA6E6C346CDE745462BE728F477
:1081A000C04BBBF5FA6FCCBF002301231F4686E707
:1081B00020F4C043B3F5FA6F3FF736AFB3F57A7FDB
:1081C000C8BFC3F57A7303FB07F7484B83FB07234C
:1081D000FF17C7EB631738B226E729F4C043B3F59E
:1081E000FA6F3FF71BAFB3F57A7FC8BFC3F57A7359
:1081F00007FB03F33D4A82FB0312DB17C3EB621359
:108200000FFA83F90AE720F4C043B3F5FA6FA9DC4B
:10821000B3F57A7F029AC8BFC3F57A7303FB02F203
:108220001346324A82FB0312DB17C3EB621318B208
:1082300098E729F4C043B3F5FA6F8EDC029AB3F5E0
:108240007A7FC8BFC3F57A7302FB03F3274A82FB28
:108250000312DB17C3EB62130FFA83F97DE70422E5
:108260005946304603F07CF900B248457FF451AFDF
:1082700059463222204603F073F9594681461022AE
:10828000204603F06DF94844594611221FFA80FB3D
:10829000204603F065F90FFA89F909FA80F39B4447
:1082A0000FFA8BFB47E701222946304603F058F9C5
:1082B00000B248457FF48FAE29463222204603F0B3
:1082C0004FF9294681461222204603F049F94844D5
:1082D0002946132285B2204603F042F90FFA89F3AA
:1082E00003FA80F31D442DB285E600BF1F85EB51D4
:1082F00000222046114602F0FBF9322200212046DE
:1083000003F02EF9132200210546204603F028F938
:10831000ADB2284483B2122200212046009303F01C
:108320001FF9AF4B05442C21ADB20CAA2046019594
:108330000C9311F0A9F9009ABDF930305519204677
:108340001D4405F0FDF9162200218346204603F066
:1083500007F9C0B201282DB200F0F480BBF1000F84
:108360003FF449AE9F4BCDE902564FF000091E463F
:10837000BDF9042004970592A3689B491B6853F834
:1083800029502846FDF700FD40BB28469749FDF7D8
:10839000FBFC074648B9284605F0BEF928B1394626
:1083A0000A2203F0DDF880B270B9092200212846C4
:1083B00003F0D6F810F0F80FC2B240F01981932301
:1083C000D340DB0740F11481B5F91830B4F914201B
:1083D0009B1A0133B342B8BF33461EB209F10109FB
:1083E000CB45C9D133467F4A029D9342049F039EE9
:1083F0003FF401AE009A1A4413B27A4A93423FF412
:10840000FAAD9D42B8BF1D46F5E500222046114653
:1084100002F090FA32220021204603F0A1F8102247
:1084200000218146204603F09BF81FFA89F909EBE9
:1084300000039FB211221BB200212046039709932B
:1084400003F08EF84EF2010381441FFA89F21746B9
:1084500008922C210CAA20460C9311F015F9039BCD
:10846000BDF932203B44134420460FFA83FB05F04C
:1084700067F900283FF45FAE5A4BCDE904B6CDE969
:1084800006A54FF0000982469B46009F0EE0B6F914
:108490001A30B4F916209B1A01335B45B8BF5B460E
:1084A0000FFA83FB09F10109CA4539D0A3684E4987
:1084B0001B6853F829603046FDF766FC0028F1D1AF
:1084C00030464A49FDF760FC054650B9304605F094
:1084D00023F930B129460A2203F042F880B200287D
:1084E000D5D109220021304603F03AF810F0FC0FF4
:1084F000CDD008220021304603F032F800B2002827
:10850000D0D1738BF28A01339B1A099A02FA83F253
:1085100093459BB2C6DC039A13440FFA83FBC1E771
:108520005B46DDE9056A2F4A079D9342DDF810B0EE
:1085300000973FF400AE089A1A4413B29B45B8BFA7
:108540009B46F8E5BBF1000F3FF455AD254BCDE957
:1085500002564FF000091E46BDF90020049705920F
:10856000A36821491B6853F829502846FDF70CFCE5
:1085700030BB28461D49FDF707FC074648B9284689
:1085800005F0CAF828B139460A2202F0E9FF80B2A4
:1085900060B909220021284602F0E2FFC0B2082893
:1085A0003EDC40F24913C340DA0739D5B5F914204F
:1085B000B4F918309B1A0133B342B8BF33461EB228
:1085C00009F10109CB45CBD13346064A029D9342BE
:1085D000049F039E3FF40FAD019A1A4413B20CE7B7
:1085E000000001E001E0FFFF0100040001000600BF
:1085F00008220021284602F0B3FF00B200287FF4D1
:10860000EDAE2B8BAA8A01339B1A059A02FA83F2EC
:1086100096429BB23FF7E2AE019A13441EB2DDE6EA
:1086200007220021284602F09BFF00B20028C7D194
:108630002B8BAA8A01339B1A059A02FA83F296427F
:108640009BB2BDDC009A13441EB2B9E770B5054673
:1086500005F076F80646E0B10024AB681B6853F8D5
:1086600024000134FFF7F2FFA642F6D195F822303C
:10867000D9071FD4980700D470BD95F8223028463A
:1086800023F0020385F822300021BDE8704002F09B
:1086900035BC95F82230DA07ECD566F3000385F88F
:1086A00022302846FFF7D0FB2846FFF721FA95F83D
:1086B0002230DFE723F0010385F822302846FFF758
:1086C000C3FB2846FFF714FA0A220021284602F0CD
:1086D00047FF80B278B1094B1B6883420BD3084B2C
:1086E00000F100501B68013803EBC002516853F8D9
:1086F00030302846984795F82230BBE7D81500203F
:10870000801600202DE9F04FA84E87B03479074637
:108710000D4691469A46BDF940B0002C00F0A3806A
:10872000002D00F0BB80384604F0F6FF3222002115
:10873000804602F015FF122200210446404602F056
:108740000FFFA4B2204403B210220021404602933E
:1087500002F006FF044423B232220021284601938E
:1087600002F0FEFE122200210446284602F0F8FE26
:10877000A4B2261810220021284602F0F1FE04447B
:10878000B6B2A4B2B9F1000F1CD009F1FF39B9F1AA
:10879000140F00F27382DFE819F01D004402990003
:1087A0002B0118020B01DB00BB00C5014C0153017A
:1087B0000A020302F201BD01B601A5019C01950167
:1087C0007B016D0149461622284602F0C9FEC0B25F
:1087D00001287BD016220021404602F0C1FEB5F9E7
:1087E0001430C0B2B8F9142053440128A3EB020995
:1087F000404662D001F020FA029B4844C01A064469
:1088000036B2B5F91650B8F9163040465D44ED1A47
:1088100000F046FD019B2844C01A002201210444B7
:10882000384604F0E5F800230721384605AA03F08E
:10883000C7FD012824B23CD020B900223146384679
:1088400004F0CAF800230821384605AA03F0B8FD51
:10885000012828D020B900222146384604F0C2F869
:1088600007B0BDE8F08F0123337104F027FF90F8C3
:10887000223004465A070CD594F82230204623F0C3
:10888000040384F82230FFF7E1FE94F822305B07FE
:10889000F2D400233371002D7FF445AF384604F045
:1088A0003BFF05463FE7059BA342D4D107B0BDE897
:1088B000F08F059BB342C0D1C4E701F0D1F9029A11
:1088C00000EB09039B1A33441EB29AE712220021DF
:1088D000284602F045FE132200218146284602F078
:1088E0003FFE322203900021284602F039FE039B0E
:1088F000A6EB0909BA8AA9EB0309A9EB40031344C3
:108900003A8B9B1A2A8B1344AA8A9B1A9EB261E760
:1089100012220021284602F023FE13220021039098
:10892000284602F01DFE322281460021284602F030
:1089300017FE039BBA8AF31AA3EB0903A3EB4003C8
:1089400013443A8B9B1A2A8B1344AA8A9B1A9EB211
:1089500010220021284602F003FE1122002103907C
:10896000284602F0FDFD814632220021284602F011
:10897000F7FD039B698B4B44C3F101037A8BA3EB97
:1089800040030B44F98A0132521AE98A5B1AC2F396
:10899000C03101FA82F2C3F3C031A4EB620201FAE2
:1089A00083F302EB63039CB214E700BFD8150020E9
:1089B00012220021284602F0D3FD13220021039049
:1089C000284602F0CDFD322281460021284602F0E1
:1089D000C7FD039BBA8AF31AA3EB0903A3EB400379
:1089E00013443A8B9B1A2A8B1344AA8A9B1A9EB271
:1089F00010220021284602F0B3FD1122002103902D
:108A0000284602F0ADFD322281460021284602F0C0
:108A1000A7FD039BFA8AE31AA3EB0903A3EB400328
:108A200013447A8B9B1A6A8B1344EA8A9B1A9CB272
:108A3000D0E6FC8A7B8B013CE41A0026A4B2C9E68E
:108A40003B8BB98A2A8B01335B1AA98A0132FC8AD3
:108A5000521AC3F3C03101FA83F3798B013C5B10E6
:108A6000641AC2F3C03101FA82F2C3EB6206A4B207
:108A7000B6B2AFE67B8BFC8A2E8BE41A6B8B013689
:108A80001C44AB8AF61AEB8AB6B2E41AA4B2A1E689
:108A90007B8BF98A6A8B01335B1AE98A01322E8B50
:108AA000521AC3F3C03101FA83F3A98A01365B106D
:108AB000761AC2F3C03101FA82F2C3EB6204B6B295
:108AC000A4B287E62E8BAB8A0136F61A0024B6B222
:108AD00080E67B8BFC8ABE8AE41A6B8B013E1C44C9
:108AE0003B8BCFE77B8BF98A6A8B01335B1AE98A70
:108AF0000132BE8A521AC3F3C03101FA83F3013E38
:108B0000398B5B10D4E7BE8A3B8B013EF61A0024FA
:108B1000B6B25FE63B8BBE8A6C8BF61A2B8B0134A8
:108B20001E44AEE712220021284602F019FD13224E
:108B300000210390284602F013FD814632220021D5
:108B4000284602F00DFD039B298B4B44C3F1010322
:108B50003A8BA3EB40030B44B98A0132521AA98A1B
:108B60005B1AC2F3C03101FA82F2C3F3C031A6EB43
:108B7000620201FA83F302EB63039EB2E8E63B8BE9
:108B8000B98A2A8B01335B1AA98A01326C8B521A7B
:108B9000C3F3C03101FA83F30134E98A5B105FE764
:108BA0006C8BEB8A0134E41A0026A4B212E63B8BEC
:108BB000BE8AFC8AF61A2B8B013C1E44AB8AF61A3D
:108BC0007B8BB6B2E41AA4B204E612220021284636
:108BD00002F0C6FC132200210390284602F0C0FCDC
:108BE000814632220021284602F0BAFC039B298BE1
:108BF0004B44C3F101033A8BA3EB40030B44B98A06
:108C00000132521AA98A5B1AC2F3C03101FA82F208
:108C1000C3F3C031A6EB620201FA83F302EB6303F4
:108C2000E5E612220021284602F09AFC13220021D8
:108C30000390284602F094FC814632220021284607
:108C400002F08EFC039B298B4B44C3F101033A8B4A
:108C5000A3EB40030B44B98A0132521AA98A5B1A6A
:108C6000C2F3C03101FA82F2C3F3C031A6EB620253
:108C700001FA83F302EB63039EB2ABE500242646C0
:108C8000A8E500BFF8B5354F3B7903B1F8BD012326
:108C90003B7104F013FD054695F8223013F00403F0
:108CA00036D095F82230284623F0040385F8223088
:108CB00004F046FD0646D0B10024AB681B6853F8AB
:108CC00024000134FFF7C2FCA642F6D195F8223009
:108CD000DA071FD49807E1D595F82230002123F058
:108CE0000203284685F8223002F008F9D4E795F807
:108CF0002230D907EED566F3000385F822302846E6
:108D0000FFF7A2F82846FEF7F3FE95F82230E1E7D8
:108D10003B71F8BD23F0010385F822302846FFF7A8
:108D200093F82846FEF7E4FE0A220021284602F0C6
:108D300017FC80B270B13B6898420BD8084B00F129
:108D400000501B68013803EBC002516853F8303003
:108D50002846984795F82230BCE700BFD815002078
:108D60008016002030B583B00446FDF75BFD00227D
:108D70001546218B83B2194461F30F05618BB4F85A
:108D800014C0194461F31F45E18AACEB030C6CF38A
:108D90000F02CB1A63F31F4220466946CDE9002536
:108DA000FEF7EAFC03B030BD38B505460C46FCF7CB
:108DB000FDFFAB689C8238BD70B5836845698469E6
:108DC000B0F914E0B0F916C0B0F91820B0F91A6083
:108DD0000D604C6093B19B8A981800221446AEEB4C
:108DE000030EACEB030C6EF30F02334460F30F047D
:108DF0006CF31F4263F31F440A604C6070BD00BFF8
:108E0000F0B50E4685B002210446FCF7B7FF18B94D
:108E10000025284605B0F0BD80212046FCF7BCFFA8
:108E20000028F5D16369B4F914500093A369B4F92B
:108E300016200193A368B4F91810B4F91A707BB125
:108E40009B8AED1A1944D21A3B44074665F30F007A
:108E500061F30F0762F31F4063F31F47CDE900077B
:108E60000022314668460BF0B1FE05460028CFD0FF
:108E70004FF480312046FCF781FF0028C9D0012340
:108E80001121204602AA02968DF80C3010F0FCFB4E
:108E90009DF80C50BDE700BF01F4C04CBCF5005F6D
:108EA00000B586460DD002F4C04CBCF5005F21D061
:108EB0007245A8BF72468A42B8BF0A4610465DF89E
:108EC00004FB21F4C04CBCF5FA6FECDCBCF57A7FF6
:108ED000C8BFCCF57A7C0CFB03FC104981FB0C016C
:108EE0004FEAEC7CCCEB611102F4C04CBCF5005FA6
:108EF00009B2DDD122F4C040B0F5FA6FD8DCB0F58C
:108F00007A7FC8BFC0F57A7000FB03F3034A82FB87
:108F10000302DB17C3EB62131AB2C9E71F85EB51DB
:108F2000844601F4C040B0F5005F00B50DD002F4F6
:108F3000C040B0F5005F20D094456046A8BF104601
:108F40008842B8BF08465DF804FB21F4C040B0F584
:108F5000FA6FECDCB0F57A7FC8BFC0F57A7003FB1E
:108F600000F0104981FB00E1C017C0EB611001B2B5
:108F700002F4C040B0F5005FDED122F4C040B0F58D
:108F8000FA6FD9DCB0F57A7FC8BFC0F57A7000FB04
:108F900003F3044A82FB0302DB17C3EB62131AB22A
:108FA000CAE700BF1F85EB5100220A21006810F0BC
:108FB0006BBB00BF2DE9F84F13220021074602F0DA
:108FC000CFFA122200218246384602F0C9FA322234
:108FD00000210646384602F0C3FA8146384604F0BE
:108FE000AFFBB6B21FFA89F9002837D0834641F6A5
:108FF000FF780024BB681A491B6853F824500134D9
:109000002846FCF7C1FE20B9B5F914309845A8BF31
:109010009846A345EED141F6FF7398451ED0BB8A12
:1090200006EB09041C44A4EB080424B23846FDF7FF
:109030006BFF05463846FDF7EDFE564406EB490644
:109040002E44BB68301A80B213B11B8AC01A80B29A
:1090500000B2A042B8BF2046BDE8F88F014CE5E75A
:109060000100040001E0FFFF2DE9F843074604F08A
:1090700067FB8046002845D000242D4EBB682D4953
:109080001B6853F8245001342846FCF77DFE20B9B4
:10909000B5F918309E42B8BF1E46A045EED1132246
:1090A0000021384602F05CFA1222002105463846BB
:1090B00002F056FA322200218146384602F050FA78
:1090C0001B4BADB29E4284B204D03A8B2B199B1A33
:1090D00033441EB23846FDF717FF80463846FDF789
:1090E00099FE09EB44042C444444BB68201A80B226
:1090F00013B11B8A184480B200B2B042B8BF3046E8
:10910000BDE8F88301461322384602F029FA1222FC
:1091100041460546384602F023FA3222414681464E
:10912000384602F01DFA024EADB284B2D2E700BF5B
:1091300001E0FFFF01000400836870B5054613B12C
:109140005B8A5B429BB219440EB28CB29EB1284638
:10915000FCF72CFEA8683246468A012334440021DD
:1091600044822846FDF71CFF00220B21284610F000
:109170008BFA012800D070BD2846BDE87040FEF78C
:1091800097BB00BF836870B5054613B11B8A5B426D
:109190009BB20B441EB29CB206B970BD2846FCF7C8
:1091A00005FEA8683146068A012334440022048261
:1091B0002846FDF7F5FE00220B21284610F064FA40
:1091C0000128EAD12846BDE87040FEF771BB00BF18
:1091D00038B505460C46FCF7E9FDAA68137E03F096
:1091E0000301A14207D064F3010328461376BDE8CA
:1091F0003840FEF75DBB38BD38B505460C46FCF778
:10920000D5FDAA68537E03F00F01A1421CBF64F391
:109210000303537638BD00BF38B505460C46FCF74E
:10922000C5FDAB681A7E64F383021A7638BD00BFB1
:1092300038B505460C46FCF7B9FDAB681A7E64F3F9
:1092400005121A7638BD00BF83681BB1187E00F086
:10925000030070470320704783681BB1587E00F0FD
:109260000F0070470F207047806810B1007EC0F378
:1092700081007047806810B1007EC0F30110704714
:10928000806810B1008A404280B200B2704700BFCF
:10929000806810B1408A404280B200B2704700BF7F
:1092A000806810B1408A404280B200B2704700BF6F
:1092B0002DE9F843074604F043FA8046002845D0DC
:1092C00000242D4EBB682D491B6853F824500134EF
:1092D0002846FCF759FD20B9B5F91A309E42B8BFAF
:1092E0001E46A045EED110220021384602F038F982
:1092F000112200218146384602F032F93222054619
:109300000021384602F02CF91B4BADB29E4284B2CC
:1093100004D07A8B2B199B1A33441EB23846FDF7C2
:1093200003FE80463846FDF77BFD09EB44042C44E0
:109330004444BB68201A80B213B15B8A184480B2DF
:1093400000B2B042B8BF3046BDE8F88301461022F3
:10935000384602F005F9112241468146384602F0AE
:10936000FFF8322205464146384602F0F9F8024E2F
:10937000ADB284B2D2E700BF01E0FFFF01000400FC
:109380002DE9F04F044680688FB015460091002803
:1093900000F0168290F8188018F0030847D00020DB
:1093A0000AF06AFEB8F1020F824643D0A768002F88
:1093B00053D07F8A7F421FFA87F93FB22046FFF7DA
:1093C00077FF162200210646204602F0C9F8C0B2F7
:1093D000012800F0FB81A368002B73D01B8A5B423D
:1093E0001BB2029316220021204602F0B9F8C0B247
:1093F000012834D1A368002B00F0ED81B3F91020CF
:1094000001925B7E03F00F03032B47D9B8F1010FE4
:109410005AD0B8F1030F00F0E0815046039311F0E9
:1094200035F90C28039B00F000849A0740D10FB057
:10943000BDE8F08F0028FAD0064605E030460AF075
:109440001BFE06460028F2D0304611F02DF984426A
:10945000F4D1A768B246002FABD1B946AEE720469B
:10946000FFF702FEA3680190002BCAD1B8F1010FEB
:109470002FD0B8F1030F00F05982504611F006F9D1
:109480000C2815D1504611F001F9A0F10308B8FAE3
:1094900088F84FF0010B4FEA58181CE0002BC6D09B
:1094A000B8F1010F00F03E83B8F1030F00F009821C
:1094B000504611F0EBF80328B9D14FF0000B4FF0F4
:1094C000010808E002938DE713F0030818BF4FF07E
:1094D00001084FF0010B16224FF48031204602F0B4
:1094E0003FF81022C3B24FF480312046079302F0B8
:1094F00037F811224FF480310590204602F030F801
:1095000012224FF480310390204602F029F81322F2
:109510004FF480310A90204602F022F801224FF4E5
:1095200080310690204602F01BF803460990204641
:109530001FB2FDF775FC82462046FDF76BFCBBF1C0
:10954000000F14BF3B4600230490B8F1000F4FF00A
:1095500021024FF48031204608BF0027089301F014
:10956000FFFFC0B2012840F22081BBF1000F73D091
:10957000B1441FFA89FB1FFA8AF909EB0B0109B202
:10958000002969D0B4F91630079A6B80B4F91A3003
:10959000012AEB80BDF8243000F0A481208B069ACC
:1095A000C3F10103801A13FA80F31BB200B22B80BF
:1095B000BDF91430BDF90C200B93AAEB03039B1AE1
:1095C000DB1B0AFB03F393FBF1FAA8800FFA8AF383
:1095D00000200C920D930AF06BFC00EB8000400021
:1095E000EF2800F3948101210FFA8AF38B4240F3B4
:1095F00084811FFA8AF3BDF814C0E08A0FFA8BF158
:109600006044BAB20029BDF80CA080B2059240F3C4
:1096100061810CEB0A01A9EB0101891AC91A89B20F
:1096200011FB06F696FBFBF60144891B0AB2013BCF
:109630006A8013FA81F30B98B4F916101BB2084430
:109640008242EB80C0F21781B4F91A200C99D71B23
:109650007F1A9F42C0F2EB80B8F1000F3FF4E7AEF3
:10966000019BBDF81070FD18029B1D442BB2ADB2DA
:10967000002B3FF4DCAE099A0499C2F1010C0022E0
:10968000BDF92880BDF918900898A1EB0806A6EB53
:109690000906361A01FB06F6039996FBF3FB638B6A
:1096A000B4F814A05B1A1146B4F818E09BB2009EFF
:1096B00010469C446AF30F026EF30F016CF31F42D5
:1096C00063F31F41326071600AF0F2FB00EB80002F
:1096D0004000EF280FFA8BFA00F3408101239A45EE
:1096E00040F331811FFA8BF6ED1B29B20029BDF83A
:1096F0002820BDF818B0A38ABDF820A0ADB276DD51
:1097000002EB0B01791AA1EB0A01891B019889B2BE
:1097100011FB00F090FBF5F0091A07981344013E85
:1097200001289BB2B6B289B200F0268100980B44A2
:1097300016FA83F11BB2038009B28180B4F91400D8
:1097400080444345C0F27B81B4F91820089BD31AAA
:10975000A3EB09038B42BFF66AAEA2EB0B04009B9E
:10976000A4EB0A0424B29C8000200AF0A1FB00EBC9
:1097700080004300EF2B00F3E6810123009AE41AF6
:10978000B2F900209442BFF652AE009B00209C88A4
:109790000AF08EFB00EB80004300EF2B00F32A82DF
:1097A0000123E41A009B1C8041E631224FF48031F2
:1097B000204601F0D5FEC0B201283FF6D6AE36E60F
:1097C0000AF05AFC4FF003088246EFE52046FFF707
:1097D000F1FB029006E6019348E6002F16DD9B0799
:1097E00040F0A6804FF0010B4FF0000873E6079998
:1097F000012900F01A811A44238B0099A3EB0B0373
:10980000013BA3EB0A030A808B8010E6002E55DD96
:109810009F07E7D0DDE90132002AD8BF002B4FF0C7
:10982000010BCCBF4FF001084FF0000853E6059B39
:10983000A2EB0A06F61A36B20020EE800AF038FBD8
:1098400000EB80004300EF2B00F33A810123F61A6E
:10985000B5F902309E42BFF6FFAE0020EE880AF056
:1098600027FB00EB80004300EF2B00F389810123ED
:10987000F61A6E80F0E60CEB01031EB200206E803B
:109880000AF016FB00EB80004300EF2B00F30A8187
:1098900001231E44B5F906309E427FF7D5AE002065
:1098A0006E880AF005FB00EB80004300EF2B00F30D
:1098B0005881012333441BB2EB80C5E699073FF47E
:1098C000B6AD029B002B3FF7F8AD019B002B3FF795
:1098D000F4ADACE5638B6880A3EB0A03013B9B1AF4
:1098E000EB80B9E6B4F814C00A9A013B944413FA29
:1098F0008CF000B20FFA8CF359E600200AF0D8FA87
:1099000000EB80004000EF287CDC012373E60020A0
:109910000AF0CEFA4FF00A0C502100FB0C11C5489A
:1099200080FB010CC917C1EBAC115DE6002F78DD9F
:10993000DDE90123002AD8BF002BCCBF4FF001087E
:109940004FF00008C5E500200AF0B2FA00EB8000F5
:109950004300EF2B00F397800126C5E600200AF0B4
:10996000A7FA0A22502300FB0233B24A82FB0321EA
:10997000DB17C3EBA113B2E6534400980B4416FA6D
:1099800083F11BB20380B4F91450089E09B28180A0
:1099900005EB080030448342C0F2A080B4F91830CF
:1099A000A3EB09098945BFF642ADA3EB0B031CB23B
:1099B000009B00209C800AF07BFA00EB80004300B3
:1099C000EF2B00F3FA800123009AE41AB2F9002089
:1099D0009442BFF62CAD009B00209C880AF068FAE8
:1099E00000EB80004300EF2B7FF7DAAE00200AF097
:1099F0005FFA0A215023A02200FB013393FBF2F30C
:109A00009BB2CEE600200AF053FA0A21502300FB55
:109A10000133884981FB0301DB17C3EBA1139BB220
:109A2000E9E5002E3FF7F6AE4BE7218B013A1344F0
:109A3000009AA1EB0B01534413809180F7E4009B43
:109A4000024415B21D8000200AF032FA00EB8000BB
:109A50004300EF2B69DC01231D44009BB3F9041084
:109A60008D427FF771AE00201D880AF021FA00EBCD
:109A700080004300EF2B00F3AE800123E918009B28
:109A800009B2998060E600200AF012FA0A225023F7
:109A900000FB0233674ADE1782FB0312C6EBA216F5
:109AA000B6B221E600200AF003FA0A22502300FB96
:109AB0000233604A82FB0321DB17C3EBA113E8E604
:109AC00000200AF0F5F90A22502300FB0233594A1C
:109AD00082FB0312DB17C3EBA213B8E653195344FE
:109AE0001DB2009B00201D800AF0E2F900EB80000F
:109AF0004300EF2B53DC079B009A2B44B2F9041070
:109B00008B427FF74BAF002015880AF0D1F900EBAC
:109B100080004300EF2B7CDC0123E918009B09B295
:109B200099803BE74FF0000BD5E400200AF0C0F924
:109B30000A22502300FB02333E4A82FB0312DB174A
:109B4000C3EBA21388E700200AF0B2F90A215023E0
:109B500000FB0133374A82FB0312DB17C3EBA2136E
:109B60000CE600200AF0A4F90A22502300FB02337D
:109B7000304A82FB0312DB17C3EBA2139BB299E6B8
:109B800000200AF095F90A22502300FB0233294AEB
:109B900082FB0312DB17C3EBA2139BB268E6002023
:109BA0000AF086F90A22502300FB0233214A82FB85
:109BB0000312DB17C3EBA2139EE700200AF078F92B
:109BC0000A21502300FB01331A4A82FB0312DB17E0
:109BD000C3EBA213F8E600200AF06AF90A22502328
:109BE00000FB0233134A82FB0312DB17C3EBA21301
:109BF0009BB243E700200AF05BF90A21502300FBE7
:109C000001330C4A82FB0312DB17C3EBA2139BB296
:109C1000C7E500200AF04CF90A22502300FB02336A
:109C2000A02293FBF2F39BB277E798073FF4DAADFB
:109C300028E400BF6766666610B516220021044658
:109C400001F08EFCC3B2012B05D0A06810B1008AD0
:109C5000404200B210BD2046BDE81040FFF7AAB94F
:109C600010B516220021044601F07AFCC3B2012B84
:109C700004D1A06808B1B0F9100010BD2046BDE8BD
:109C80001040FFF7F1B900BF38B50C46134905463F
:109C90000AF098FC68B1836A11495B421BB22846FE
:109CA00023800AF08FFC88B1836A5B421BB2638019
:109CB00038BDAB6813B11B8A5B429BB21BB228460E
:109CC000074923800AF07EFC0028EDD1AB6813B170
:109CD0005B8A5B429BB21BB2638038BD85910010EA
:109CE000399100102DE9F041044617460D4692B017
:109CF000002937D1002A32D0012B35D103F0E6FC00
:109D0000E846064668460AF009FB4F4B4F4D009463
:109D1000039330460AF020F800213A4640F35D00F4
:109D20000AF092FCB0F5C87F28BF4FF4C870C8286D
:109D300038BFC820A3680B9023B15B8A5B421BB27B
:109D4000FF1A5B42CDE90833414B204642460921C8
:109D50000A97019307950FF097FC012870D012B075
:109D6000BDE8F081012B31D0394920460AF016FBBD
:109D7000384920460AF012FB0022092120460FF044
:109D800083FC01280646EAD12046FCF70FF8A268BA
:109D90003346118A508A2944384411825082294618
:109DA0003A462046FDF7FCF800220B2120460FF032
:109DB0006BFC0128D3D12046FDF77AFD00220A2151
:109DC000204612B0BDE8F0410FF05EBC03F07EFC0F
:109DD000064668460AF0A2FA1B4B304603930094ED
:109DE00009F0A8FF00212A4640F35D000AF02CFC90
:109DF000B0F5C87F28BF4FF4C870C82838BFC82046
:109E0000A368E8460B9023B11B8A5B421BB2ED1A94
:109E10005B42CDE908330A950E4B0C4D42460921B1
:109E20002046019307950FF02FFC012897D140465B
:109E30000AF060FB002F7FF46CAF12B0BDE8F08138
:109E400040460AF057FB8AE7A98F0010A54601108B
:109E500039910010859100102DE9F04F984651EA94
:109E6000020381B002D101B0BDE8F08F06460D4675
:109E70001446FEF707FFB76817B13B8A5B429FB2F3
:109E800016220021304601F06BFBC0B2A5EB07099A
:109E900001280FFA89F91BD0B9F1000F59DBB2681C
:109EA0003DB2002A00F08680528A144424B2524205
:109EB000002C97B23CDB3CB20DB9002CD3D043460A
:109EC00022462946304601B0BDE8F04FFFF70ABFF1
:109ED000B9F1000FE3DD16220021304601F040FB0E
:109EE000C0B2012874D0B568002D00F09D80B5F88F
:109EF00010A0CAF1000A1FFA8AF50FFA8AFA162290
:109F00000021304601F02CFBC0B2012876D1B268A6
:109F1000002A46D0118A294409B221EAE171494553
:109F2000D4BF7B1807EB09031DB2BDE749D000275A
:109F30003046FFF7BDF93B181BB223EAE3735A42E0
:109F40009442ACBF3F19FF1ABFB23CB2002DB4D04F
:109F5000B5E716220021304601F002FBC0B201280D
:109F60005BD0B3688BB3B3F810B0CBF1000B1FFA22
:109F70008BFA0FFA8BFB16220021304601F0F0FA23
:109F8000C0B201282AD1B268002A4FD0138A5344A4
:109F90001BB223EAE3735942494585DDFB1A1DB222
:109FA00082E72AEAEA7212B24A45D4BFBB1807EB2D
:109FB00009031DB2002CB9DD002D3FF454AF00247D
:109FC0007DE7002D3FF44FAF79E79A469B46D2E7F5
:109FD0003046FEF7EFFF824685B290E73046FFF746
:109FE00043F80AEB00031BB223EAE37359424945E5
:109FF000B2687FF756AFFB1A1DB252E73046FFF743
:10A0000033F82A1812B222EAE2724A45D4BFBB18CA
:10A0100007EB0903B2681DB243E73046FEF7CAFFFB
:10A0200083461FFA80FAA6E7AA4668E72BEAEB7395
:10A030001BB25A424A45BDDDFB1A1DB2BAE700BF4A
:10A040002DE9F04F80468BB00846894616460293AC
:10A0500003F062FB10210546FBF790FE002800F09C
:10A06000DC80AB68002B00F099815A7E1B7E02F0E9
:10A070000F02019213F0300FC3F30112069240F069
:10A08000CF80C34632220021284601F069FA10220F
:10A0900000210746284601F063FABFB2384483B274
:10A0A000112200212846039301F05AFA384482B263
:10A0B000134674880398E98A2344041B0C44BBF8B4
:10A0C000021007926A8B9BB2641ABBF80610A3EBCE
:10A0D000020ACDE904322846A3B28A4408910993C2
:10A0E000FCF79EFEDDE9043224B2002C01460FFA93
:10A0F0008AFAC0F2AF80BAF1000FAB68C0F23381C8
:10A100000024069A022A00F0B980032A00F0F680A3
:10A11000012A00F0C680002B00F0BA801B7E13F0ED
:10A120000C0FC3F3810A01D009F114081222002197
:10A13000284601F015FA132207EB000900212846F2
:10A1400001F00EFA328807EB000B1FFA89F9AF8A8B
:10A15000B8F80010A9EB02031FFA8BFB3B44288BD5
:10A160005A445B1AB8F804C092B21FB2111A614483
:10A17000002F09B29BB256DB0029C0F2DC80002719
:10A180002846FCF747FEBAF1020F00F0AF80BAF1A3
:10A19000030F00F09180BAF1010F7BD0A14928464E
:10A1A0000AF0FCF88046A04928460AF0F7F8B8F112
:10A1B000000F2BD150BB019BD80701D427EAE777CA
:10A1C0009907019B58BF07EAE7775A07019B5CBFD5
:10A1D00024EAE47424B202991B0758BF04EAE47429
:10A1E000B6F90020B6F9023058BF24B219B13A448A
:10A1F000234412B21BB2328039462246284673806D
:10A20000029B0BB0BDE8F04FFFF76CBD00220A21A6
:10A2100028460FF039FA0128CDD00BB0BDE8F08FF9
:10A2200009F1140B2EE70029A9DD801AA0EB0C0020
:10A230001622002107B2284601F092F9C0B2012887
:10A2400040F0B180AB68002B99D0B3F91000F84210
:10A2500096D594E7BAF1000F2BDDD21A089B049033
:10A26000D21A284614B2FFF723F8069AE04248BFF4
:10A270000024022AAB6804997FF447AF6C8B0799DE
:10A28000BBF80620641AA41A24B2002B7FF446AF50
:10A290009A464BE7AF8AB8F800304F44FF1A3FB2F6
:10A2A0007CE7EC8A0399BBF8022021448C1A24B283
:10A2B00031E70024AB6824E7B8F80420B8F80010B0
:10A2C000AB8A0132521A4B445B1ACB44C2F3C03101
:10A2D000A0EB0B0001FA82F2A3EB6203C0F3C032E1
:10A2E00002FA80F003EB60031FB257E72F8BB8F838
:10A2F0000430A7EB0B07FF1A3FB24FE70398079A0A
:10A30000EC8A0244891ABBF80620BBF802C0044458
:10A310000132C1F3C030A2EB0C0200FA81F1A4EBD0
:10A320000C0404EB6104C2F3C03101FA82F2A4EB25
:10A33000620424B2EFE6002F3FF421AF1622002181
:10A340002846039301F00CF9C0B20128039B3CD0CE
:10A35000AA68002A3FF413AF108A404200B2984224
:10A36000BFF60EAF0BE7002C3FF4CBAE002B3AD07C
:10A370005A8A0998524212B28242069A17DB022A7E
:10A3800029D0032ABAD0012A7FF4C8AEEA8A0398FA
:10A39000BBF802101044421A14B2BFE606930F2312
:10A3A000C34601936EE62846FEF75EFE4FE7022A9B
:10A3B00011D0032AA2D0012A25D1EC8A0399BBF837
:10A3C000022021448C1A24B2A8E628460393FEF703
:10A3D000F1FD039BC3E76C8B0799BBF80620641A59
:10A3E000A41A24B29AE6069A022A11D0032A85D02A
:10A3F000012A0AD1EC8A9A46039BBBF80220234427
:10A400009C1A24B292E6002488E61C469A468DE601
:10A410009A466C8B079BBBF80620E41AA41A24B258
:10A4200084E600BF39910010859100102DE9F047B6
:10A4300005460C4682B0AC491E46174609F0AEFFF1
:10A44000AB6813B11B8A5B429BB2191B00223346D7
:10A45000284609B2FFF700FD2846A44909F09EFFEF
:10A46000AC6814B1648A6442A4B2E41BA4B25CB3C5
:10A470002846FEF707FCA96849B3B1F91070162207
:10A480001FFA87F8C8F1000128461FFA81F9002158
:10A4900001F066F8C0B201283CD0002FC0F29280D3
:10A4A000AA680FFA89F1002A00F08380528A04EB2F
:10A4B00002080FFA88F85242B8F1000F97B21EDD79
:10A4C0003AB201BB002A54D102B0BDE8F08716228F
:10A4D0002846019101F044F8C0B20128019900F02A
:10A4E000A480AB68002B00F0E2805F8A04EB0708D1
:10A4F0000FFA88F87F42B8F1000FBFB24BDCB8F119
:10A50000000F39D13AB23346284602B0BDE8F047D1
:10A51000FFF7E8BB002FC3DD16220021284601F01B
:10A520001FF8C0B2012800F0D880AB68002B00F003
:10A53000C780B3F810A0CAF1000A1FFA8AF90FFA0F
:10A540008AFA16220021284601F00AF8C0B2012832
:10A5500040F09580AA6812B3138A4B441BB223EAD9
:10A56000E373BB42D4BFC8EB0301C8EB070109B2D8
:10A570009CE70021C7E7002728460191FEF798FED7
:10A580003B181BB223EAE3735A429045019943DA20
:10A59000FB1A9FB294E73AB2002A95D0E9E72AEA7B
:10A5A000EA731BB2BB42D4BFC8EB0301C8EB07017F
:10A5B00009B20FFA84F8B8F1000FDCDD002983D06E
:10A5C0000022A0E716220021284600F0C9FFC0B2F1
:10A5D000012823D0AB68002B66D0B3F810A0CAF1D5
:10A5E000000A1FFA8AF80FFA8AFA16220021284672
:10A5F00000F0B6FFC0B2012824D1AA68002A62D0B8
:10A60000138A43441BB223EAE3735942B94227DD5C
:10A61000A9EB030319B249E722B274E72846FEF713
:10A62000C9FC82461FFA80F8DFE7AA68002A7FF497
:10A630003DAF0FFA84F8B8F1000F3FF745AF114670
:10A64000174699E72846FEF70FFD08EB00031BB2FB
:10A6500023EAE3735942B942AA6821DC002AE8D010
:10A66000538A5A4223440FFA83F8B8F1000F97B285
:10A6700091DC0021B8F1000F3FF444AF7CE728469D
:10A68000FEF7F2FC09EB000212B222EAE272BA42D1
:10A69000D4BFC8EB0203C8EB0703AA6819B202E7EC
:10A6A000A9EB030319B2FEE698469A469DE70FFA16
:10A6B00084F8B8F1000F3FF707AF19461F465BE774
:10A6C00099469A463DE72AEAEA731BB25942B942D3
:10A6D000AFDDA9EB030109B26BE72846FEF76AFC80
:10A6E00082461FFA80F92CE78591001039910010FD
:10A6F0002DE9F04705460F468D49164609F04EFEF6
:10A70000AC6814B1248A6442A4B2E41BA4B20CB9AC
:10A71000BDE8F0872846FEF7B5FAAB68002B79D084
:10A720001B8AC3F10008E7181FFA88F8BFB2162287
:10A730000021284600F014FFC0B201283FB23AD0F1
:10A74000002F6ADBAB6883B3B3F912700FFA88FA93
:10A75000002F53461FFA87F90DDDC9F100091FFAD2
:10A7600089F90FFA89F733463A4651462846BDE83B
:10A77000F047FFF7B7BA1AD02846FEF799FDA0EBCD
:10A7800009031BB223EAE3735A42974278DBB8F11C
:10A79000000FBDD00027E6E72AEAEA7212B2514262
:10A7A000B94240F3B580A8EB02080FFA88F39A4645
:10A7B000002BADD0EEE7002FC4DD16220021284685
:10A7C00000F0CEFEC0B2012800F09C80AC68002CE6
:10A7D00000F09680B4F81090C9F100091FFA89F4CE
:10A7E0000FFA89F916220021284600F0B9FEC0B2FE
:10A7F000012862D1AB68002B00F08E801A8A2244B7
:10A8000012B222EAE272BA42D4BF9044B8441FFAAC
:10A8100088F899E72746984689E7162200212846B6
:10A8200000F09EFEC0B201285ED0AB68002B58D06D
:10A83000B3F810A0CAF1000A1FFA8AF90FFA8AFACF
:10A8400016220021284600F08BFEC0B2012825D137
:10A85000AB68002BA0D01A8A4A4412B222EAE272F4
:10A860005142B94247DCB3F912700FFA84FA002F53
:10A870001FFA87F93FF771AF3FF475AFA0467BE74A
:10A880009944C9F100090FFA89F7B8F1000F7FF474
:10A890006AAF002F3FF43CAFC24664E72846FEF79C
:10A8A000E3FB09EB000212B222EAE2725142B94222
:10A8B000AB6811DC63B3A04646E72846FEF7D4FB3D
:10A8C00023181BB223EAE373BB42D4BF9844B844B5
:10A8D000AB681FFA88F836E7A8EB02021FFA82F885
:10A8E00031E799469A46ABE72846FEF763FB824676
:10A8F0001FFA80F9A4E7A8EB02021FFA82F823E707
:10A90000A1466FE72846FEF755FB814684B269E70A
:10A910001F460FFA84FA26E729EAE97212B2BA4210
:10A92000D4BF08EB020308EB07031BB23FE700BFED
:10A93000859100102DE9F04705460F4682B0A449E5
:10A94000164609F02BFDAC6814B1648A6442A4B2C7
:10A95000E41BA4B25CB32846FEF794F9A96849B396
:10A96000B1F9107016221FFA87F8C8F100012846C5
:10A970001FFA81F9002100F0F3FDC0B201283CD09C
:10A98000002FC0F29280AA680FFA89F1002A00F025
:10A990008380528A04EB02080FFA88F85242B8F119
:10A9A000000F97B21EDD3AB201BB002A54D102B0AB
:10A9B000BDE8F08716222846019100F0D1FDC0B213
:10A9C0000128019900F0A480AB68002B00F0E28020
:10A9D0005F8A04EB07080FFA88F87F42B8F1000F8E
:10A9E000BFB24BDCB8F1000F39D13AB2334628463A
:10A9F00002B0BDE8F047FFF775B9002FC3DD16229E
:10AA00000021284600F0ACFDC0B2012800F0D8803B
:10AA1000AB68002B00F0C780B3F810A0CAF1000AA1
:10AA20001FFA8AF90FFA8AFA16220021284600F046
:10AA300097FDC0B2012840F09580AA6812B3138A2E
:10AA40004B441BB223EAE373BB42D4BFC8EB030100
:10AA5000C8EB070109B29CE70021C7E70027284699
:10AA60000191FEF725FC3B181BB223EAE3735A421F
:10AA70009045019943DAFB1A9FB294E73AB2002A53
:10AA800095D0E9E72AEAEA731BB2BB42D4BFC8EB10
:10AA90000301C8EB070109B20FFA84F8B8F1000FFF
:10AAA000DCDD002983D00022A0E716220021284601
:10AAB00000F056FDC0B2012823D0AB68002B66D051
:10AAC000B3F810A0CAF1000A1FFA8AF80FFA8AFA3E
:10AAD00016220021284600F043FDC0B2012824D1EF
:10AAE000AA68002A62D0138A43441BB223EAE373A4
:10AAF0005942B94227DDA9EB030319B249E722B253
:10AB000074E72846FEF756FA82461FFA80F8DFE718
:10AB1000AA68002A7FF43DAF0FFA84F8B8F1000F5D
:10AB20003FF745AF1146174699E72846FEF79CFACE
:10AB300008EB00031BB223EAE3735942B942AA6847
:10AB400021DC002AE8D0538A5A4223440FFA83F8C2
:10AB5000B8F1000F97B291DC0021B8F1000F3FF47B
:10AB600044AF7CE72846FEF77FFA09EB000212B2F9
:10AB700022EAE272BA42D4BFC8EB0203C8EB070371
:10AB8000AA6819B202E7A9EB030319B2FEE69846D8
:10AB90009A469DE70FFA84F8B8F1000F3FF707AF28
:10ABA00019461F465BE799469A463DE72AEAEA734B
:10ABB0001BB25942B942AFDDA9EB030109B26BE701
:10ABC0002846FEF7F7F982461FFA80F92CE700BF06
:10ABD0003991001070B504460D46002682B0FEF78C
:10ABE00051F82B46214601AA04F114000196FFF703
:10ABF00027FA02B070BD00BFF0B5054683B00E461F
:10AC0000FEF740F800232846019302F085FD78B155
:10AC1000044605F1140729463346384601AAFFF7D2
:10AC20000FFA204602F078FD254604460028F2D1AE
:10AC300003B0F0BD51EA020370B502D101242046F1
:10AC400070BD05460E461446FBF7B0F8A8682246CC
:10AC5000018A0123314401823146468A34444482C8
:10AC60002846FCF79DF900220B2128460EF00CFD2A
:10AC700001280446E3D12846FCF71AFE204670BDA1
:10AC800038B50546002009F0F7F968B1044604E03C
:10AC9000204609F0F1F9044630B120460FF004FDDA
:10ACA0008542F5D1012038BD002038BD2DE9F041A5
:10ACB000044694B00D46FDF7E5FF204601A911F0CA
:10ACC0009DFABDF90460BDF90670002E39D1002F40
:10ACD00034D0012D37D1204602F0F8FC0DF10808E0
:10ACE0000546404609F01AFB4F4B504E029405931F
:10ACF000284609F031F800213A4640F35D0009F09A
:10AD0000A3FCB0F5C87F28BF4FF4C870C82838BF6F
:10AD1000C820A3680D9023B15B8A5B421BB2FF1A67
:10AD20005B42CDE90A33424B2046424609210C974B
:10AD3000039309960EF0A8FC012870D014B0BDE86A
:10AD4000F081012D2FD03A49204609F027FB3949DF
:10AD5000204609F023FB0022092120460EF094FC36
:10AD600001280546EAD12046FBF720F8A2682B46C9
:10AD7000118A508A314438441182508231463A4611
:10AD80002046FCF70DF900220B2120460EF07CFC3A
:10AD90000128D3D12046FCF78BFD00220A21204652
:10ADA0000EF072FCCAE7204602F090FC05460DF159
:10ADB0000808404609F0B2FA1B4B28460593029456
:10ADC00008F0B8FF0021324640F35D0009F03CFC7A
:10ADD000B0F5C87F28BF4FF4C870C82838BFC82056
:10ADE000A3680D9023B11B8A5B421BB2F61A5B422B
:10ADF000CDE90A330C960F4B0C4E424609212046F2
:10AE0000039309960EF040FC012897D1404609F0C3
:10AE100071FB002F7FF46CAF14B0BDE8F0814046A9
:10AE200009F068FB8AE700BFA98F0010A546011052
:10AE30003991001085910010F0B54FF0FF3417469E
:10AE40000E46002283B01146234605460094304644
:10AE500009F0FAFC0022384611462346009409F016
:10AE6000F3FC10212846FAF789FF38B13A463146FB
:10AE7000284603B0BDE8F040FEF782BA03B0F0BD4B
:10AE800030B500224FF0FF3587B0114604462B46FF
:10AE900002A8009509F0D8FC002204A811462B4610
:10AEA000009509F0D1FC10212046FAF767FF20B188
:10AEB000204604AA02A9FEF763FA02A809F000FDE1
:10AEC00018B904A809F0FCFC38B102A809F0F8FC94
:10AED00028B904A809F0F4FC50B907B030BD2046E9
:10AEE00002A9FCF7C7FC04A809F0EAFC0028F4D08A
:10AEF000204604A9FCF7BEFC07B030BD82682DE9EE
:10AF0000F04104460E46002A6ED0137E13F0300F37
:10AF1000C3F3011507D1B2F91270FEF7C9F9002881
:10AF200030DBA2681AB1137E13F00C0F23D1162266
:10AF30000021204600F014FBC0B201284FD0A568C4
:10AF400015B12D8A6D422DB216220021204600F047
:10AF500007FBC0B2012810D1A16800294AD0B1F97D
:10AF6000107016220021204600F0FAFAC3B2012B1D
:10AF700029D0002F19DBBDE8F0812046FEF774F8D8
:10AF80000746EEE77F423BB2002BBFB2C9DD42422B
:10AF9000BA42A8BF3A46334612B229462046FEF7C7
:10AFA000A1FEA268002ABED1C1E7002DE3DD7F42E9
:10AFB000AF42A8BF2F463346204639B20022BDE833
:10AFC000F041FEF78FBE002DD5DA002FD3DD3346DA
:10AFD00029462046BDE8F0410022FEF783BE204608
:10AFE000FDF7E8FF0546AFE7FEF762F9A268002A21
:10AFF00099D19CE72046BDE8F041162200F0B0BA96
:10B00000F8B5438C054613F47C7F0C46C068C3F347
:10B01000051157D00346002293F807C001321CF0F7
:10B02000010F04D05E68C6F3170C644548D08A420D
:10B0300003F10803F0D1013202F03F02D1006B8C22
:10B0400062F309136B840BF0C7FA0746E860002827
:10B0500035D06B8CC3F30513B3F1010C35D000EB85
:10B06000C30307E0103ABCF1010C92E8030086E844
:10B0700003002AD013F8091C1A46890707EBCC06EF
:10B08000A3F10803EED01F464FEACC06082138464C
:10B090000BF01EFF0820EF680BF070FAEB68B85158
:10B0A00098590BF0C1FFE9688B19DA7942F0010277
:10B0B000DA715A6864F317025A608859F8BDFEE7DE
:10B0C0001868F8BD08210122B9E70026DEE700BFB5
:10B0D000438C70B513F47C7F05460C46C068C3F3FF
:10B0E000051E4ED00346002293F807C01CF0020F45
:10B0F00004D05968C1F3170CA4453CD00132724505
:10B1000003F10803F0D10EF1010E0EF03F0E4FEAED
:10B11000CE016B8C6EF309136B840BF05DFA6B8CB4
:10B120000646C3F305135A1EE8600DD0C3F1005163
:10B130000131C3F102031144134400EBC101D200F9
:10B1400000EBC30033F068FA082130460BF0C0FE74
:10B150000820EE680BF012FAEB68306018680BF00C
:10B1600063FFE868C37943F00203C371436864F383
:10B170001703436070BD964518BF00EBC200C2D0F4
:10B1800070BD08214FF0010EC3E700BF0022C9B215
:10B1900001F046BE2DE9F84F0646484888469146DC
:10B1A0001F460AF0EDFF98B1B8F5702F044644D061
:10B1B000A7424FF6FF7A0BD0214640480AF0E8FF3D
:10B1C000236805469E4205D015B12C46A742F3D10F
:10B1D000BDE8F88FA3689845F6D1A3884B4501D008
:10B1E000D145F1D1738C13F47C7FC3F3051018D0D3
:10B1F0004FF0000BF26802EBCB03D97989070CD52D
:10B200005B68C3F31703984507D1A18852F83B0048
:10B210000BF070FF708CC0F305100BF1010B834530
:10B22000E8D30021204609F0B9F8214623480AF066
:10B23000F5FE20460BF0BAF9C6E74FF6FF78A742B5
:10B24000C6D021461D480AF0A3FF23680546B34235
:10B2500003D0002DBCD02C46F1E7A3884B4501D08C
:10B26000C145F6D1738C13F47C7F18BF4FF0000AF0
:10B27000C3F3051211D0F06800EBCA03DB799B071A
:10B2800017D550F83A00A1880BF034FF728C0AF100
:10B29000010AC2F305129245EDD30021204609F0C0
:10B2A0007DF8214605480AF0B9FE20460BF07EF9EC
:10B2B000CFE70AF1010A9245DED3EEE774160020CB
:10B2C0002DE9F04F95B0814602F03AFA002800F0DF
:10B2D000378182460027D9F808301B6853F8274089
:10B2E0002046FCF7E5FA00222A2120460EF0CCF990
:10B2F0002046FCF7DDFA204602F022FA83460028B9
:10B3000000F01A81CDE90AA70025CA46A3681B6888
:10B3100053F825703846FCF7CBFA00222A2138462C
:10B320000EF0B2F93846FCF7C3FA384602F008FAD4
:10B330000890002800F0F8804FF00008CDE90C4B91
:10B340000E95BB681B6853F828402046FCF7B0FAFE
:10B3500000222A2120460EF097F92046FCF7A8FA91
:10B36000204602F0EDF90990002800F0D4804FF05B
:10B370000009D346CDE90F78A3681B6853F82980EC
:10B380004046FCF795FA00222A2140460EF07CF94F
:10B390004046FCF78DFA404602F0D2F9002800F052
:10B3A000B180CDE9114900270646D946D8F80830C2
:10B3B0001B6853F827402046FCF77AFA00222A211E
:10B3C00020460EF061F92046FCF772FA204602F0A2
:10B3D000B7F9002800F08E80A34600258246344647
:10B3E000DBF808301B6853F825301E4618460693D4
:10B3F000FCF75EFA00222A2130460EF045F930466D
:10B40000FCF756FA304602F09BF9079000286CD002
:10B4100000235A460093A346434614460293069BD4
:10B420009A68009B126852F823804046FCF740FA65
:10B4300000222A2140460EF027F94046FCF738FA50
:10B44000404602F07DF9029B0190002843D0CDE9EF
:10B45000033B00264346B346A0461C460595A36819
:10B460001B6853F82B603046FCF722FA00222A2191
:10B4700030460EF009F93046FCF71AFA304602F071
:10B480005FF9F8B100234A461D46A146134604461B
:10B49000B2681393126852F82530013518460293AA
:10B4A000FCF706FA00222A2102980EF0EDF8029825
:10B4B000FCF7FEF90298FFF703FFAC42139BE7D1BC
:10B4C0004C469946019B0BF1010B5B45C7D1DDE969
:10B4D000033B4446059D009A079901329142009230
:10B4E0009CD1984623465C469B460135AA457FF48D
:10B4F00077AF26460137BE427FF458AFCB46119C4A
:10B50000DDF84890099B09F101094B457FF434AF00
:10B51000DDE90F78DA46089B08F1010843457FF41E
:10B5200010AFDDE90C4B0E9D0135AB457FF4EEAE5F
:10B53000D1460B9FDDF828A00137BA457FF4CBAE8A
:10B5400015B0BDE8F08F00BF142101480AF006BD18
:10B5500074160020014B1870704700BF410E002088
:10B560002DE9F04F044685B0104691460E460CF08A
:10B5700031F800F001030193002C00F0838048466D
:10B580000CF020F8B4F820C001226FEA0C08638C9C
:10B5900094F8225002FA00F713F47C7FFFB2C5F34F
:10B5A000C005C3F305111FFA88F800F08780002D4D
:10B5B00075D1E24617E0436803F47F039E420FD142
:10B5C00052F8350083791F420AD0494603AA0BF08E
:10B5D000A3FF012849D002284BD0618CC1F305118B
:10B5E0000135A9426AD9E268EB0002EBC50090F888
:10B5F00007C01CF0020FDED18D42D4465ED24FF060
:10B60000FF3ACDF800C009E0022832D0618CC1F3C6
:10B61000051101358D4225D2E268EB00D0581A445D
:10B6200083791F42F5D0526802F47F0CB445C2F30F
:10B630001702EED112EA080F1FFA82FBE9D1D345B7
:10B64000E7DD494603AA0BF067FF0128DCD1009B28
:10B650005B450AD0618C0135C1F30511A94204D9BB
:10B66000DA46D9E7BAF1FF3F28D0039805B0BDE824
:10B67000F08F019B33B1204602F04EF804460028BB
:10B680007FF47DAF2EB9B9F1010F2CD0B9F1040FC1
:10B690001BD048460BF0C0FE05B0BDE8F08F00257A
:10B6A000E36802E00135A94208D0DA79083392074D
:10B6B000F8D4A94202D9E268EB00A0E7019B002B75
:10B6C000E0D0002ED7D0002659E7206818B916E040
:10B6D00000680028CAD0B0F91620002AF8D0104619
:10B6E00005B0BDE8F08F206818B908E000680028B0
:10B6F000BCD0B0F91420002AF8D01046F0E730464C
:10B70000B4E700BF2DE9F04715460E460446FCF7A6
:10B71000CFF828460BF05EFF074628460BF05AFF8D
:10B7200000F0020828460BF055FF00F0010A2846F9
:10B730000BF050FF07F0040706F47F0600F0100935
:10B74000002F44D0B6F5702F02D0002E40F091802B
:10B7500000222A2120460DF097FF2046FBF746FAEB
:10B76000204601F0D9FF08B1FBF740FAB9F1000F0C
:10B7700041D14FF6FF739D4274D0B8F1000F5AD1FA
:10B780002046FCF795F8BAF1000F1ED0EFB1B6F5E0
:10B79000803F1AD0204601F0D3FF0746A8B100260B
:10B7A000A3681B6853F8265001362846FCF780F83A
:10B7B00000222A2128460DF067FF2846FCF778F87A
:10B7C0002846FFF77DFDB742EAD1BDE8F087B6F520
:10B7D000702F01D0002ECCD14FF6FF739D4264D064
:10B7E000B9F1000F07D1B8F1000F24D12046BDE810
:10B7F000F047FCF75DB86E2200212046FFF7B0FE4F
:10B800000FFA80F9B9F1000F20D16D224946204688
:10B81000FFF7A6FE00B2B0F5807F17D1612249463E
:10B820002046FFF79DFEC0B2FF284ED0A368002B34
:10B8300062D001200EE02046FAF7C2FF2046FCF756
:10B8400037F8BAF1000FA2D1BDE8F087A368002B4A
:10B8500047D002209A7E60F387129A764FF6FF73E4
:10B860009D428AD12046FAF7ABFF2046FCF720F82C
:10B870008DE7042200212046FFF772FE42F2D179C3
:10B8800000B2484508D0012200212046FFF768FE9B
:10B8900000B248457FF46DAF00222A2120460DF00A
:10B8A000F3FE2046FBF7A2F963E7204601F034FFE0
:10B8B00000287FF459AFB9F1000F9CD12046FAF768
:10B8C0007FFF2046FBF7F4FF64E7494668222046E5
:10B8D000FFF746FE10F0FF00A368A8D1002BB9D1F6
:10B8E00047E74FF002092046FAF760FAA3689A7E0C
:10B8F00069F387129A763CE74FF00109F3E700BF3E
:10B90000024B1B7803B97047FCE600BF410E0020D4
:10B910002DE9F843438C03F47C73B3F57C7F5FD04F
:10B920001646044600234FF6FF720F463146FFF7D6
:10B9300031FC628CE06812F47C7FC2F3051358D0AE
:10B9400002460025D1794FEAC50811F0030F02F134
:10B95000080209D001359D42F4D16B1C03F03F036E
:10B9600008F10808D90003E0013303F03F03D900D0
:10B97000628C63F3091262840AF02EFE628C8146A7
:10B98000C2F30512531EAB42E06019D9C2F10200A6
:10B99000023A954228444FEAC00088BF0020A3EB3A
:10B9A00005054FEAC303A3F1080101444FEAC505A9
:10B9B000184494BF2A4608224944484432F02CFED9
:10B9C000082109EB08000BF083FAE3680B4943F800
:10B9D000087043445A6866F317025A600B780BB933
:10B9E000BDE8F88331462046BDE8F8434FF6FF72C4
:10B9F00088E69846082101234546B9E7410E002014
:10BA0000F0B506680446738C83B013F47C7FC3F3EF
:10BA1000051C24D008460025F368DA79910719D56A
:10BA20005A68A168C2F31702914213D1A18868290C
:10BA300056D8562915D9A1F15702112A50D8DFE856
:10BA400002F0204F4F4F4F4F4F4F4F4F4F644F4FCC
:10BA50004F4F20200135AC4503F10803DDD103B081
:10BA6000F0BD362932D81F293AD90122A1F1200789
:10BA7000BFB2BA403A4F1740002F3DD112F4C01F59
:10BA80002ED0FE281BDCE768186801AA0BF044FDE5
:10BA9000F368A18853F8353098B1019D18463A46AD
:10BAA0000BF08CFBAF42DAD02E4B1B78002BD6D09C
:10BAB000A288A1682068FFF725FE03B0F0BD2769C2
:10BAC000E2E73A4618460BF079FBEDE7A1F14402B4
:10BAD00092B2112A04D8244F27FA02F2D2070BD4CB
:10BAE0000028D0D0FF28EAD0D4E90372D21B00FB93
:10BAF00002F207EB2227C7E700280FDDFE2812DD40
:10BB00000027228A62F30F07BEE7D4E90327002A41
:10BB1000BAD01FB37F28D8BF1746B5E70027A28940
:10BB200062F30F07B0E700270430A289B4F810C011
:10BB30004FEAD00E0D4802EB02420CEB0C4C0240D7
:10BB40000CEA000CACEB020C0EFB0CFC02EB5C12E2
:10BB5000024042EA124262F30F0795E7174693E765
:10BB600005004100410E0020090002001FF8E00717
:10BB70002DE9F04F0646894683B097B202F47F055F
:10BB8000002900F08D80CB79003B18BF01235B4278
:10BB90009BB20193738C13F47C7FC3F3051138D0EF
:10BBA0004FF0000C4FF6FF7A6446D6F80CB00BEB62
:10BBB000C402536857454FEAC408C3F317030FD0B4
:10BBC00098B2B8420CD00134A1420BEBC40217D991
:10BBD00053684FEAC408C3F3170398B2B842F2D1CE
:10BBE000B5F5702F03D003F47F03AB4205D1B9F153
:10BBF000000F11D013684B450ED00134A142D6D8A6
:10BC0000BCF1000F05D0019B1BB12B4B1B78002B07
:10BC10004AD103B0BDE8F08FD379990733D49B079D
:10BC200023D1738CC3F305135A1E94420AD2121BFC
:10BC300008F10801D20059440BEB0800009332F0E0
:10BC4000EBFC009B3F3303F03F01738C584661F3DC
:10BC500009137384C9000AF0BFFC718C4FF0010C0A
:10BC60008346C1F30511F060C8E710680BF0E0F9F6
:10BC7000F36853F808000AF099FC0023D6F80CB0DA
:10BC80004BF80830CDE700234FF6FF7229463046C7
:10BC9000FFF780FAD6F80CB00BEB0802D379BEE7B9
:10BCA0004FF6FF73019375E74FF6FF722946304652
:10BCB00003B0BDE8F04F25E5410E002003462DE915
:10BCC000F0411C682B482568A6880AF055FAB0B1E7
:10BCD000014604E027480AF057FA014678B18C4241
:10BCE000F8D00A6823689A42F4D18A68A3689A4215
:10BCF000F0D18A88A3889A42ECD1BDE8F0816B8CA0
:10BD000013F47C7FC3F30510F7D00027EB68DA79D2
:10BD1000920705D55A68A168C2F31702914206D06E
:10BD20000137874203F10803F1D1BDE8F0812146D4
:10BD300010480AF073F920460AF038FCEC683146E6
:10BD400054F837000BF0D6F9EB684FEAC70853F800
:10BD50003700A0440BF030FC0028CED0D8F80420E7
:10BD6000284654F8371022F07F42BDE8F041FFF733
:10BD7000FFBE00BF7416002070B505686B8C13F40D
:10BD80007C7FC3F305100ED0EE6800223346D979CC
:10BD9000C90703D5596831F07F4405D0013290427C
:10BDA00003F10803F3D170BD8242FCD0602156F844
:10BDB00032000BF09FF90028F5D0054B1B78002BC3
:10BDC000F1D021462846BDE8704060229AE400BFC9
:10BDD000410E00202DE9F04F4B8C0D4613F47C7F73
:10BDE000834695B0C3F305110ED088B3EA68136893
:10BDF000984218BF002304D12AE052F83300584576
:10BE000026D001338B42F8D1284601F099FC78B353
:10BE1000D9464FF000088346AB681B6853F82840AA
:10BE2000638C13F47C7FC3F305102ED0B9F1000F9F
:10BE300021D0E2681368994518BF002304D11AE0A5
:10BE400052F83310894516D001338342F8D11CE0F3
:10BE50009F4B1B78002BD7D028464FF6FF724FF42C
:10BE60007021FFF74FFC284601F06AFC0028CFD173
:10BE700015B0BDE8F08F964B1B7833B14FF6FF72CB
:10BE80004FF470212046FFF73DFC204601F058FC9E
:10BE9000002800F08481069500265D46C246834650
:10BEA000A3681B6853F826707B8C13F47C7FC3F364
:10BEB000051012D0B9F1000F00F0C681FA681368BE
:10BEC000994518BF002305D1BEE152F833108945CA
:10BED00000F0BA8101338342F7D1384601F030FCDB
:10BEE0000490002800F054815B460896D3464FF03A
:10BEF00000082E469A460794BB681B6853F82840F2
:10BF0000638C13F47C7FC3F3051012D0B9F1000FDA
:10BF100000F08D81E2681368994518BF002305D1B0
:10BF200085E152F83310894500F081810133834265
:10BF3000F7D1204601F004FC0590002800F01C8198
:10BF4000002553460996DA462646CDF828802C4629
:10BF5000B8464D469B46B3681B6853F82490B9F821
:10BF6000223013F47C7FC3F3051012D0002D00F0B3
:10BF70004481D9F80C2013689D4218BF002305D1D5
:10BF80003BE152F833108D4200F037810133834298
:10BF9000F7D1484601F0D4FB0390002800F0DF8081
:10BFA0000027CDE90D86B846CDE90BAB0F94D9F843
:10BFB00008301B6853F82840638C13F47C7FC3F36C
:10BFC000051111D0002D00F00B81E06803689D423F
:10BFD00018BF002305D103E150F83320954200F04B
:10BFE000FF8001338B42F7D1204601F0A9FB0028E6
:10BFF00000F0AA80CDF808904FF0000A2646C1460E
:10C000000746B3681B6853F82A40638C13F47C7F9F
:10C01000C3F3051211D0002D00F0FC80E068036826
:10C020009D4218BF002305D1F4E050F833108D4233
:10C0300000F0F08001339342F7D1204601F080FBFD
:10C040008346002878D04FF00008CDE91097CDF84E
:10C050000080A146B046D9F80830009A1B6853F812
:10C060002260738C13F47C7FC3F3051111D0002D73
:10C0700000F09D80F26813689D4218BF002305D12F
:10C0800095E052F83300854200F0918001338B42F5
:10C09000F7D1304601F054FB0746002844D0002475
:10C0A000CDF80480A046B268126852F82840628C2D
:10C0B00012F47C7FC2F3051113D0002D00F08480B0
:10C0C000E3681A68954218BF002207D17CE000BFE0
:10C0D000410E002053F83200854275D001328A4269
:10C0E000F8D1204601F02CFBC0B10022CDF84880E9
:10C0F000B84637460646284625461446AA68139091
:10C10000126852F824100134FFF764FEA642139817
:10C11000F4D105463E464746DDF8488008F101085F
:10C120004745C0D1DDF80480009B01339B45009357
:10C1300091D1DDE9109746460AF1010A57457FF48F
:10C1400060AFC846DDF80890039B08F1010843453D
:10C150007FF42DAFDDE90BABDDE90D860F9C059B70
:10C160000134A3427FF4F7AE5B46A946D3469A4614
:10C170004746099EDDF82880049B08F101084345E5
:10C180007FF4BAAE5346DA469B463546079C089E76
:10C190000136B3457FF484AED046AB46069D08F128
:10C1A0000108C3457FF438AE15B0BDE8F08F2D4BC4
:10C1B0001B78002B3FF46DAF4FF6FF724FF47021E8
:10C1C0003046FFF79FFA64E7264B1A78002A88D09A
:10C1D0004FF6FF724FF470212046FFF793FA80E785
:10C1E000204B1B78002B3FF4FFAE4FF6FF724FF44D
:10C1F00070212046FFF786FAF6E61A4B1B78002BD3
:10C200003FF4C7AE4FF6FF724FF470214846FFF778
:10C2100079FABEE6134B1B78002B3FF40EAF4FF6B6
:10C22000FF724FF470212046FFF76CFA05E70D4BC3
:10C230001B78002B3FF47DAE4FF6FF724FF4702158
:10C240002046FFF75FFA74E6064B1B78002B3FF49D
:10C2500044AE4FF6FF724FF470213846FFF752FAA2
:10C260003BE600BF410E00202DE9F047DFF8A48037
:10C2700098F800300BB9BDE8F0870546002007F0BC
:10C2800031FE07460028F6D07B6A002673B3FB68B0
:10C2900053F82690B9F8223013F47C7FC3F30511CC
:10C2A0000FD05DB3D9F80C0003689D4218BF00237E
:10C2B00004D123E050F8332095421FD001338B4244
:10C2C000F8D1484601F03CFA824658B10024D9F82A
:10C2D000083028461B6853F824100134FFF77AFD14
:10C2E000A245F4D17B6A0136B342D0D8384607F074
:10C2F000F9FD07460028C7D1BDE8F08798F800305F
:10C30000002BDED04FF6FF724FF470214846FFF746
:10C31000F9F9D6E7410E002070B50468A568A28837
:10C3200005F47F0529462068FFF71AF90022A68840
:10C3300023462946E060A28020683246FEF72AFFA5
:10C34000A1682068A680FEF7C3FEE268A1880068A5
:10C35000BDE870400AF032BFF8B50D4616461946E2
:10C360001C460746FEF74CFE324629460AF026FFD9
:10C37000054B1B7803B9F8BD2A4621463846BDE86F
:10C38000F840FFF7BFB900BF410E0020F8B50D46D9
:10C39000164619461C460746FEF732FE3246294627
:10C3A0000AF0A0FF054B1B7803B9F8BD2A462146C9
:10C3B0003846BDE8F840FFF7A5B900BF410E0020A0
:10C3C000B0F822C030B51CF47C7FCCF3051412D039
:10C3D0004FF0000CC06890F807E00CF1010C1EF063
:10C3E000010F04D04568C5F3170E734505D06445A9
:10C3F00000F10800EFD1002030BD0068BDE83040FA
:10C400000BF08AB8F8B5438C13F47C7FC3F30514A2
:10C4100016D01546C26806460F464FF0000C13466C
:10C4200093F807E01EF0010F04D05968C1F3170E0E
:10C43000754508D00CF1010C644503F10803EFD1F8
:10C4400000242046F8BDA445FAD0394652F83C00F5
:10C450000AF050FE04460028F2D0054B1B78002B52
:10C46000EFD030463A462946FFF74CF92046F8BD52
:10C47000410E00202DE9F047994690F8223092B005
:10C4800043F008031A9D80F82230028492462A89DC
:10C4900004460F46FFF764F8394606462A892046C7
:10C4A000A4F82090FFF75CF894F82230B04223F013
:10C4B000080384F8223044D02A8939468046A4F8FB
:10C4C00020A02046FFF74CF83946A4F8209081467A
:10C4D0002046FEF7FDFD4A46006829890AF06EFEF7
:10C4E0002B894E460B2B30D0364809F03FFD0646CF
:10C4F00050B32B89C0E90398838004606846B76015
:10C5000007F00CFF002200232F49CDE908230191F9
:10C51000FF219DF842306A882888524223F00103A7
:10C520000C928DF84230D5E9032307920693274AEF
:10C53000274B0B906846CDE9022300960A9107F03D
:10C54000D9FF12B0BDE8F087FEE747F6FF739945C3
:10C5500018D09845C8D12046FAF75CFC00EBD070A3
:10C5600040F34F062046FAF75BFC00EBD07040F337
:10C570004F039E42ABBF013301360FFA83F80FFA27
:10C5800086F8B1E72046FAF745FC00EBD07040F39F
:10C590004F092046FAF744FC00EBD07040F34F03FC
:10C5A000994507DA09F101090FFA89F9B04508BF81
:10C5B000C84699E701330FFA83F9B04508BFC8466A
:10C5C00092E700BF7416002001BA001019C30010D2
:10C5D000BDBC0010F8B51446B0B162220F46054646
:10C5E000FEF7BEFF064678B103686BB16322394699
:10C5F0002846FEF7B5FF10F0FF0205D02146304671
:10C600003368984760F30F042046F8BD2DE9F043E6
:10C61000438C054613F47C7F83B0C3F3051000F010
:10C6200023810024CF43D643A04608E04FF0020800
:10C63000688CC0F305100134A04240F21181E96812
:10C6400001EBC403DA799207F5D49B8807EA030269
:10C650003340B2FA82F2B3FA83F352095B099A4289
:10C66000E9D051F8349001AA102148460AF054FF4D
:10C67000002840F0F3801121484601AA0AF04CFF3F
:10C68000002840F0EB801221484601AA0AF044FF3E
:10C69000002840F0E3801321484601AA0AF03CFF3D
:10C6A000002840F0DB801521484601AA0AF034FF3B
:10C6B000002840F0D3801421484601AA0AF02CFF3C
:10C6C000002840F0CB800A21484601AA0AF024FF46
:10C6D000002840F0C3806B21484601AA0AF01CFFE5
:10C6E000002840F0BB806C21484601AA0AF014FFE4
:10C6F000002840F0B3800121484601AA0AF00CFF4F
:10C70000002840F0AB800421484601AA0AF004FF4B
:10C71000002840F0A3800221484601AA0AF0FCFE4E
:10C72000002840F09B800321484601AA0AF0F4FE4D
:10C73000002840F093800521484601AA0AF0ECFE4B
:10C74000002840F08B800621484601AA0AF0E4FE4A
:10C75000002840F083803221484601AA0AF0DCFE1E
:10C7600000287BD16E21484601AA0AF0D5FE002898
:10C7700074D16D21484601AA0AF0CEFE00286DD181
:10C780006921484601AA0AF0C7FE00287FF44EAF8F
:10C790006A21484601AA0AF0BFFE00287FF446AF8E
:10C7A0006E21484601AA0AF0B7FE00287FF43EAF8A
:10C7B0006D21484601AA0AF0AFFE00287FF436AF8B
:10C7C0003721484601AA0AF0A7FE00287FF42EAFC1
:10C7D0003821484601AA0AF09FFE00287FF426AFC0
:10C7E0003521484601AA0AF097FE00287FF41EAFC3
:10C7F0004021484601AA0AF08FFE00287FF416AFB8
:10C800004521484601AA0AF087FE00287FF40EAFB2
:10C810004121484601AA0AF07FFE00287FF406AFB6
:10C820004221484601AA0AF077FE00287FF4FEAEB6
:10C830004321484601AA0AF06FFE00287FF4F6AEB5
:10C840004846492101AA0AF067FE00287FF4EEAEAF
:10C85000B8F1010F38BF4FF00108E9E64FF00308C7
:10C86000404603B0BDE8F0838046F9E770B592B06A
:10C87000054668460E46144607F050FD0022002388
:10C88000CDE90823FF23074A6846CDE90052064A4E
:10C8900064420B960C9403920A9307F02BFE12B09D
:10C8A00070BD00BF8DB1001079BD001070B5054698
:10C8B00092B068460E46144607F030FD0021602213
:10C8C00028460095FEF74CFE0022074B6442019378
:10C8D000C3B26846CDE908330B960A920C9407F070
:10C8E00009FE12B070BD00BF8DB1001080B270475C
:10C8F00000F47F00704700BF70B55B2205460E460E
:10C90000FEF72EFE04461622E4B231462846FEF714
:10C9100027FE012C204638BF012070BD70B5602273
:10C9200004460E46FEF71CFEC0B202281ED9FC28A3
:10C930001FD936B3C4B1FF25602200212046FEF77F
:10C940000FFEC3B2022B11D9FC2B204603D803FBE8
:10C9500005F5C5F3072500F0DFFE0446002CEBD1FA
:10C96000022D03D9FC2D02D9FF2500E00025284621
:10C9700070BDC0EB0020C0F30725002EEED120468D
:10C98000E9E7204600F0C8FE04460028D3D1EBE7D3
:10C990008C46134601216246FFF7DEBC8C461346E7
:10C9A00002216246FFF7D8BC8C461346032162463B
:10C9B000FFF7D2BC8C46134604216246FFF7CCBC7D
:10C9C0008C46134605216246FFF7C6BC8C461346CB
:10C9D00006216246FFF7C0BC8C461346072162461B
:10C9E000FFF7BABC8C46134608216246FFF7B4BC79
:10C9F0008C46134609216246FFF7AEBC8C461346AF
:10CA000069216246FFF7A8BC8C4613466A2162463C
:10CA1000FFF7A2BC8C4613466B216246FFF79CBC15
:10CA20008C4613466C216246FFF796BC8C46134633
:10CA30006D216246FFF790BC8C4613466E2162461C
:10CA4000FFF78ABC8C4613466F216246FFF784BC11
:10CA50008C46134670216246FFF77EBC8C46134617
:10CA600010216246FFF778BC8C46134611216246BE
:10CA7000FFF772BC8C46134612216246FFF76CBC6E
:10CA80008C46134613216246FFF766BC8C4613465C
:10CA900014216246FFF760BC8C461346152162469E
:10CAA000FFF75ABC10B54FF0000EF4460C466EF37B
:10CAB0001F4C64F30F0C13462021624682B0ADF880
:10CAC00000E002B0BDE81040FFF746BC8C461346BC
:10CAD00021216246FFF740BC10B54FF0000EF4462E
:10CAE0000C466EF31F4C64F30F0C13462221624672
:10CAF00082B0ADF800E002B0BDE81040FFF72CBCFA
:10CB00008C46134623216246FFF726BC8C4613460B
:10CB100024216246FFF720BC8C461346252162463D
:10CB2000FFF71ABC8C46134626216246FFF714BC59
:10CB30008C46134627216246FFF70EBC8C461346EF
:10CB400028216246FFF708BC8C461346292162461D
:10CB5000FFF702BC10B54FF0000EF4460C466EF322
:10CB60001F4C64F30F0C13462A21624682B0ADF8C5
:10CB700000E002B0BDE81040FFF7EEBB8C46134664
:10CB80002B216246FFF7E8BB8C4613462C216246F8
:10CB9000FFF7E2BB10B54FF0000EF4460C466EF303
:10CBA0001F4C64F30F0C13463021624682B0ADF87F
:10CBB00000E002B0BDE81040FFF7CEBB8C46134644
:10CBC00031216246FFF7C8BB8C46134632216246CC
:10CBD000FFF7C2BB8C46134633216246FFF7BCBB4E
:10CBE0008C46134634216246FFF7B6BB8C4613468B
:10CBF00035216246FFF7B0BB10B54FF0000EF4468A
:10CC00000C466EF31F4C64F30F0C1346362162463C
:10CC100082B0ADF800E002B0BDE81040FFF79CBB69
:10CC20008C46134637216246FFF796BB8C46134667
:10CC300038216246FFF790BB8C461346402162467E
:10CC4000FFF78ABB8C46134641216246FFF784BB3F
:10CC50008C46134642216246FFF77EBB8C46134644
:10CC600043216246FFF778BB10B54FF0000EF44643
:10CC70000C466EF31F4C64F30F0C134644216246BE
:10CC800082B0ADF800E002B0BDE81040FFF764BB31
:10CC90008C46134645216246FFF75EBB8C46134621
:10CCA00046216246FFF758BB10B54FF0000EF44620
:10CCB0000C466EF31F4C64F30F0C1346472162467B
:10CCC00082B0ADF800E002B0BDE81040FFF744BB11
:10CCD0008C46134648216246FFF73EBB8C461346FE
:10CCE00049216246FFF738BB8C4613464A2162460B
:10CCF000FFF732BB8C4613464B216246FFF72CBB35
:10CD00008C4613464C216246FFF726BB10B54FF008
:10CD1000000EF4460C466EF31F4C64F30F0C1346E2
:10CD20004D21624682B0ADF800E002B0BDE810408F
:10CD3000FFF712BB8C4613464E216246FFF70CBB31
:10CD40008C46134650216246FFF706BB8C461346BD
:10CD500051216246FFF700BB10B54FF0000EF446BC
:10CD60000C466EF31F4C64F30F0C134652216246BF
:10CD700082B0ADF800E002B0BDE81040FFF7ECBAB9
:10CD80008C46134653216246FFF7E6BA8C4613469B
:10CD900054216246FFF7E0BA10B54FF0000EF4469A
:10CDA0000C466EF31F4C64F30F0C1346552162467C
:10CDB00082B0ADF800E002B0BDE81040FFF7CCBA99
:10CDC0008C46134656216246FFF7C6BA8C46134678
:10CDD00057216246FFF7C0BA8C4613465821624677
:10CDE000FFF7BABA8C46134659216246FFF7B4BA28
:10CDF0008C4613465A216246FFF7AEBA8C4613465C
:10CE00005B216246FFF7A8BA8C4613460B216246A7
:10CE1000FFF7A2BA8C46134617216246FFF79CBA69
:10CE20008C46134660216246FFF796BA8C4613463D
:10CE300061216246FFF790BA8C4613466221624632
:10CE4000FFF78ABA8C46134663216246FFF784BA1D
:10CE50008C46134664216246FFF77EBA8C46134621
:10CE600065216246FFF778BA8C4613466621624612
:10CE7000FFF772BA8C46134667216246FFF76CBA19
:10CE80008C46134668216246FFF766BA8C46134605
:10CE90000A216246FFF760BA8C46134616216246A5
:10CEA000FFF75ABA2DE9F0410F46904670B311468C
:10CEB0000646B84702282ED0012815D0B5689DB186
:10CEC00000246B68A3420FD9002C27DB23462A6875
:10CED00052F8230042463946FFF7E4FF02281AD0F1
:10CEE000B5680134002DECD10020BDE8F081436A23
:10CEF0005BB10024EB68424653F824003946FFF743
:10CF0000D1FF6B6A0134A342F4D8284606F0EAFF49
:10CF100005460028EBD10220BDE8F0811B192CBF8B
:10CF200001200020002B02DB0028D3D0CFE7002017
:10CF3000D0E700BF2DE9F04190F82330826843F03C
:10CF40001003054680F82330AAB153689BB11368DB
:10CF50001C6884B10022212120460CF095FB10B101
:10CF60002046FFF7E7FFAB682BB15A681AB11B6880
:10CF70001C68002CEED12846F8F714FF0646002066
:10CF800007F07AF8044630B300270BE0636B9D424C
:10CF9000636D08BF67639E420FD0204607F06CF8B0
:10CFA0000446C0B1A36A9D4202D0E36A9D42EDD11E
:10CFB000294620460DF09CFAE8E70DF097FB8542E4
:10CFC000EBD1204629460DF093FA204607F054F89D
:10CFD00004460028E6D12846F9F762F86B68ABB33F
:10CFE0009C68002C72D0D4E9000100230A4606E0B8
:10CFF0001E4650F82660B5420BD0013301329942EB
:10D0000062D0002BF4DA002AF7DB9142F5D91646FC
:10D01000EFE7013999420FD901339A0000E001335B
:10D020008158104440F8041C696804328C68D4E9C3
:10D03000000101398B42F2D36160890009F0CCFA1A
:10D0400020602846BDE8F04109F0B0BA204809F058
:10D0500093F80646A8B3716A61B3F7680023381FD6
:10D06000024602E001338B4224D052F8044FA5421D
:10D07000F8D1002202E001328A4203D250F8043F84
:10D080009D42F8D14C1E94424FEA840807D9900083
:10D09000011DA21A92003944384431F0BDFA4146CC
:10D0A0003846746209F098FAF0602846BDE8F0410D
:10D0B00009F07CBA3146064809F066F806460028B1
:10D0C000C9D100235B6AFFDE0139B5E76368FFDE83
:10D0D0002C16002070B50446FAF7EAFB6568BDB16E
:10D0E0000022212120460CF0CFFA10B12046FFF794
:10D0F00021FF2846FDF7C4FE0022222128460CF01D
:10D10000C3FA2846BDE87040002224210CF0BCBAC6
:10D11000194809F031F8064620B3756A1DB3F26864
:10D120000023043A01E0AB421DD052F8041F013342
:10D130008C42F8D133699C4209D00022212120463B
:10D140000CF0A2FA70B12046BDE87040F2E6002271
:10D15000212120460CF098FA10B12046FFF7EAFE94
:10D160000023336170BD3146034809F00DF80646CF
:10D170000028D2D170BD00BF2C16002070B5046805
:10D180002046FAF795FB6568BDB1002221212046B3
:10D190000CF07AFA10B12046FFF7CCFE2846FDF7D6
:10D1A0006FFE0022222128460CF06EFA2846BDE8C8
:10D1B0007040002224210CF067BA194808F0DCFF07
:10D1C000064620B3756A1DB3F2680023043A01E0F5
:10D1D000AB421DD052F8041F01338C42F8D13369A1
:10D1E0009C4209D00022212120460CF04DFA70B15A
:10D1F0002046BDE870409DE60022212120460CF02B
:10D2000043FA10B12046FFF795FE0023336170BD4D
:10D210003146034808F0B8FF06460028D2D170BD59
:10D220002C16002070B50446FAF742FB6568BDB1C4
:10D230000022212120460CF027FA10B12046FFF7EA
:10D2400079FE2846FDF71CFE0022222128460CF01C
:10D250001BFA2846BDE87040002224210CF014BAC5
:10D26000194808F089FF064620B3756A1DB3F268B5
:10D270000023043A01E09D421DD052F8041F0133FF
:10D280008C42F8D13369A34209D0002221212046E3
:10D290000CF0FAF970B12046BDE870404AE6002271
:10D2A000212120460CF0F0F910B12046FFF742FE94
:10D2B0000023336170BD3146034808F065FF064620
:10D2C0000028D2D170BD00BF2C16002038B505460D
:10D2D000FAF7EEFAAB688BB15A687AB11B681C6832
:10D2E00064B10022212120460CF0CEF90028F1D0B3
:10D2F0002046FFF71FFEAB68002BEDD10023284628
:10D300001A461946FDF792F8AB680BB100221A6174
:10D3100038BD00BF30B593B005460C4601A806F0F5
:10D32000FDFF002201230649644201A8CDE9015214
:10D33000CDE90C34049107F0DDF813B030BD00BF27
:10D340007DD100100146014808F01EB8D5D000106C
:10D350004368002B00F097802DE9F0470D46002927
:10D3600000F089800446FAF7A3FA2846F8F71EFD74
:10D3700066680023D6F808A0DAE90002944607E0C0
:10D380009E4650F82EE0744510D001330CF1010C8C
:10D39000934209D0002B1946F2DABCF1000FF4DBFE
:10D3A0009445F2D2E646ECE74FF0FF3102F1FF3848
:10D3B000414524DA521A022A02F1FF3E18D001F147
:10D3C000010C00EB8C034FEA5E09A3F1040C03EBA4
:10D3D000C909D3E9007208334B45CCE900720CF15E
:10D3E000080CF6D11EF0010F09D02EF0010E714489
:10D3F000013150F8213000EB810141F8043CCAF8BA
:10D400000480B8F1000F38D04FEA880109F0E4F841
:10D41000CAF80000AF68796838680131796089001E
:10D4200009F0DAF8AA683860D2E9002303F18043F2
:10D43000013B42F8234030466560FDF721FD22465E
:10D44000222130460CF020F90022242130460CF035
:10D450001BF92246222128460CF016F9002223212E
:10D4600028460CF011F92046F9F7C0FB2046BDE82C
:10D47000F047FAF71DBABDE8F08709F097F8B368EE
:10D48000C3F80080C6E77047F8B50D1E044645DBBB
:10D49000002856D04668002E53D0B768B7B17968D7
:10D4A0000846002307E09C463A6852F82CC06445C1
:10D4B0000FD001330130994209D0002B9E46F2DA99
:10D4C0000028F6DB8842F4D28446EDE7F8BD4FF041
:10D4D000FF3E002C08BF0026002DF7DBB368002BB1
:10D4E000F4D05968A942F1DD7545EFD01F681DDB06
:10D4F0004FEA8E00011DA5EB0E029200394438441C
:10D5000031F08AF8304647F82540002222210CF0FD
:10D51000BBF83046BDE8F840FAF7CAB988B14668AA
:10D52000B768002FD2D079680D44B9E7681C800035
:10D53000AEEB0502011F92003944384431F06CF81B
:10D54000E0E700239B68FFDE2DE9F84306460D4621
:10D55000002800F087804768002900F08A80D1F811
:10D560000480C7B1BC68002C6ED0616800230A46F5
:10D5700007E09C46206850F82C00864270D00133AA
:10D580000132994264D0002BF3DA002AF7DB914292
:10D59000F5D99446EEE743463C46002B52D0D3F8EB
:10D5A00008C0BCF1000F17D0DCF8040000230246CD
:10D5B00008E09E46DCF8001051F82E108D424CD049
:10D5C00001330132984207D0002BF2DA002AF7DB50
:10D5D0009042F5D99646EDE76FF003092A462421DB
:10D5E00040460CF051F83246242138460CF04CF8F5
:10D5F000BB6822211B682A461D51D8F808303846DE
:10D600001B6843F809600CF03FF82A46232138468E
:10D610000CF03AF83246222140460CF035F83246FA
:10D62000232140460CF030F83846FAF741F94745D7
:10D6300002D04046FAF73CF929463046BDE8F843A7
:10D640000CF092BC9946C9E743466FF00304A4E787
:10D650006FF0030495B16B689FE74FEA8309BDE75C
:10D660009C00F7E7E1B1D1F8048007464346044641
:10D6700093E7AFB1BC681CB1884676E7A946ADE731
:10D680002246242120460BF0FFFF32462421384653
:10D690000BF0FAFFBB68A2681B6843F8044CFFDE7E
:10D6A0000022242110460BF0EFFF324624210020F7
:10D6B0000BF0EAFF00239B68FFDE00BF00B9704754
:10D6C000034640680028FBD118467047436870B590
:10D6D000EBB11D465B68002BFBD10E4808F04CFDFA
:10D6E00098B1466A5EB1C2680023043A01E0B342D1
:10D6F00005D052F8044F0133AC42F8D170BD014659
:10D70000044808F041FD0028EBD1002070BD05461B
:10D71000E3E700BF2C16002000B14068704700BF4F
:10D72000806860B100290B46426805DB934205D250
:10D73000026852F8230070478B18F7D50020704715
:10D74000806800B1406870470246F8B14068E0B1B7
:10D7500030B48468ACB1616800200B4607E08446B1
:10D76000256855F82C50AA420DD00130013388426B
:10D7700007D00028F3DA002BF7DB9942F5D99C4655
:10D78000EEE74FF0FF3030BC70477047704700BF86
:10D790002DE9F0410E46174678B311468046B04752
:10D7A0000138C0B2012817D9D8F80850A5B1002413
:10D7B0006B68A34210D9002C25DB23462A6852F857
:10D7C00023003A463146FFF76DFB022804D0D8F813
:10D7D00008500134002DEBD1BDE8F081436A5BB104
:10D7E0000024EB683A4653F824003146FFF75AFB11
:10D7F0006B6A01349C42F4D3284606F073FB05465D
:10D800000028EBD1E8E71B192CBF01200020002BDA
:10D8100002DB0028D5D0D1E70020D2E770B5002286
:10D820000C4682B01431064607F0CCFA50B3012101
:10D830002046F8F7A3FA28BB2046F8F7F9FF03467D
:10D8400000BB122120466A468DF8003001960BF08D
:10D850001BFF9DF80030022B14D02046FFF770FF0D
:10D86000451E0AD4A36830461B6853F82510FFF7FD
:10D87000D5FF013D38B96B1CF4D19DF800300BB9D0
:10D88000204600E0002002B070BD00BF704700BF1E
:10D890002DE9F04F0D46074687B002A92846D7F874
:10D8A0000890F9F70DFA2846F8F7BCFF024602A8DF
:10D8B000114607F015F84946684602AAEB4607F0FC
:10D8C00049F898BB4FF400212846F8F757FA8246EA
:10D8D00060BB4FF400212846F8F750FA04AC00284A
:10D8E0003FD02346D9F80000D9F8041003C32846D6
:10D8F000BC60FFF725FF804680B10024AB680121A2
:10D900001B6853F824603046F8F738FA18B93146E6
:10D91000384600F047F80134A045EFD1BAF1000FC6
:10D920002AD1C7F8089007B0BDE8F08F3A46142115
:10D930002846C7F808B00BF0A7FE3A46152128463E
:10D940000BF0A2FE3A46162128460BF09DFE4FF43E
:10D9500000212846F8F712FA4FF0010A04AC00281B
:10D96000BFD14946204605F1140206F0F3FF002816
:10D97000BDD1BAF1000FD4D03A4617212846C7F8D6
:10D9800008B00BF081FE3A46182128460BF07CFEC9
:10D990003A46192128460BF077FEC7F8089007B0E1
:10D9A000BDE8F08F2DE9F04F054691B008460C46D2
:10D9B000F8F73EFF30B92146284611B0BDE8F04FD8
:10D9C000FFF766BF0746612200212046FDF7C8FD2C
:10D9D000C6B2012E11D92046F8F724FF804604A9CB
:10D9E0002046F9F76DF94246414604A806F078FF53
:10D9F000022F00F0E180012F02D011B0BDE8F08FBE
:10DA00000AAF3846A96804AA06F0A4FF0028F4D09B
:10DA100097E803000DF1080804F1140388E80300F7
:10DA2000002219464046019307F0CCF9002840F047
:10DA3000FF804FF0030A41465246284602F0D2F9D1
:10DA400083460028D9D06F2200212046FDF788FDAB
:10DA500070220FFA80F900212046FDF781FD09F4BC
:10DA6000C042B2F5005F0FFA80F800F0398108F487
:10DA7000C042B2F5005F00F01681384601F08EFA20
:10DA80006E22002120468DF83360FDF769FD02B259
:10DA9000B2F5616F40F30181A0F5616002B200212F
:10DAA000ADF8282020466D22FDF75AFD682200219E
:10DAB000ADF82A002046FDF753FDA94A9DF8341021
:10DAC000126860F3030112681AF0020F127C8DF8DD
:10DAD00034109DF83C10C2F3C00262F300018DF8CF
:10DAE0003C1000F0B9809BE803000BF10806BBF97D
:10DAF00006E0BBF8122086E80300BBF90A10BDF966
:10DB00000EC00A44013A12B27245A8BF72468C4553
:10DB1000ABF80E20C0F2BC801FFA89F91FFA88F812
:10DB200034E00022BBF90E10BBF90600884201DA8E
:10DB3000ABF80E005946284602F086F921462846E1
:10DB4000FFF7A6FE6968A28A08884988121A4A4423
:10DB5000ADF82C20E28A2846521A42445946ADF8C4
:10DB60002E203A4602F074F9BBF80E20BBF81210D2
:10DB70000132013911FA82F1ABF80E10BDF90E1025
:10DB800012B29142ABF80A20C0F28280BAF1020FC1
:10DB9000C7D000223046019907F014F9002840F060
:10DBA000BC80BBF80A20BBF810101144013909B23F
:10DBB0000122ABF80E10B7E7002308AF04AA92E8E1
:10DBC00003001A4687E8030039462046F9F704FCAB
:10DBD0003A46A96806A806F0BDFE00283FF40DAF3E
:10DBE0000AAF06AB93E80300002287E80300012395
:10DBF00039462046F9F7F0FB3946384604AA06F0C4
:10DC0000A9FE00283FF4F9AE97E803000DF10808DB
:10DC100004F1140388E803000022194640460193EA
:10DC200007F0D0F8002840F089804FF0010A02E7A1
:10DC300000233A4612212046CDF82C808DF828305A
:10DC40000BF022FD9DF828A0BAF1000A18BF4FF092
:10DC5000010A4AF0020AEEE6BBF90A10BDF90E20ED
:10DC6000914215DC21462846FFF712FE6E68A18A14
:10DC7000E08A34883A46091B4944ADF82C10718873
:10DC8000401A4044ADF82E005946284602F0E0F80C
:10DC90005946284602F0E0F8AFE6002ABCBF00F57E
:10DCA000616002B2FBE628F4C042B2F5FA6F3FF7BA
:10DCB000E4AE1146B2F57A7FC8BFC2F57A71628BC5
:10DCC000E08A0132121A12B201FB02F225494FEA30
:10DCD000E27881FB0201C8EB61180FFA88F8CCE604
:10DCE00029F4C042B2F5FA6F3FF7C1AE1146B2F562
:10DCF0007A7FC8BFC2F57A71228BA08A0132121ACC
:10DD000012B201FB02F217494FEAE27981FB0201EC
:10DD1000C9EB61190FFA89F9A9E6002212218DF8E1
:10DD20002020204608AA09960BF0AEFC9DF8202082
:10DD3000002A7FF436AFBBF90E10F5E600233A4611
:10DD400012212046CDF82C808DF828300BF09CFC59
:10DD50009DF828A0BAF1000A18BF4FF0010A6AE640
:10DD6000E01500201F85EB512DE9F0478146002981
:10DD700045D0884601214046F8F700F8002847D0F2
:10DD80004046FFF7C9FC064600283FD03046FFF763
:10DD9000D7FC8246E8B10024274607E0A5EB080738
:10DDA000B7FA87F77F090134A24512D0B3681B6820
:10DDB00053F82450002FF1D001212846F7F7DEFF59
:10DDC0000028F0D1294648460134FFF7EBFDA24573
:10DDD000ECD14A46172130460BF056FC4A46182132
:10DDE00030460BF051FC4A46192130460BF04CFCF2
:10DDF0003046FFF791FCB04640B10646C6E7074BF8
:10DE000018680BF0B5F880460028B3D1BDE8F0875C
:10DE100041464846FFF7C6FDB2E700BFE0150020C7
:10DE20002DE9F04F854C0646ADB0206806F064F849
:10DE3000F36805460BB1304698472B68206863B1FC
:10DE40006B68002B00F0B6800268E968138852887E
:10DE500013FB02F3994200F0AD8075680BF088F86F
:10DE600001462846FFF7DAFC236805465969002970
:10DE700000F0A9807068FFF7D1FC23680746002DE9
:10DE800000F0B18093F82820D20740F1C7803046D7
:10DE90002946FFF769FF206843693BB1002F08BF9F
:10DEA0001F4630463946FFF75FFF20680BF074F8D5
:10DEB00001463046FFF758FF20680BF077F801461F
:10DEC0003046FFF751FF2768384606F015F83B68E3
:10DED0000390DE6B736B0BB1304698470398226852
:10DEE0000368D2F800A0ABB143689BB1BAF8021046
:10DEF000BAF8003013FB01F3C16899420AD05046CA
:10DF000003E0836A002B40F08580039B1B69002B94
:10DF1000F7D182460121039CDAF80C30216198691F
:10DF2000C5074BD59B69980748D52346616138687A
:10DF30005D69436943B3017C746811F0300F049448
:10DF4000346802D0490700F1AF804FF0000CE04682
:10DF50002246049C0689A188B4F800E0B4F8029037
:10DF6000B644E4880E4441896EF30F0C89440C4496
:10DF700066F30F0869F31F4C64F31F481EA9CDF820
:10DF800078C0CDF87C809847039A136863B15268D3
:10DF900052B13968097CC90700D52DB10398816851
:10DFA0008B4218BF1A4682602DB0BDE8F08F026820
:10DFB000936A5BBB2B69002BF9D14EE700230399D1
:10DFC0004B610B46B3E700283AD093F82830D907C5
:10DFD00016D501463046FFF7C7FE20684769002F77
:10DFE0007FF45FAF62E758B393F82820D00759D485
:10DFF0005B691BB139463046FFF7B6FE23681D69E1
:10E0000030462946FFF7B0FE20684FE71046984794
:10E010002068CFE798472268106876E75969002999
:10E02000EED0002F00F0D58239463046FFF79CFE37
:10E0300030462946FFF798FE206837E7E0150020B4
:10E04000184605F077FE0546206805F085FE00229B
:10E05000411E09B26B1E00911BB211461CA806F0AE
:10E06000F3FB336B002B00F032811EAB1D461846CC
:10E0700003F07CFF23682946D86A1CAA229093F8F3
:10E0800029008DF892005B8D8DF87B00ADF87C3017
:10E090003046336B9847236893F82820D50740F122
:10E0A000EA8100271D69F2E69AF8103003F00601B4
:10E0B00006293FF469AF03F03001202900F01E82E9
:10E0C000DE067FF561AF104605F016FF04994FF4A8
:10E0D000A056B1F90020B1F904C091B20B468646B2
:10E0E0001FFA8CF01291411CC91A8BB20FFA81FBF6
:10E0F00004991190B6FBFBF0B1F90260109333461E
:10E100001396CE889BB20136F61A0C9333B298421E
:10E11000A8BF18469AF81010B6B201F030011029C5
:10E120000A9307960B900BD1129ABAF80230119904
:10E130009B1A013B521A12FA83F20FFA83FC12B2B5
:10E14000049B5A80A3F806C00A9B002B7FF71CAFE4
:10E150004FF000084146CDF818808946F046109BE4
:10E16000CDE91775013B9AB20BFB0BF316930BF13C
:10E17000010303EBD3735B1014930BEBDB735B10A6
:10E180000E93531C5B000F931EAB15920D9301234E
:10E19000C8F81030079BA3EB09060B9B9E42A8BF53
:10E1A0001E46B9F1000F03D10A9B9B4540F3FB804B
:10E1B000069B002B00F0598106FB0BF319460593D3
:10E1C0009AF81030002E03F03002A1EB060011DDAA
:10E1D000302A00F09F80C6EBC67C4FEA4C0C10FA48
:10E1E00086FEBBF1000F00F39E8001308645F8D11A
:10E1F00003F030021FFA89F30893102AB3B209938F
:10E2000000F0C480BAF800200C9BB0B2D21A013AD8
:10E210001FFA89F3D21A92B2531C04991B1A9BB2AB
:10E220008A800B8007994E448E426FDBD8F8181015
:10E23000CD076BD5D8F81810880767D50121C8F825
:10E2400014104FF0000CBAF80870BAF80A603B449A
:10E250001744049A0699B2F80290D288B144E6466F
:10E2600016440A4667F30F0E614508BF224663F362
:10E270000F0C69F31F4C66F31F4EDAF8145050462A
:10E280000D99CDF878C0CDF87CE0A84703E0DAF826
:10E290002830002B37D1D8F81030002BF7D1DDE92A
:10E2A000083213440FFA83F90A9B059A4B4504EB95
:10E2B00042043FF76CAFDDE91775DDF81880B8F15F
:10E2C000000F3FF461AE404608F0D2FA5CE62368E6
:10E2D000D86A002800F08C811BA904F0EFFD01280A
:10E2E0007FF4D9AE1EAB1D46184600F057FE2368DA
:10E2F000294693F829001CAA8DF88300DB6A304672
:10E3000000F05EFEC7E650469847C4E70021C8F813
:10E31000141096E710FA86FCBBF1000F1BDC0130ED
:10E320008445F9D164E72746CDF820A0069DDDF8A5
:10E330003CA03A4605EB4003574432F8021B974293
:10E3400019806344F9D101307045F2D1DDF820A085
:10E350009AF810304CE72546059BCDF820A003F134
:10E36000FF3EDDF818A00F9FAEEB00022B463D44A8
:10E3700033F8021BAB422AF812103244F8D10130B4
:10E3800060451D46E2D0AEEB0002EFE70C9B1FFAA2
:10E3900089F213449BB25A1EB0B20499024492B25D
:10E3A0000B808A803EE79AF81030BBF1010F03F032
:10E3B000300341DD302B66D0CDE908A8CE464F466C
:10E3C000CDF864900E98DDF85090DDF854C000232D
:10E3D0001946ACEB070636B20BFB06F8059001FBBD
:10E3E0000B659BB234F81500ACEB0302714412B21A
:10E3F00034F811A024F811000BFB0271424434F8E8
:10E400001200013324F8150034F811501BB299455D
:10E4100024F8125024F811A01946E0DC05980137C1
:10E420003BB29842DE44D2DCDDE908A89AF810300D
:10E43000DDF8649003F03003102B00F0CE80BAF8C2
:10E4400000200C9B0499D21A013A92B2DDE9110323
:10E450001B1A13449BB28A800B801099099116995C
:10E460005E46059100210891DCE64FF4205008F04B
:10E4700047F90690A0E6596900293FF4BFAD304640
:10E48000FFF772FCBAE54D46CC46CDF86490CDE975
:10E4900008A8DDE914A800231946A8EB0C0E0FFA12
:10E4A0008EFE0EFB0BF9CDF814E09BB2A8EB030235
:10E4B00012B20BFB02C0059F34F810E06E184A44FC
:10E4C00001FB0B7134F8167024F816E034F8126072
:10E4D000013324F8106034F811001BB2534524F8BE
:10E4E000120024F811701946DFDB0E9A0CF1010CB2
:10E4F0000FFA8CF39A425D44CDDC95E74FF0FF3381
:10E50000049AB2F80490B2F806C0B2F800805688B7
:10E5100009F101010CF10102A1EB0801921B09B202
:10E5200012B201FB023301FB02FE8BB104EB4E0081
:10E53000A11E05971A4630F8027D31F802BF013B53
:10E54000AEEB02029342A0F800B00F80F2D8059F14
:10E55000224600242346BAF80010DAF814B0013934
:10E5600089B2A1EB0808A1EB09011FFA81FEBAF8F4
:10E5700002101FFA88F8013989B28E1BA1EB0C0139
:10E58000A4461FFA86F96EF30F048EB2059666F361
:10E590001F44049E68F30F0C34601C4669F31F4C43
:10E5A000C6F804C0BAF808C05046059EBAF80AA0DA
:10E5B000E644C44456446EF30F036CF30F04CA449C
:10E5C00066F31F436AF31F44CDE91E341EA9D847E2
:10E5D000DAE43046FFF7C8FB12E50499139B109864
:10E5E0000B800C9B09905A1E024492B28A8036E737
:10E5F0001EAB1D46184603F0B9FC236829465A8D08
:10E600003046ADF87C2093F8293072688DF87B3065
:10E6100003F0D2FC3FE500BF70B50D4684B0002882
:10E6200040D0044620460AF04BFF002838D094F82A
:10E63000283013F0040333D1002D39D02046009345
:10E6400005F078FB03462046013BADF8043005F0A9
:10E6500083FB0138ADF8060029466A4602A806F099
:10E6600079F9E8B12068037C9B0725D483690BB155
:10E6700002A99847B4F85031002B3CD0002604F191
:10E68000300503E0B4F85031934225D900222946E1
:10E6900002A806F097FB0136B2B208350028F1D087
:10E6A00004B070BD05F040FB04460028BAD1F7E77E
:10E6B000A4F8505104B070BD01259DE803006268C4
:10E6C00004F1300383E80300A4F85051002AE7D096
:10E6D000104609F0F3F8E3E71F2B0CD9DDE9002120
:10E6E0000123C4E90C216068A4F850310028D7D078
:10E6F00009F0E4F8D4E702989A1D0399013344F82D
:10E70000320004EBC20251609BB2ECE7014B186887
:10E71000704700BFE0150020014B1860704700BF34
:10E72000E01500202DE9F04F95B0044605F0D8FC27
:10E73000002383460B93002C00F07482514DE36854
:10E7400020462B6009F0B4F828680069FAF79AFAB5
:10E750002B68586910B1FAF795FA2B68D869FAF75F
:10E7600091FA2B68186AFAF78DFA2F683B69002B2B
:10E7700000F05382B7F85021002A00F0FA824FF0DF
:10E78000000ACDF818B003E00AF1010A92454CD214
:10E7900007EB0A0393F83041002CF5D1002A44D04E
:10E7A0000AF106094FEACA084FEAC90308F130081E
:10E7B00005933B19E60093F830313036B91907EB71
:10E7C00008005BBBA24529D006F0DEFA2F6818B31B
:10E7D000BA1907EB08010CA806F0CCF90CA806F052
:10E7E0006FF82B68834603EB080006F069F8296888
:10E7F0008146881906F064F809EB00039B452F68F1
:10E800000AD2DDE90C31059ABB50BA1851604FF0BD
:10E8100001023B1983F83021B7F8502101349442AA
:10E82000C7D30AF1010A9245B2D33B68DDF818B0AC
:10E83000197CC9077AD5DB685B68002B76D007F5B1
:10E84000AC7007F029FD2F6800286DD13B68384671
:10E85000DB68D3F80090D3F808A0CA4508BFD3F806
:10E86000049005F067FA2022002106460CA82FF03C
:10E8700051FF2868B0F85021002A33D00027CDE995
:10E8800005B604E0E01500200137974228D2C319ED
:10E8900093F83031002BF7D100F5AC7007F06CFC29
:10E8A0000446B8B14FEAC70B0BF1300B286821467C
:10E8B00000F5AC7007F068FCA0462A6804464146A3
:10E8C0000CA85A4406F07AF8431C064640F0D4815E
:10E8D000002CEBD128680137B0F850219742D6D3ED
:10E8E000DDE905B600F5AC7007F046FC4F4604467E
:10E8F000A0B12A68234611683246C86BCDE901648D
:10E9000000975146D0F83880C0472868214600F566
:10E91000AC7007F039FC04460028EAD1286800F5FD
:10E92000AC7007F0A3FB2F68B7F8502100236B6091
:10E93000002A00F0348102F59873511E3B4413F80D
:10E94000010D002800F082810139F8D200233868D7
:10E950000893436B002B00F07F8198472F683B683A
:10E9600097F82800D968B7F850210B7E40F00400D2
:10E9700023F001030B760B7E23F002030B7687F85E
:10E980002800002A00F0018200230DF130080593D1
:10E99000CDF824B005983B1893F83031002B40F0A7
:10E9A000CE80089B39688342CA6803D1137E43F046
:10E9B00001031376137E059E23F002034FEAC60A75
:10E9C000087C0AF13006137694680796CE6B3460A3
:10E9D000840740F0ED80BA44BAF83440BAF83030D9
:10E9E00038460134BAF93670E41ABAF8323007F111
:10E9F000010BABEB030B05F0AFF9874224B20FFA22
:10EA00008BFB80F2F880BAF936702B681868C26800
:10EA1000D268B2FBF4F29345A8BF934682692AB349
:10EA20004FF00003ADF8343000230FFA8BF90C934C
:10EA300006E0002C40F3FB80A1462B681868826931
:10EA400009F1FF3424B24146ADF836409047BDF994
:10EA50003610BDF832300131CB1A1BB29B45E8DBD2
:10EA6000B9F1000F40F3E3808B462B68BAF932000E
:10EA7000594600EB0B02013ABA4200F3E4801FFA58
:10EA800081F909EB0004CDF818B0A4B2CB4612E02E
:10EA9000ADF83670B946037E43F002030376304684
:10EAA000FFF7BEF9069B20B2C11801395C44B94298
:10EAB0002B68A4B21CDC1968BAF83030C868ADF80D
:10EAC0003030631EBAF834E082681BB2A4EB0B014D
:10EAD000BB42ADF83630ADF834E0ADF83210C6E9DF
:10EAE00001883260D4DCBDF93690B945D7D1D1E781
:10EAF000CC46674519D0BAF830201B68DB68ADF802
:10EB00003020BAF83420ADF83200ADF83420ADF83A
:10EB100036709A68C6E9018832601A7E304642F043
:10EB200002021A76FFF77CF92B680798184405F063
:10EB3000C7FED5E900730344B7F850216B60059B0D
:10EB4000013393420593FFF625AF97F82830DDF89F
:10EB500024B023F0040387F8283002B33B68197C03
:10EB6000C90700F1DC804FF4807107F1300008F034
:10EB7000AFF92868202100F5987008F0A9F9002263
:10EB80002B685846A3F8502105F0B4FA03462A68CA
:10EB90000B931068446A14B10B996A68A04707F098
:10EBA000C1FE04F019FD15B0BDE8F04F02F0E6B962
:10EBB000384605F0BFF80446286805F0CDF8002275
:10EBC000411E09B2631E404600911BB2114605F07A
:10EBD0003BFE2B68C6F804801B681A7CDB68900734
:10EBE0000FD51A7E304642F002021A76C6F8088027
:10EBF000FFF716F998E7286805F0AEF8471E3FB210
:10EC000003E7079A996917441A7E304661F3410277
:10EC10001A76B760FFF704F986E7A7F8503115B008
:10EC2000BDE8F08F05F080F85B4D28608DE54FF072
:10EC3000000BBAF93200594600EB0B02013ABA4216
:10EC40002B687FF71CAF4FF0000C52E73868089133
:10EC5000436B002B7FF481AEC16897F82840087E93
:10EC600044F0040463F300000876087E63F3410077
:10EC7000087687F8284087E6002846DD2868414660
:10EC800000F5AC7007F088F902460DF1300C012E4A
:10EC9000BCE803001060516037D02868414600F599
:10ECA000AC7007F079F902460DF1380C022EBCE881
:10ECB00003001060516028D02868414600F5AC7010
:10ECC00007F06AF902460DF1400C032EBCE8030080
:10ECD0001060516019D02868414600F5AC7007F00B
:10ECE0005BF902460DF1480C042EBCE803001060ED
:10ECF00051600AD02868414600F5AC7007F04CF925
:10ED0000034614AA03CA186059602868414600F5F2
:10ED1000AC7007F083F9404607F048FCD8E5DB68A3
:10ED20005B68002B3FF41FAF00243B1993F8303190
:10ED300007F5AC70C3B907F05BF906462F68A31D51
:10ED4000B7F8502101341FFA84FC07EBC303944544
:10ED500003CB30607160BFF406AF3B1993F83031DC
:10ED600007F5AC70002BE6D00134A3B29342DCD39C
:10ED7000F9E63A68137C13F0010304D0D3685B68AA
:10ED8000002B7FF45CAD6B6009E797F8283062F3E5
:10ED9000820387F8283002E7E015002010B504460A
:10EDA00005F062FC2CB1606898B1BDE81040FFF737
:10EDB000B9BC204605F096F8044650B160680028BA
:10EDC000F7D0FFF7AFFC204605F08CF8044600288A
:10EDD000F4D110BD2DE9F041466804460D46DEB180
:10EDE0007768A7B1D7F80480B8F1000F0AD0D8F837
:10EDF000040008B1FFF7EEFFD8F8003013B1404629
:10EE0000294698473B6813B13846294698473368E6
:10EE100013B1294630469847236823B12946204636
:10EE2000BDE8F0411847BDE8F08100BF08B528B142
:10EE3000FEF74CFCBDE808400AF0EAB804F074FFA5
:10EE4000BDE808400AF0E4B82DE9F041064690B369
:10EE5000FEF73CFC0AF0DCF8044650B300213046D3
:10EE6000164AFCF785FE6568E5B16F68AFB1D7F863
:10EE70000480B8F1000F0BD0D8F8040010B131466F
:10EE8000FFF7A8FFD8F8003013B140463146984745
:10EE90003B6813B13846314698472B6813B1314669
:10EEA00028469847236823B131462046BDE8F04103
:10EEB0001847BDE8F08104F037FFCBE7FFFF0F00F4
:10EEC000416070470160704708B530B1FEF7FEFB46
:10EED0000AF09EF838B1406908BD04F025FF0AF039
:10EEE00097F80028F7D1014808BD00BFF4FE0310D1
:10EEF00008B530B1FEF7EAFB0AF08AF838B180694C
:10EF000008BD04F011FF0AF083F80028F7D101488A
:10EF100008BD00BFF4FE031008B530B1FEF7D6FB04
:10EF20000AF076F838B1C06908BD04F0FDFE0AF0B9
:10EF30006FF80028F7D1014808BD00BFF4FE0310A8
:10EF400008B530B1FEF7C2FB0AF062F838B1008AAA
:10EF500008BD04F0E9FE0AF05BF80028F7D1BDE82F
:10EF60000840112006F08EBC08B530B1FEF7AEFBAC
:10EF70000AF04EF838B1408A08BD04F0D5FE0AF018
:10EF800047F80028F7D1BDE80840052006F07ABC14
:10EF9000704700BF436B03B11847704710B5044674
:10EFA000182107F095FFFF2100204FF48072237D88
:10EFB000E17243F0010320816280237510BD00BF20
:10EFC0002DE9F04F054616461F46A3B0002B57D03B
:10EFD00091F80BC00C46BCF1020F0AD9D0F81C8086
:10EFE000B8F1000F08D0C047012802D0E37A022B05
:10EFF00002D823B0BDE8F08F38462269218903F09A
:10F000006FFB074600287AD090F81480D0F8209043
:10F0100008F01F02032A00F0BC80062A90460FD099
:10F020000E2A00F0B980142A0AD00E2A00F2368186
:10F0300047F6A47828FA02F808F0010808F1040855
:10F04000B9F1000F33D014A802F090FF4FF6FF7310
:10F05000324614A92846ADF8543002F0ADFF0CA892
:10F0600000F066F900233246009328464B460CA96F
:10F0700000F076F9384623B0BDE8F04F03F0C4BF86
:10F0800014A802F073FF4FF6FF73324614A9284606
:10F09000ADF8543002F090FF0CA800F049F9324668
:10F0A0002846874B0CA9009700F05AF9A1E7BB69E5
:10F0B000002B7ED0226831687368B2F1807F0C919A
:10F0C0000D933AD10DF130094A46A96814A805F00C
:10F0D00041FC002800F0DE80D5F8189014ABD5F87C
:10F0E00008A0AB60B9F1000F06D0BB6932462146DB
:10F0F0002846CDF80080C847C5F808A0BAE70DF14A
:10F10000500A0DF13009504602F030FF4FF6FF7300
:10F110000024514632462846ADF8543002F04CFFE8
:10F12000484600F005F9324649462846644B0094AB
:10F1300000F016F923B0BDE8F08FA44641F30F426A
:10F14000C2EB23425B1A591C6388013200933CF9DD
:10F15000043B0DF1300912B209B24846CDF804C0A3
:10F1600003F038FA3288BDF83030BDF8321013445D
:10F17000ADF8303073881944ADF83210BDF8341052
:10F180000A44ADF83420BDF836201344ADF83630CB
:10F190009AE74FF0060853E72368B3F1807F3FF406
:10F1A0004FAF00238361B9F1000F7FF44CAF4FF0F4
:10F1B00005083246A9680AA805F0CCFB002869D0EA
:10F1C000BDF82C30BDF8282001339B1A1BB203EB8D
:10F1D0004300049307F094FA0B9AAB680D920DF17B
:10F1E00030090A9A0121079048460C92089305F0CD
:10F1F00045FBBDF92AB0BDF92E00B6F902C0834522
:10F20000BDF92810B6F900E0ABEB0C0C3CDC09961C
:10F2100066460DF1500AA1EB0E010AB2CDF814803A
:10F220000694DDF820805446DDF81CA00392029776
:10F230004A464146204605F08DFBF0B1DDE9031357
:10F240000298CDF800A032B203F0CCFE012828D1FC
:10F25000AF69AC6037B1059B4A46009328465346D8
:10F260000699B847BDF8323001360133ADF8323077
:10F27000BDF836300133ADF83630BDF92E300BF124
:10F28000010B9B45D4DD029FDDE90703AB6007F06E
:10F29000EFFAEFE6384603F0B7FEAAE64FF00408AF
:10F2A000CEE6029F099E384603F0AEFE079807F0AF
:10F2B000DFFA384603F0A8FE089BA246AB6022E7BF
:10F2C000E4F103100438C0B20A289ABF014B185C5D
:10F2D00000207047C8FE0310032818BF06280CBF83
:10F2E00001200020704700BF0E289DBF47F6A47381
:10F2F00023FA00F000F001000020704748B10078C8
:10F30000A0F120035F2B01D801207047C009400005
:10F3100070470320704700BF30B484699DF80850DF
:10F320001CB1A446029530BC604730BC704700BF9A
:10F3300038B520210446002507F0CAFD4FF6FF73BB
:10F34000FF2206490520C4E90013C4E90235A2766C
:10F3500006F098FAE576208238BD00BFF4FE03106F
:10F360002DE9F04F99468B7EBBB0022B049214D945
:10F370000E6888468EB1036A824673B10D4624AC8E
:10F3800017460FCD0FC495E80F0084E80F00B9F1C0
:10F39000000F02D099F8003013B93BB0BDE8F08FF0
:10F3A0003946DAF808201DA805F0D4FA0028F4D070
:10F3B00098F81C3098F81D201093930700F12282D2
:10F3C000BB88B7F9001001335B1A1BB20C93049B86
:10F3D000B8F91600B3F90240B6F90850B8F912307E
:10F3E000ADF86410B8F918105F19139063184498B9
:10F3F0009BB20E97ADF86630002800F01D82002900
:10F4000000F0E680002701920C9BB8F914203146E9
:10F410004846009709F09CFA0446BDF96630069705
:10F420004FF0000B06992AE0CDF800B098F81D3097
:10F4300009EB04070193B8F914200C9B31463846B8
:10F4400009F086FABDF866300E9A204413441BB2C8
:10F4500013F5806FADF866300CDB449A1268002A11
:10F4600008DA449A44991460049AB2F902208A6036
:10F470009A1A4A603A782146002A8ED00446DAF871
:10F4800008202B44B2F902209342CDDB09EB0103A3
:10F490000593109B0691022B00F0AD80032B00F02A
:10F4A000A583D8E901739F420F939CBF0F971F4616
:10F4B00098F81E309D0740F015832CA802F056FDE9
:10F4C0004FF6FF73B8F81020ADF8B420BDF96420F2
:10F4D00016920F9A9A4200F0E3814FF0000B2546F6
:10F4E000DDF818E0CDF844B0CDF85CB00A96CDF860
:10F4F0002C90DDE904931B78002B3FF44EAF0023E2
:10F50000139A1A93BDF864301344ADF86430BDF813
:10F5100038301293B5EB0E03069300F0938000246D
:10F520001AAB07931CAB09931BAB08934FF6FF76FE
:10F5300023461495CDF834E00494CDF8549042E07D
:10F540000D9A0B98D118BB4B1B6898478146DDE993
:10F550000812079B059809F04FFC98F81D301B997D
:10F5600013F0010305D0232960D0049B012B00F088
:10F570009F80049B022B14BFB8F80CB0DDF844B098
:10F580000A981C9A03F0DAFDB742054605D00F9B96
:10F590004B4502D84F4500F2998050461B9BDAF844
:10F5A0002040ADF89CB024A919AAA0473DB1BDF8F0
:10F5B0006430B8F8142013441D44ADF864501A9B0D
:10F5C000069A9A423CD9B742BAD14FF00009BEE739
:10F5D000002CBFF617AF8068001B0028B8BF404260
:10F5E000C7F50074B0EB440F40F399824FF0FF333E
:10F5F00044990B6006E798F81D300699009332464F
:10F60000B8F914300598611A09F0D0F9049A938872
:10F61000128801339B1A1BB2BDF864201B1A03EB3E
:10F62000D37302EB6303ADF864303AE7049A002A1F
:10F6300064D0012A66D10023B8F80CB004939FE788
:10F64000DDE9145998F81E2002F0070392077DD4D3
:10F65000DB075AD40023009398F81D300A990193D0
:10F660000B9BB8F914205E1930460C9B09F070F919
:10F67000B9F800302C18ADF86430109B022B00F064
:10F680008E80032B00F0A680BDF86630129AAE463D
:10F690001A4413B2DAF80820ADF86630B2F9062041
:10F6A0009A42FFF67AAE0B9B25467344059322E7F8
:10F6B00020291A9B84D1179A9A1A072A00F04882A7
:10F6C00002220492B8F80C20119279E7BDF9662065
:10F6D0001299013A199B0A44ADF88220B8F8142017
:10F6E0001F93013B134403442CA950461FAAADF8B5
:10F6F000803002F061FCB8F80EB04EE704931A9B1C
:10F7000017935DE70023049359E7169BD8F8002070
:10F71000ADF870301189BDF8663052890B449B1AE0
:10F720000A9A504692F90D2021A99B1A1BB2ADF8F6
:10F730007230ADF87E30BDF864301CAAADF87C3074
:10F740001FABADF884B000F0B1FB83E7169B5046C9
:10F75000ADF87030D8F80030ADF884B0B3F90830A7
:10F7600003EBD372BDF9863003EBD371BDF866307D
:10F7700003EB610303EB62031BB2ADF87230ADF82B
:10F780007E30BDF864301CAAADF87C3021A91FABD7
:10F7900000F08CFB98F81E3003F0070358E798F848
:10F7A0001D30014600930A9AB8F91430304609F02A
:10F7B000FDF8B9F80430B9F8002001339B1A1BB2E8
:10F7C000BDF864201B1A03EBD37302EB6303ADF89F
:10F7D000643059E798F81D30014600930A9AB8F949
:10F7E0001430304609F0E2F8B9F80430B9F80020D6
:10F7F00001339B1A1BB2BDF864201B1A1344ADF8E9
:10F80000643041E741F6FF7302920193B8F9123078
:10F8100049460093B8F91430D8F800202CA809F014
:10F8200067F9BDF9B03098F81D200C93049BB3F92B
:10F830000010CCE5640E0020CDE9000231460C9B9F
:10F840004846B8F9142009F083F8449B0446194649
:10F85000DDF838B00F46BDF9663019E0009798F82A
:10F860001D3031460193B8F914200C9B09EB0400BC
:10F8700009F06EF8BDF8663019F804205B441BB23D
:10F8800021462044ADF86630002A3FF486AD044698
:10F89000DAF808202B44B2F902209A42DEDCF5E5C2
:10F8A0000027CDE90764DDF818B0049D059C099791
:10F8B0000F97CDF828902378002B3FF46EAD0023EE
:10F8C000139A1A93BDF864301344ADF86430BDF850
:10F8D00038300B93089BB3EB0B0B41D01CAB06935A
:10F8E0001BAB00260DF1680905930D9504941BE0F0
:10F8F000B8F80C701C9A079803F020FC05461B9B77
:10F900005046DAF82040ADF89C7019AA24A9A04707
:10F910003DB1BDF86420B8F8143013441D44ADF86F
:10F9200064501A9B5B451AD2DDE905124B460498D8
:10F9300009F062FA98F81D301B9913F0010303D007
:10F94000232905D0012E43D0022ED1D1099FD1E722
:10F95000002E4AD0012E4FF00006C9D0E1E70D9DE0
:10F9600098F81E30980703F0070263D4D10740D4FB
:10F970000023009398F81D30089C01930A9B079977
:10F980001E1930460C9BB8F9142008F0E1FF2B88B3
:10F9900004EB0009ADF86430109B022B73D0032BED
:10F9A00000F08A80BDF866300B9ADDF820B01A446A
:10F9B00013B2DAF80820ADF86630B2F906209A42A0
:10F9C000FFF6EBAC0A9BCDF8209003EB0B0472E73B
:10F9D00020291A9BA6D10F9A9A1A072A00F055815E
:10F9E000B8F80C20022609929CE71E461A9B0F933A
:10F9F00098E7169BD8F80020ADF870301189BDF853
:10FA0000663052890B449B1A079A504692F90D2092
:10FA100021A99B1A1BB2ADF87230ADF87E30BDF84B
:10FA200064301CAAADF87C301FABADF8847000F0D8
:10FA30003DFA9DE7169B5046ADF87030D8F800307F
:10FA4000ADF88470B3F9083003EBD372BDF986309A
:10FA500003EBD371BDF8663003EB610303EB620384
:10FA60001BB2ADF87230ADF87E30BDF864301CAA20
:10FA7000ADF87C3021A91FAB00F018FA98F81E20D1
:10FA800002F0070272E798F81D3001460093079ACA
:10FA9000B8F91430304608F089FFAB882A88013362
:10FAA0009B1A1BB2BDF864201B1A03EBD37302EB45
:10FAB0006303ADF8643075E798F81D300146009394
:10FAC000079AB8F91430304608F070FFAB882A88DE
:10FAD00001339B1A1BB2BDF864201B1A1344ADF806
:10FAE00064305FE721A800F0D5F996F90E309DF853
:10FAF0008D20002B08BF0123ADF8863098F81E300A
:10FB0000C3F3C20363F30102B8F80C308DF88D2003
:10FB1000ADF8843098F81A308DF88C30CDE44498E4
:10FB200000680028FFF66EACCDE90012449A044646
:10FB3000526806901344ADF8663031460C9BB8F914
:10FB40001420484408F004FFBDF96630044467E41B
:10FB5000059A1799505C5118A0F13005EDB2092DA6
:10FB60004C788A7891F803C091F804E091F80590F8
:10FB70007DD82801A4F13001C9B209296BD8084405
:10FB8000A2F13001C9B2092958D80A01ACF13001FB
:10FB9000C9B2092942D80A44AEF13001C9B20929D3
:10FBA0000ED9BEF1600F84BFAEF120015FFA81FE75
:10FBB000AEF14101052900F2B480AEF13701C9B2BE
:10FBC0000901A9F13004E4B2092C00F29A80214421
:10FBD000C2F38502C1F3C40141EA4212C0F3C4007A
:10FBE00042EAC022119202220492E9E498F81D3000
:10FBF000069900933246B8F914300598611A08F056
:10FC0000D5FE049A9388128801339B1A1BB2BDF863
:10FC100064201B1A1344ADF8643042E4BCF1600F59
:10FC200084BFACF120015FFA81FCACF141010529F0
:10FC30009CBFACF1370C52FA8CF2ADE7602A84BF5E
:10FC4000203AD2B2A2F1410105299BBF373AD2B284
:10FC5000002212019AE7602C84BF203CE4B2A4F198
:10FC6000410105299CBF373C50FA84F088E76028A1
:10FC700084BF2038C0B2A0F1410105299BBFA0F18B
:10FC80003701C9B20020080174E70F990498425C5B
:10FC90000844A2F13001C9B2092990F801E0867840
:10FCA000C57890F804C0407975D80901AEF13002EA
:10FCB000D2B2092A5FD81144A6F13002D2B2092A81
:10FCC00076D81201A5F13006F6B2092E47D8324493
:10FCD000ACF13005EDB2092D31D82D01A0F130067F
:10FCE000F6B2092E1FD83544C2F38502C5F3C40508
:10FCF00045EA4212C1F3C40142EAC1220226099236
:10FD000010E6B9F1600F84BFA9F120045FFA84F90D
:10FD1000A9F14104052C9CBFA9F1370951FA89F1D9
:10FD200056E700214DE7602801D92038C0B2A0F184
:10FD30004106052ED8D8373855FA80F5D4E7BCF1FE
:10FD4000600F03D9ACF120055FFA85FCACF14105E9
:10FD5000052D3AD8ACF13705EDB22D01BEE7602D87
:10FD600001D9203DEDB2A5F14106052EB0D8373DB1
:10FD700052FA85F2ACE7BEF1600F03D9AEF1200272
:10FD80005FFA82FEAEF14102052A95D8AEF1370244
:10FD900051FA82F190E7602A01D9203AD2B2A2F159
:10FDA0004101052913D8A2F13701C9B209017DE744
:10FDB000602E01D9203EF6B2A6F14102052A08D8EC
:10FDC000A6F13702D2B212017CE7002586E70021B6
:10FDD0006CE7002276E700BF10B4046AA4465DF821
:10FDE000044B6047F8B50446C06B28B3E06C0F467F
:10FDF000164606F0C3FB0546E8B1E16C07F068F86B
:10FE0000FEF784FCAC46324694E84A00C5E9066336
:10FE1000296201683868097CE36BC1F3801185F8B9
:10FE200024107968ACE80300204629469847044628
:10FE300028B12046F8BDFEE704462046F8BD284616
:10FE400006F0B4FBF5E700BF036C03B11847704739
:10FE5000436C03B11847704738B50C460546FFF7A9
:10FE600099F8D4E90631226AAB60C5E90021FEF7B2
:10FE70004DFC036894F824101A7C61F386121A74FE
:10FE8000AB6C13B12146284698472046BDE8384060
:10FE900006F08CBB0A2110B5044607F019F8FF21C3
:10FEA0000022012321722280638010BD10B5B1F9B8
:10FEB00002403CB10C7A022C04D9446AA446BDE845
:10FEC0001040604710BD00BFF0B5059CB4F90AC0F2
:10FED000944547DCB4F90EE0964543DBB4F908E0FD
:10FEE0005D1875453EDBB4F90C608E423ADBB7B263
:10FEF000A2EB0C0207F1010C2469ACEB0E0C0FFA1B
:10FF00008CFCB54202FB0C4C03DDC1F101031F4424
:10FF10003BB28E4528DDAEEB010EA3EB0E031BB208
:10FF20007044002B1CDD0CF1FF3C03440BE012FB82
:10FF300001F202EB022102EBC112C2F3C752984256
:10FF400000F8012C0CD01CF8011F10F8012BFC2923
:10FF5000F5D80229EBD80022984200F8012CF2D102
:10FF60000220F0BD0120F0BDA1EB0E018C44D8E7CA
:10FF700038B5049CB4F90AC094453CDCB4F90EC011
:10FF8000944538DBB4F908C003EB010EE64532DBDB
:10FF9000B4F90C50A9422EDCAE4503DDC1F10103DA
:10FFA0002B441BB2614505DAACEB010CA3EB0C034F
:10FFB0001BB26044B4F910C0624544DDB4F912507C
:10FFC000AA421ADB002B3CDDC1180BE013FB02F345
:10FFD00003EB032203EBC213C3F3C753814200F8C0
:10FFE000013C2ED0627D10F8013BFC2AF6D8022A93
:10FFF000ECD80023F2E7012038BDA2EB0C01A5EB01
:020000041001E9
:100000000C05627D94F814C00135A2EB0C0202FBD2
:1000100001F191FBF5F1002B5CFA81F1C9B210DD21
:10002000FC290ED8022928D90344027811FB02F2D8
:1000300002EB022402EBC412D20D00F8012B834222
:10004000F3D1022038BD002BC8BFC1180CDCF8E783
:1000500013FB02F303EB032203EBC213C3F3C752F8
:10006000884200F8012CECD0237D10F8012BFC2BEA
:10007000F6D8022BECD80022F2E71A4600212EF027
:1000800049FBDEE72DE9F04F83B00C9C064694F85F
:1000900012A01D461AF00100B4F910C0B4F908709E
:1000A000B4F90A80B4F90C90B4F90EE021D14245BC
:1000B0004CDB72454ADC07EB0C03994255DA08EB3E
:1000C0000C039A425FDBAEEB0C0393425BDB7F1ABF
:1000D000AF423BDCA9EB0103002F03F101042FDA4F
:1000E000002B33DBAC42C0F26781022003B0BDE8D5
:1000F000F08F424535DB724533DC0CEB0703994248
:1001000039DB4B19A9EB0C0A534507DD08EB0C034F
:100110009A4238DBAEEB0C039A4234DC7F1A27EAB2
:10012000E777AF42E1DCA9EB0101C91B01317B1884
:10013000AB4240F34881E91BF01906F0C9FED4E751
:100140003946304606F0C4FE002C03DC002003B024
:10015000BDE8F08FAC42C0F22F81002FC5D1AC4278
:10016000C3D1012003B0BDE8F08F4B19A9EB0C0AF5
:100170005345ACDDA3E708EB0C039A4203DBAEEB7F
:100180000C039342CADA09F101031FFA88F892B20C
:10019000DB1B791AA2EB08070FFA87FB1FFA8CFA10
:1001A0000AF1FF39DC459BB21FFA89F9BFB240F36F
:1001B000E980A8EB0202013A524497B2D4F814C085
:1001C000A3EB0A033FB289B2CA1801EB0904DCF8B9
:1001D0000430DCE902E13EF817C06244A4EB0C04F1
:1001E00007F1010C31F8177031F81C1024B2C91B4B
:1001F0001FFA82FC3B441FFA81FA0FFA81FB12B20C
:1002000000285FD0BBF1000F4BDD174620460AF1F6
:10021000FF3A534404F1FF391FFA8AFAA9EB0A099D
:1002200006EB040806EB020E13F80119002F6FEA23
:100230000101C9B215DBBD4213DD9EF800A0BAF181
:10024000FC0F00F2A580BAF1020F40F2A78011FB6B
:100250000AFA0AEB0A2B0AEBCB1ACAF3C75A8EF832
:1002600000A0002814DB854212DD98F800A0BAF146
:10027000FC0F0BD8BAF1020F40F2958011FB0AFA7D
:100280000AEB0A210AEBC11ACAF3C75188F8001019
:100290000138814507F1010708F1FF380EF1010E21
:1002A000C2D10134AC42A8BF2C46954224EAE47482
:1002B0007BDCA542C0F28580291B09B2301906F00B
:1002C00007FE12E7BBF1000F104646DD53440AF16A
:1002D000FF39013B1FFA89F921469046A3EB090932
:1002E00006EB040E06EB020C019400E0013B002833
:1002F0001F7811DB85420FDD9CF80020FC2A49D8CD
:10030000022A49D917FB02F202EB022402EBC412C3
:10031000C2F3C7528CF80020002911DB8D420FDD9B
:100320009EF80020FC2A09D8022A3AD917FB02F2CB
:1003300002EB022702EBC712C2F3C7578EF8007018
:10034000994500F101000EF1FF3E01F1FF310CF182
:10035000010CCBD1019C08EB0A00A842A8BF28469B
:1003600020EAE070291A304406F0B2FDA4EB0B013C
:100370000131A942A8BF2946304621EAE17106F0C1
:10038000A7FDB2E64F444744A7EB0E07BFB215E7FF
:100390008A4664E73A46BDE70022BBE74FF0000A11
:1003A0005DE70027CAE7002170E7A24209DBACEB5A
:1003B000040C0FFA8CF181E7291B301906F088FD37
:1003C00093E600217AE70029FFF68FAEB4E600BF7E
:1003D0002DE9F843089C8646A58A94F828C0521B4C
:1003E000658A12B2491B256A09B20CF00106ADB943
:1003F000247C04F00205002E00F09880002D00F00F
:10040000068104F00304022C00F00C81032C40F060
:100410000681002AD4BF0020012085E0002E75D07F
:10042000E6690CF0020001FB06F5002E4FEAA52557
:1004300040F3DE80954276DC5D1806FB05F5B2EBF5
:10044000A52F00F3DD80A56905FB02F242F39502BA
:10045000C1EB222112F0FF02666A00F05781C2F15F
:10046000FF0206FB02F700294FEA2727C7F1FF0525
:100470001EDB8B421CDD07FB02F6C0F3400252423A
:1004800082EA6622D243D2B2FC2A1EF801000AD8C0
:10049000022A40F2298210FB02F000EB002200EB5E
:1004A000C210C0F3C7500EF80100666A94F828C065
:1004B000481C0EEB000713E016FB02F606EB0622C3
:1004C00006EBC216C6F3C7563E70666A94F828C09B
:1004D00001309842A5EB060507F1010780F2108173
:1004E000B54240F3D9800028F2DBCCF34002A5EB03
:1004F0006608524282EA08029842D2B2E8DAFC2A3E
:100500003E78E1D8022AD7D80026DDE7A5690CF0AD
:10051000020005FB02F2002D4FEAA226D4BF3746A7
:10052000771C8F4214DA4008BDE8F883002D6ED1A5
:1005300004F00304012C68D0CA1868D400296EDCCA
:100540004842834252DD1146704406F0C1FC4DE042
:100550005F18BE4254DCAE1842F38D2946F38D2855
:10056000C1454FEA0627C2F38702A9EB010664D012
:10057000002DC0F2D780E169C2F1FF0202FB01F158
:10058000002E4FEAA121C1F1FF07C0F23F81B34223
:1005900040F3438101FB02F2C0F34000414281EA93
:1005A0006222D243D2B2FC2A1EF806100EEB0600DD
:1005B0000AD8022A40F29C8111FB02F101EB0122D0
:1005C00001EBC211C1F3C7510170701C834294F852
:1005D00028C000F354811CF0020F40F02381B01CAE
:1005E0009842A8BF1846002800F3858002209BE7A8
:1005F000954298DB5D1806FB05F5B2EBA52F16DAE0
:10060000B0FA80F04009BDE8F883002902DD01203E
:10061000BDE8F883D94202D449428B4295DC0020E0
:10062000BDE8F8830132ACBF002001207CE7A5695A
:1006300002FB055545F395020AE7751C002EC0F232
:10064000D680B34240F3D380C7F38727C0F340007E
:1006500040423A4480EA6202D2B2FC2A1EF8060006
:1006600076440AD8022A40F24D8110FB02F000EBDA
:10067000002200EBC210C0F3C750307094F828205D
:10068000940700F1BE809D42A8BF1D46591B0EEB8A
:10069000050006F01DFCA9E798420CF0020231DAD1
:1006A00000282FDBA669C2F3400205FB06F6B6124E
:1006B00006FB05F5E669524282EAE67282EA6522A5
:1006C000D2B2FC2A1EF800500EEB00060AD8022A0D
:1006D00040F2D38015FB02F505EB052205EBC215B0
:1006E000C5F3C755357094F82820950711D401300B
:1006F0008342FFF67BAF191A704406F0E9FB75E7F9
:100700000CF002022AB9013089D4F1E70846FF252E
:10071000CFE68B4283DB0029FFF668AF704606F018
:10072000D7FB63E71AB93546FF22013E86E7002E64
:100730007ADBE169B342C1F1000702FB07F74FEA38
:10074000A72740F3868007FB02F2C0F34000414236
:1007500081EA6222D2B2FC2A1EF806100EEB0600D5
:100760000AD8022A40F2D28011FB02F101EB0122E9
:1007700001EBC211C1F3C751017094F82820A5699B
:1007800002F00202711E002E00F0C7808B4256DD7F
:10079000C7F1FF07684207FB00F0801207FB00F07B
:1007A000C2F34002524282EA6022D243D2B2FC2A11
:1007B0001EF801000EEB01050AD8022A40F2A480BF
:1007C00010FB02F000EB002200EBC210C0F3C75098
:1007D000287094F82820900737D40136B342FFF6EA
:1007E00016AF991B0EEB060006F072FBFEE640B951
:1007F0009D42A8BF1D46002D3FF411AF7FF7F6AE16
:1008000044E7A8EB01018B4285DC08E7711C71D03D
:1008100058B3B342BFF6EAAE01E700285CD0B3425A
:10082000FFF6FDAE314679E700287FF4DFAE0136F2
:10083000B342FFF6ECAE002E7FF4D8AED1E7002A2B
:100840003FF4E5AE8B42FFF6D1AE00297FF466AFF0
:10085000CCE60246711E002E98D100287FF4C6AE69
:10086000002B7FF7D4AE0126BBE702369E42A8BF1D
:100870001E46002E3FF4D3AEB8E6002532E7A2694B
:1008800007FB02F2921207FB02F2CCF3400149424D
:1008900081EA6222D2B2FC2A1EF80010704409D804
:1008A000022A23D911FB02F101EB012201EBC21153
:1008B000C1F3C751017094F82820920704D4B01CEA
:1008C0009842A8BF184616E7B342FFF6A8AE731CBD
:1008D0003FF48CAE314621E7B01C9842A8BF1846C1
:1008E00000283FF49CAE7EE60020DCE50021E1E735
:1008F000002169E6002B0BDC0028EDD00133BFF6A8
:1009000075AE8CE60020B8E6002061E7002133E7F1
:1009100007FB05F200209212B5E7002AA3D065E696
:100920002DE9F04F83B00C9D0746B5F90CC0B5F921
:100930000A90B5F908E0BCF1B30F8B46164698460D
:10094000B5F90E40A1EB0E0EA2EB090A2CDCB32C7C
:100950001DDDBCF1000F00F0C58091453FDDB42CDA
:1009600057D03C3543463246594638460095FFF746
:100970002FFD4FF0030900284BD0B9F1010F0ED124
:1009800001280CD10124204603B0BDE8F08FBCF152
:10099000000F57D0002C40F0C58091451FDD022488
:1009A000204603B0BDE8F08FBCF1B40F07D0B42CE3
:1009B00010DC914513DCB42CF1D03CB105E191453C
:1009C0002CDCB42CEBD0002C40F0FD80204603B092
:1009D000BDE8F08FA4453ADC914540F3E68005F18F
:1009E000100332460093594643463846FFF7F0FC61
:1009F000B5F90E308146B42BB5F90A2000F0858098
:100A0000002B40F0BF809642C0F2D580B9F1000FB4
:100A1000C5D10024204603B0BDE8F08FB42CBED071
:100A2000002CAFD0B32C4FF0010963DD3C354346B9
:100A30003246594638460095FFF7CAFCB9F1000F17
:100A4000E7D098E7914567DD002CA8D0ADE091454F
:100A500098DB6FF487706FF487716A6DAB6A02FB85
:100A60000AF20AFB03331FFA8CFCA4B2604461183B
:100A700058284FEAA2224FEAA32389B240F2878086
:100A8000ACF15B0CBCF1B20F98BF03EAE3735829D9
:100A900000F2818023EAE373D21A03EB6209A9EB27
:100AA0000E09C145A8BFC146B9F1000F00F39A80F5
:100AB0004FF0010A29EAE9794F4410351FFA89F30A
:100AC00003EB0B01A8EB03033246384600951BB23B
:100AD00009B2FFF77DFC044600287DD0A2457FF4D3
:100AE0005EAF73E791453FF73AAFB42C3FF44AAF9E
:100AF0004FF001096FF0090444FA09F404F001040D
:100B00006400204603B0BDE8F08F9642FFF67EAF4A
:100B100000283FF47EAF51E0002C3FF440AF4FF08F
:100B2000010983E7A4453DDD91453FF72BAF6A6D91
:100B3000AB6A02FB0AF20AFB03331FFA8CFCA4B275
:100B40000CF1FF30611E59284FEAA2224FEAA3237D
:100B500089B26BD8002B5EDB592960D823EAE37396
:100B6000D21A03EB6209A9EB0E09C145A8BFC14621
:100B7000B9F1000F62DC4FF0010A29EAE9794F442C
:100B80003C359BE7B32B13DC9642B3DB4EE7002BDF
:100B90003BDB582904D95B3CB22C98BF03EAE373D2
:100BA000D21A7AE791457FF71AAF4FF00309A1E710
:100BB00096429FDA3AE700283FF42BAFB9F1010FD4
:100BC0003FF4E0AEEBE6B32CEFDC3C350095FFF7ED
:100BD000FFFB4FF00309CEE63846A8EB090106F00B
:100BE00077F97BE705F13C030093324659463846D6
:100BF0000FFA89F3FFF7ECFB824600287FF45AAF27
:100C00004946384606F064F954E758294FF0000386
:100C10007FF643AFBFE759294FF00003A1D95B3CF2
:100C2000B22C98BF03EAE373D21A9AE7ACF15B0CDB
:100C3000BCF1B20F98BF03EAE3738DE705F110032F
:100C400000933246594638460FFA89F3FFF7C0FB46
:100C50008246002891D14946384606F039F98CE79A
:100C60002B4B1A680AB39A683AB31A695AB39A694D
:100C700062B31A6A6AB39A6A72B31A6B7AB39A6BDE
:100C800082B31A6C8AB39A6C92B31A6D9AB39A6D46
:100C9000A2B31A6EA2B19A6E9AB31A6F22B19A6F6A
:100CA00092B34FF0FF3070470E22944643F83C0059
:100CB00003EBCC03596010B2704701229446F5E76C
:100CC0000C229446F2E702229446EFE70322944670
:100CD000ECE704229446E9E705229446E6E706227B
:100CE0009446E3E707229446E0E708229446DDE7CE
:100CF00009229446DAE70A229446D7E70B22944663
:100D0000D4E70D229446D1E70F229446CEE700BFE8
:100D1000A41700202DE9F047154C82B0D4F800C08C
:100D2000BCF1000F21D006460F469046994600259B
:100D300008E054F808CF022808BF45F00105BCF1CF
:100D4000000F0DD0CDF800C04B4642463946304624
:100D5000DCF800A0D0470028EBD102B0BDE8F08756
:100D60000135E8B202B0BDE8F0870120F5E700BF29
:100D7000A41700202DE9F04F85B0BDF93C70002F7D
:100D800023DD81468A46934600260E9DDFF840808B
:100D900005EB4707039335F9023B5A1C0ED058F870
:100DA00033405CB100945A4651464846039B246840
:100DB000A04738B1022808BF46F00106AF42EAD189
:100DC0000136F0B205B0BDE8F08F0120FAE700BFB0
:100DD000A4170020421C03460AD00021054A02EB5A
:100DE000C00C52F8300042F83310CCF804107047B1
:100DF00000207047A41700204F4B024659688842D4
:100E000002BF00211868C3E90011D96818BF00208B
:100E10008A422AD059698A422ED0D9698A4232D070
:100E2000596A8A4236D0D96A8A423AD0596B8A4284
:100E30003ED0D96B8A4242D0596C8A4246D0D96C96
:100E40008A424AD0596D8A424ED0D96D8A4252D0D8
:100E5000596E8A4256D0D96E8A425AD0596F8A4208
:100E60005ED0D96F914262D0704700219868C3E983
:100E7000021159698A42D0D100211869C3E90411CD
:100E8000D9698A42CCD100219869C3E90611596A0F
:100E90008A42C8D10021186AC3E90811D96A8A4276
:100EA000C4D10021986AC3E90A11596B8A42C0D1A2
:100EB0000021186BC3E90C11D96B8A42BCD1002107
:100EC000986BC3E90E11596C8A42B8D10021186C95
:100ED000C3E91011D96C8A42B4D10021986CC3E9DE
:100EE0001211596D8A42B0D10021186DC3E9141155
:100EF000D96D8A42ACD10021986DC3E91611596EA3
:100F00008A42A8D10021186EC3E91811D96E8A420D
:100F1000A4D10021986EC3E91A11596F8A42A0D159
:100F20000021186FC3E91C11D96F91429CD1002296
:100F3000986FC3E91E227047A417002010B50379EB
:100F40000446022B02D0052B0AD010BD4369002BAA
:100F5000FBD01A69002A08DB5A69013A5A6110BDB0
:100F60008068BDE8104005F021BB586805F01EFB05
:100F70006069BDE8104005F019BB00BF38B5074CEB
:100F800004F17005206808B105F010FB20461C2113
:100F90001C3405F09DFFAC42F4D138BD341700205D
:100FA000204B18689A68003818BF012002B1013040
:100FB0001A690AB10130C0B29A690AB10130C0B2EF
:100FC0001A6A0AB10130C0B29A6A0AB10130C0B2DD
:100FD0001A6B0AB10130C0B29A6B0AB10130C0B2CB
:100FE0001A6C0AB10130C0B29A6C0AB10130C0B2B9
:100FF0001A6D0AB10130C0B29A6D0AB10130C0B2A7
:101000001A6E0AB10130C0B29A6E0AB10130C0B294
:101010001A6F0AB10130C0B29B6F0BB10130C0B280
:10102000704700BFA417002028B370B50546002400
:10103000144E05E003F010FFC8B10134102C18D095
:1010400056F8343003F10801002BF6D01A79022A41
:101050000DD193F812C028461CF0010FB3F91020EF
:10106000E8D103F1080103F0ADFE0028E5D101202D
:1010700070BD002070BD034B1868003818BF0120F8
:10108000704700BFA41700202DE9F8431546BDF9AD
:10109000207088462C2104461E469DF8249005F0B9
:1010A00017FFBD4200F08580BD4275DD0023E91BBE
:1010B000A8EB060080EAE07C81EAE172ACEBE07C20
:1010C000A2EBE17294451A46D4BF4FF0000C4FF0EA
:1010D000010C68F30F0265F31F42E260002266F321
:1010E0000F0367F31F43A360237C3C4D69F30103A7
:1010F000237494F82830C4E906226CF3000384F8C2
:101100002830DB076682A7822560227124D500285B
:101110004CD04FF4801292FBF0F201FB02F29512D8
:10112000E561121359B34FF4801393FBF1F300FB05
:1011300003F39B12A361237C256213F0030323D1E5
:10114000002DB8BF524294F82810626263F3410147
:1011500084F82810BDE8F88329B34FF4801292FB7D
:10116000F1F200FB02F29512A561121338B14FF4AF
:10117000801393FBF0F301FB03F39B12E361237CE9
:10118000256213F00303DBD0012BD9D0022B1ED034
:10119000002D15DD0023D6E73A4633462F46464656
:1011A0001546984682E70A460D46DFE702460546A1
:1011B000B8E7B9F1030F05D033464646984675E7C0
:1011C0000123BDE7013D013F2DB23FB26CE7002D89
:1011D00001DD0123B7E70023B2E700BFD10301100F
:1011E0002DE9F04F0C4695B0DDF8789005AF8046BC
:1011F00010213846254616461C4605F069FEB9F80A
:101200000C30002B41D0D9F808A09B464FF00009C4
:101210002346CC4649464C469946CDE902850AF11B
:101220000400013189B259452CBF534603461B685F
:1012300050F8042C1D14C5EB224EBEF1000F4FEAEE
:101240002248C0F28C8000F09680B04513DBB54296
:1012500011DC4FF0010E47F83C3007EBCC035A602D
:101260000CB1A64507D00CF1010C1FFA8CFCBCF1A7
:10127000020F0ED07446594500F10400D1D1BCF1E3
:10128000020F4C46DDE9028506D0002015B0BDE80E
:10129000F08F4C46DDE90285BDF91410BDF91C2024
:1012A000BDF91830914269DD07AB93E80300059B57
:1012B0000793069B87E803000893BDF91830114691
:1012C00001220192BDF91A200DF12409009248462D
:1012D000BDF91620FFF7D8FE119B1BB99DF84C30C5
:1012E000DA0769D42346324629464046CDF80090B5
:1012F000FFF76EF89DF828300746022B48D0052BE3
:1013000042D0002FC1D000230193BDF922304846BE
:101310000093BDF91E20BDF92030BDF91C10FFF768
:10132000B3FE119B23B99DF84C30DB0700F181809F
:101330002346324629464046CDF80090FFF748F84C
:101340009DF828300446022B57D0052B5FD0002C87
:101350009BD0022F2CD0022C2AD0012096E74FF0F0
:10136000FF3EB04587DCB54285DB47F83C2007EB04
:10137000CC02536074E74FF0010EF2E7BDF9200094
:10138000984291DB0A469AE70B9805F00FF9B8E707
:101390000E9B002BB5D01A69002A6BDB5A69013A03
:1013A0005A61AEE79DF82830022B38D0052B32D099
:1013B000022015B0BDE8F08FBDF91860BDF91430FA
:1013C00030469E42A8BF18469E42B8BF1E46002C1B
:1013D000E8DD43462A46444408E0B2420BDC097883
:1013E000A34203F8011C02F10102DBD0824219463C
:1013F00003F10103F1DA0021F2E70E9B002BA6D0E6
:101400001A69002A3DDB5A69013A5A619FE70B9835
:1014100005F0CCF89BE70B9805F0C8F8C8E70E9BE1
:10142000002BC5D01A69002A32DB5A69013A5A6189
:10143000BEE7BDF92060BDF91C3030469E42A8BF12
:1014400018469E42B8BF1E46002CABDD43462A46D6
:10145000444408E096420BDB0978A34203F8011CE0
:1014600002F101029ED08242194603F10103F1DA32
:101470000021F2E7586805F099F80E9805F096F803
:101480003FE7586805F092F80E9805F08FF85EE790
:10149000586805F08BF80E9805F088F888E700BFCB
:1014A0002DE9F84FB42B044698B2C4BFA0F1B4059F
:1014B000A8B200F15A0000B2D4BF1D462DB21746A3
:1014C00089469DF8288004F0F3FE0646284604F07D
:1014D000EFFE1FFA87FB0BEB60152C2120461FFA4D
:1014E00085FA2DB205F0F4FC09EB6616BD4236B262
:1014F00000F08580AF4275DD0023791BA9EB060063
:1015000080EAE07C81EAE172ACEBE07CA2EBE17284
:1015100094451A46D4BF4FF0000C4FF0010C69F30C
:101520000F0267F31F42E260002266F30F0365F3C8
:101530001F43A360237CA58268F30103237494F8FE
:1015400028303B4D6CF3000384F82830DB07C4E9F6
:10155000062266822560227124D500284CD04FF4E3
:10156000801292FBF0F201FB02F29512E561121378
:1015700059B34FF4801393FBF1F300FB03F39B1279
:10158000A361237C256213F0030323D1002DB8BF90
:10159000524294F82810626263F3410184F82810E3
:1015A000BDE8F88F29B34FF4801292FBF1F200FBF3
:1015B00002F29512A561121338B14FF4801393FB18
:1015C000F0F301FB03F39B12E361237C256213F02C
:1015D0000303DBD0012BD9D0022B22D0002D15DD47
:1015E0000023D6E72A4633463D464E4617469946DF
:1015F00082E70A460D46DFE702460546B8E7B8F13E
:10160000030F05D033464E46994675E70123BDE7E3
:101610000BF1FF3B0AF1FF3A0FFA8BF70FFA8AF54D
:1016200068E7002D01DD0123B3E70023AEE700BF2B
:10163000D10301102DE9F04F40F26715002689B063
:10164000BDF948B08946AB455F46A8BF2F469D42CD
:10165000A8BF1D46314627EAE77725EAE57569F315
:101660000F0665F30F01BD429046044662F31F4624
:101670001FFA87FA67F31F4118DD0AF5B472521B8F
:1016800092B2A4F868200122C4E902618149B32B17
:101690002160227110DCBBF1B30FA8B200F3E78028
:1016A00000230592049304F1100614E07A1B002A2B
:1016B000B8BF524292B2E4E7BBF1B30FCCBF0021F6
:1016C0000121B42B059104F1100600F0DE80B43D39
:1016D000A8B204922DB25A3000B204F0E9FD0346DC
:1016E00028461D4604F0E4FD03461FFA89F20692DF
:1016F00002EB65151FFA88F2304602EB63162C21C7
:1017000036B2079205F0E4FBB0452DB200F38480B9
:10171000AC4603964D4646460023039AACEB0501C2
:10172000921B81EAE17E82EAE270A0EBE270AEEB0E
:10173000E17E86459E4665F30F0366F31F43A36172
:10174000039BD4BF002001206CF30F0E63F31F4EE8
:1017500000236584A68494F82050049EC4E90A33CB
:1017600066F3010584F8205094F83850237560F32F
:1017700000054948EB07C4F81CE084F838502061A4
:101780004ED5002970D04FF4801090FBF1F002FB91
:1017900000F08512E5620013002A54D04FF4801344
:1017A00093FBF2F301FB03F39B12A36294F8203046
:1017B000256313F003034CD1002DB8BF404294F8C9
:1017C0003820BBF1B40F63F34102606384F8382022
:1017D00004F13C0404DDAAF1B4071FFA87FA3FB212
:1017E0000AF15A0000B204F063FD0546384604F0E1
:1017F0005FFD079A069B494603EB651302EB6015F4
:10180000059A2DB201922046424600951BB2FFF781
:101810003BFC09B0BDE8F08FCC46CDF80C807BE7EF
:10182000FAB14FF4801090FBF2F001FB00F085124A
:10183000A562001339B14FF4801393FBF1F302FB5F
:1018400003F39B12E36294F82030256313F0030343
:10185000B2D0012BB0D0022B11D0002D0DDD002312
:10186000ADE710461546E5E708460D4694E7002328
:1018700004F11006049305932DE701239CE7002D46
:1018800001DD01239BE7002396E71D4618460492DD
:1018900021E700BF21090110D10301102DE9F04F0C
:1018A000CC884F88164601348A88E41B0F880132A1
:1018B000D21B12B224B29442A8BF144605464F6808
:1018C00008680221B6EB640FC4BF621016B2AA7C8E
:1018D0008BB063F30002BB4B002E2B6026EAE6734D
:1018E000A860EF60AA7401932B82297140F34381B1
:1018F0001846B54BB3F91820824200F04082B3F984
:101900003420824200F0AD82B3F95020824200F0D0
:101910003782B3F96C20824208BF032100F0308285
:101920005A69CAB91A6B002A40F09582DA6A1969B5
:101930009142DA6C40F34482002A40F0868203F13F
:101940001C049A6C216991429A6E40F320819F4C4D
:10195000002A00F01F810DE01A6B002A00F01081B0
:10196000DA6C002A00F04F829A6E03F15404002AC8
:1019700040F03C8263690F2E03F10103636140F381
:101980001681019B43F30F13B3F57A7FA8BF4FF481
:101990007A7323612068019B6C61238308B104F092
:1019A00005FE019B5D1C28B200EB4000400004F0E6
:1019B000E5FD2060002800F0FC8002230427019A46
:1019C000012E12FB033312FB07780344E36000EBA4
:1019D00008036060A36000F04281E80004F090FE1C
:1019E000019B83469B00C3F101021FB2002F13B27B
:1019F0001A4600EB080AC0F236820023CDE9060A37
:101A00004FF0030E994693469A46A6E05A1D40F3BE
:101A10000D03C7EB830302EB4302013F95B23FB2D4
:101A200012B2AEF1020109B28F42C0F22481002A43
:101A300047F38F0607F0030340F3BC80C91B05354D
:101A400005EB4105013F39B2AFB22DB20EF1FF3CBB
:101A50000FFA8CFC6145C0F20E81002D01F00302EB
:101A600040F3B8807D1DACEB010C05EB4C05481E26
:101A7000AFB200B22DB20FFA8EF84045C0F2FB8033
:101A8000002D00F0030C40F3AC80A8EB00080537F4
:101A900007EB48070FFA87FB471E3FB20EF101051F
:101AA0002DB2AF42CDF80890C0F2BC815FFA8CF540
:101AB000DBB204951FFA89F503932B4608956568F8
:101AC00047F38F0C4D444FEA4908664503F101097D
:101AD00007F003030595D2B20FFA89F90FFA8AF5D8
:101AE000099300F0858041F38F0106F1FF3C4FEA36
:101AF00049038E420FFA8CFC099300F090800698FF
:101B0000059B20F808600399079E043226F80850C8
:101B10001970049B616813441A4607F003031344C9
:101B2000029A98468B5C1B018B5420F819C026F84A
:101B30001950636803F80980626812F809301B01C4
:101B400002F80930089B03F102090FFA89F90EF136
:101B5000040E0AF1010A1FFA8EFEBBF1000F1FFAF4
:101B60008AF01FFA8BF33FF751AFDA1C02EBC00289
:101B700095B212B255E700236B610BB0BDE8F08F50
:101B8000DA6C03F11C04002A3FF4DBAE9A6E002AE3
:101B90007FF4F0AE596E22690D4B9142B8BF1C46DE
:101BA00063690F2E03F1010363613FF7EAAE01237E
:101BB000EFE6FEE705EBC00505353946AFB22DB2BD
:101BC00044E700BF85000110341700206C17002087
:101BD0008817002007EBC0050735AFB208462DB2C5
:101BE00049E707EB4E0703370FFA87FB074655E730
:101BF000039B02991344049A1A44134607F0030204
:101C00001A441346069A22F80860079A22F80850E8
:101C1000059A13706268535C1B01535497E7039B4A
:101C200040F38F008642134400F0CE800698059A58
:101C300020F80860079E26F808501370049A07F0F1
:101C40000303083213446168029A98468B5C1B01B7
:101C500053544FEA490320F803C0F55269E7B4230F
:101C60004FF4803500220370D4E902310D601A80F0
:101C70000BB0BDE8F08F09F10042013A5200CDF8F7
:101C80000890DDE906BABDF904303BF90200C3EB68
:101C9000031103EB0113C3EB8303B0EBA32F4FEA54
:101CA000A32100F0C680C3F30903B3F5007F00F35E
:101CB000B18013FB03F3DB0B0AB202992BF811205E
:101CC0002AF8112009F101020FFA82F962685354CF
:101CD0006268535C1B015354B9F102014E4615D49E
:101CE0000A461FFA89F35E183AF91250B01A00B288
:101CF0002BF810503BF912502AF810506568AF5C71
:101D0000013A2F54F0D2013319440EB24FF0000CB7
:101D1000D4F80CE06645AEF800C025DD6246D4F884
:101D200008800FFA8CF52EF815203BF812105000A1
:101D300028F815103AF9123008EB4507AB420AEBC8
:101D4000420417D1023858440AE030F9023F8B426E
:101D5000A8BF0B4699B2398034F9023FAB4209D192
:101D6000B24202F10102F0DB58460BB0BDE8F04F81
:101D700004F07EBDB2420CF1010CD2DBF4E700218D
:101D80000F2ED8BF0124C1EBC10203EB82025069C0
:101D9000C8BF019C00F1010050611069C8BF44F345
:101DA0000F142044B0F57A7FA8BF4FF47A70CA00B0
:101DB000521A03EB820318616B610BB0BDE8F08F20
:101DC000002A3CD11C46BCE5049A0698134420F82E
:101DD0000860059A079E07F0030126F808500C31A9
:101DE0001370884662680299535C30E71C2004F047
:101DF000C5FB044630B11C2105F06AF84FF0FF33F3
:101E00002361C7E5FEE79A6E03F13804002A3FF428
:101E1000C1AEAFE5C3F5806313FB03F3DB13C3F17E
:101E20000F0349E709F10042013A5200DDE906BA21
:101E300029E73AF9022091427FF435AF4CE79A6ED8
:101E40000C4C002A3FF4A6AE94E59A6E0A4C002A88
:101E50003FF4A0AE8EE5DA6C1C46002A3FF471AD6B
:101E600094E601218CE700236FF00102994602936A
:101E700009E700BF34170020501700204FF0030C73
:101E800070B50E689DF810504968BDF914E0064C15
:101E90008660C160027545750382A0F812E0046097
:101EA00080F804C070BD00BF71FF0010042310B49F
:101EB000D1F800C0054C49680460C0F808C05DF85E
:101EC000044BC16002610371704700BFC9FE00107E
:101ED0002DE9F04197008046384614460E4604F03E
:101EE0004DFBB0B33368012C03603BD9351F33463B
:101EF00000223D4407E0D3F800C00433AB4240F871
:101F000022C0A2B20FD0B3F900E0B3F904C0541C50
:101F1000E645F0D1B3F902C0B3F906108C45EAD119
:101F20000433AB42EFD1043FB6F90010F35FF4196C
:101F3000994210D0F159531C40F822109AB205234F
:101F40000949C8F80800A8F80C20C8F8001088F85B
:101F50000430BDE8F081B4F90230B6F902109942BC
:101F6000E8D1ECE70022DEE7E111011038B53821B5
:101F7000044604F0ADFF0223FF224FF0FF300021A2
:101F8000A373638C0B4D23F47B5323F03F0343F483
:101F9000F75343F01F032273E270A07684F82A20DF
:101FA00084F83620638465616181E183A185606086
:101FB00038BD00BFF4FE0310D38810B5B2F802E0BC
:101FC0000133A3EB0E031BB2002B0CDD9388B2F898
:101FD00000C00133A3EB0C031BB2002B03DDBDE8F3
:101FE00010400369184710BDF8B5044694F800C0C6
:101FF0000D460CF01F0104394FF000001746A6688B
:1020000010291AD8DFE801F0090909501C3A311AE1
:102010001A1A1A191919191909000CF01F00FDF7DD
:1020200051F92368C0F3C700C3F38A2313FB07F3F6
:1020300010FB05F500FB0363585BF8BD1846F8BDBF
:102040000321236805F00302C3F38A230333AD1091
:102050009B1013FB075352003344187CC2F1060255
:1020600001FA02F318401041F8BD2368C3F38A2334
:1020700013FB07531E4496F80004F8BD0F21236894
:1020800005F00102C3F38A2301336D105B1013FBCB
:1020900007539200334493F84000C2F1040201FA5E
:1020A00002F318401041F8BD0121236805F0070232
:1020B000C3F38A230733ED10DB1013FB07533344BC
:1020C000187AC2F1070201FA02F318401041F8BD74
:1020D00010B50378846803F01F03053B84B0092B17
:1020E00006D8DFE803F01005050505051B344C088C
:1020F000FF2004B010BD0368C3F38A2313FB02134F
:10210000E05C04B010BD0368C3F38A2313FB021321
:1021100003EB43032344987804B010BD036801F037
:102120000700C3F38A230733C910DB1013FB021324
:102130000121C0F10702E05C01FA02F318401041EE
:10214000B0FA80F040094042C0B204B010BD03684C
:102150001A48C3F38A23033300909B1001F0030055
:10216000891013FB021303214200C2F10602E35C53
:1021700091400B4013416B44187804B010BD4FF0F0
:102180000F0C03684FEA610EC3F38A2301335B101F
:1021900013FB02E301F001018900E45CC1F10401D9
:1021A0000CFA01F306481C400DF1100C0C410FC84D
:1021B0000CE90F006C44207804B010BD0055AAFF54
:1021C000D4FE03102DE9F0410546D0F808800078D0
:1021D0000C4600F01F01053917461E4609291DD877
:1021E000DFE801F0271C1C1C1C1C053B4A1E0121BA
:1021F0002A68E310C2F38A220732D21012FB073298
:1022000004F00704F609C4F1070418F80230A140ED
:10221000A64023EA0103334308F80230BDE8F08109
:102220002B68C3F38A2313FB024308F80360BDE85D
:10223000F08100F01F00FDF745F82B68C0F3C700E0
:10224000C3F38A2313FB07F3804400FB038800FBDE
:10225000048808F8016CBDE8F08103212A68A31006
:10226000C2F38A2203320C409210640012FB073240
:10227000B609C4F10604C8E72A686310C2F38A22CB
:10228000013204F001045210A4000F2112FB0732A6
:102290003609C4F10404B8E7F0B50546007883B008
:1022A000ADF8043000F01F03043B0C461646AF683F
:1022B000062B1DD8DFE803F01E351E0449596A00BD
:1022C00001202B68CA10C3F38A230733DB1013FBEA
:1022D0000623083301F00704FA5CC4F10704BDF8D3
:1022E00004100140A040A14022EA00020A43FA542F
:1022F00003B0F0BD00F01F00FCF7E4FF2B68C0F353
:10230000C702C3F38A2313FB06F312FB04F002FB9C
:1023100003003844002AEBD001A92CF0E7FB03B0FE
:10232000F0BD00F01F00FCF7CDFF2B68C0F3C70223
:10233000C3F38A2313FB06F312FB04F002FB030032
:10234000012A3844D4D0013AE6E703202B688A10EA
:10235000C3F38A2303339B1013FB0623044064005A
:102360001033FA5CC4F10604B9E72B684A10C3F3D2
:102370008A2301335B1013FB062301F00104A40040
:1023800040330F20FA5CC4F10404A8E72B68BDF8C1
:102390000410C3F38A2313FB0643FA1882F80014CF
:1023A00003B0F0BD037803F01F030B2B30D00C2BD0
:1023B00004D00D2B29D10F2902D9704703292AD81F
:1023C00070B5856840F20316032040F207144FF001
:1023D000070EC2F3451313FB06000023C2F3C42CFF
:1023E0001CFB04EC02F01F0212FB04E24FEA6C1C1F
:1023F00080116CF31743521160F30F2362F307034C
:1024000043F07F4345F8213070BD0E2BD8D1704783
:102410000129D5D970477047F8B507460C200E46FC
:10242000144604F0ABF8B0B10C21054604F050FDA1
:10243000231F102B0AD8DFE803F0112E115C65333F
:102440003B4A53404709090909092E0000236B60E4
:10245000284604F0ABF800252846F8BD07FB06F334
:10246000580068600028F3D004F088F8A8600028BD
:10247000EED0696804F02CFDC7F30A072B6804F05E
:102480001F0444EA872444EA465403F440731C437F
:1024900028462C60F8BD07FB06F303EB4300E0E79A
:1024A000402307EBD7704010013010FB0630D8E70F
:1024B0004FF4806007FB0600D3E707EBD7704010AE
:1024C000013010FB06F0CCE707FB06F0C9E7384601
:1024D000002FB8BFF81DC010013010FB06F0C0E798
:1024E0003846002FB8BFF81C8010013010FB06F0F2
:1024F000B7E73846002FB8BFF81DC01000FB0660D4
:102500000830AEE73B46002FB8BFFB1C981000FB1D
:1025100006601030A5E700BF50B110B504468068D2
:1025200008B104F043F82046BDE8104004F03EB87E
:10253000704700BF043A102A0AD8DFE802F00B0FF8
:102540000B3B43141C2B33212809090909090F00EF
:102550000020704701FB00F04000704700FB01F1D4
:1025600001EB41007047402200EBD0735B10013358
:1025700013FB012070474FF4806300FB013070476C
:1025800000EBD0735B10013313FB01F0704701FBCC
:1025900000F07047031EB8BF0733D810013010FB9E
:1025A00001F07047031EB8BF03339810013010FBD1
:1025B00001F07047031EB8BF0733DB1003FB0110A7
:1025C00008307047031EB8BF03339B1003FB011094
:1025D00010307047F0B585B0044694461D46BDF8EE
:1025E00028700B9E13B9B7F5807F6ED0ADF80AC086
:1025F000ADF80EC04FF0000C33463A466846ADF8D1
:102600000410ADF80C102946CDF800C0ADF806C096
:10261000ADF808C002F0FAFD33463A46294601A853
:1026200002F0F4FD33463A46294602A802F0EEFDD8
:1026300033463A46294603A802F0E8FDBDF90C20CE
:10264000BDF90810BDF90E308A42BDF90A50104696
:10265000A8BF08468A42B8BF0A46AB421946A8BF7F
:102660002946AB42B8BF2B469C46BDF904E0BDF9F4
:1026700006707045A8BF70467245B8BF7246B94231
:102680000B46A8BF3B46BC45B8BFBC46BDF9006081
:10269000BDF90250B0420146A8BF3146B242B8BFB0
:1026A0003246AB42A8BF2B46AC45B8BFAC460CF196
:1026B000020C02390232023B0FFA8CFC218063804B
:1026C000A280A4F806C005B0F0BD02F1FF3C0139BC
:1026D0000FFA8CFC03608180A4F806C005B0F0BD41
:1026E00070B50D461646044601F0FAFC84462A46AB
:1026F000334621461048654600F00CFC70B10022BC
:102700000D49CB698A620BB10B4870BD284601F0B8
:10271000F1FC70B90123084AD361F5E704462C2186
:10272000054804F0D5FB4FF00043034A204693626E
:1027300070BD014BD861E7E784160020704700BFE9
:10274000704700BF30B5084685B00C461546FCF70B
:10275000D5FDD0B92378C3F30403043BDBB2102BBF
:1027600025D863886A88C3F34A1363F34F1221683C
:102770006A802B681E4A23F01F1323F47C430A400F
:1027800013432B60012005B030BD012808D002287A
:102790000DD12A68174B02F4787213432B60F1E7CE
:1027A000204603F019FB14492CF064F810B1002006
:1027B00005B030BD0222214601A803F0B7F830B1C0
:1027C0002B781C3303F01F03102BDBD9EFE7042217
:1027D00029466B460DEB020003F01AF9044601A8E6
:1027E00003F0F4F8002CE2D1009B042BDFD1E7E7E3
:1027F0001FFC1F000B042000ECF1031038B54D6ADC
:1028000085B10B7C0C46012B0DD0E86808B103F0B4
:10281000CDFE286908B103F0C9FE284603F0C6FEC4
:102820000023636238BD284603F0D0F8EDE700BF0F
:102830002DE9F04F0D7D1F4605F01E0389B0042BD6
:102840000C469046BDF948600ED005F01F03062BDC
:102850000AD0A3F10B02032A44D9073B032B2FD93B
:10286000002009B0BDE8F08F237C012BF8D105F0E2
:102870001F00656AFCF726FD61690446C1F38A21E1
:1028800017FB018104FB01F1C91000222846043125
:1028900003F0A4F902460028E2D1C4F3C70414FBF4
:1028A00006F4049228462246139904AB03F0B0F8CC
:1028B0000028D5D10498001BB0FA80F04009D0E779
:1028C00005F01F00FCF7FEFC237D814603F01F038B
:1028D000073B032B00F24B81DFE813F01B010801DB
:1028E000F500B1004FF47F43ADF80830A3F5AD0318
:1028F000A3F528530393A34B0DF1100A002EB1F852
:1029000008C00FCB8AE80F000DDD139B06EB4601D4
:1029100019444FEA1C205FFA8CF21A705870033386
:102920009942FAD1257D05F01F00FCF7CBFC237DF1
:10293000814603F01F030B3B032B00F21D81DFE8F0
:1029400003F06C59480200256369AA46C3F38A2242
:10295000934612FB0787636A5846019303F0D0FE43
:10296000804600283FF47CAF237C002B40F0E380BE
:10297000636899683944002E24DD0120139A00FA17
:1029800009F006EB4606C9F1080701387FB240B2EC
:1029900016440B7894F814C02B4103400CF01F0C24
:1029A000DBB2BCF10E0F18BF1AF80330A5EB090516
:1029B0006DB2002D937002F10302BCBF3D460131A0
:1029C0009642E6D1404603F053FF012009B0BDE82E
:1029D000F08F6FEA080563694FEA6808C3F38A2B32
:1029E0000BF1010B4FEA6B0B05F001051BFB078791
:1029F000AD00B0E76FEA080563694FEAA808C3F3C2
:102A00008A2B0BF1030B4FEAAB0B05F003051BFB05
:102A100007870DF10C0A6D009DE76FEA08056369F1
:102A20004FEAE808C3F38A2B0BF1070B4FEAEB0BD5
:102A30001BFB07870DF1080A05F007058BE700254A
:102A40006369C3F38A2B1BFB078BC3F38A2A0BF53D
:102A5000806B5046676A03F053FE804600283FF4BF
:102A6000FFAE237C002B74D1636899685944002E13
:102A7000A8DD0124139B04FA09F406EB4606C9F10C
:102A8000080C013C4FFA8CFC64B21E440A78F868CA
:102A90002A412240D2B230F81200A5EB0905187085
:102AA000000A587038696DB2825C002D9A7003F18B
:102AB0000303BCBF654601319E42E7D1404603F0A7
:102AC000D7FE012082E76FEA080563694FEA680BC9
:102AD000C3F38A2A0AF1010A4FEA6A0A1AFB07BB02
:102AE00005F001050BF1400BAD00B2E76FEA0805F8
:102AF00063694FEAA80BC3F38A2A0AF1030A4FEA73
:102B0000AA0A1AFB07BB05F003050BF1100B6D00B9
:102B10009FE76FEA080563694FEAE80BC3F38A2A67
:102B20000AF1070A4FEAEA0A1AFB07BB05F0070594
:102B30000BF1080B8DE7391D019F0022384603F089
:102B40004DF8414600235A46384602F061FF41469F
:102B500011E700220BF10401384603F03FF841462B
:102B600000235246384602F053FF41467FE74FF0BC
:102B7000000AD34655466CE74FF0000B5D465F46B2
:102B8000DA46E8E6E4FE0310F0B50B7C0C46012BB8
:102B900085B05FD0A3B94A689168002957D0207DDD
:102BA00000F01F00031F102B3ED8DFE803F01D1DAF
:102BB0001D222222221F1F1FC63D3D3D3D3DC60056
:102BC000087D00F01F00031F102B2DD8DFE803F055
:102BD0000E0E0E111111110E0E0E8E2C2C2C2C2CF3
:102BE0008E00237C13B962689368A361012005B04D
:102BF000F0BDFCF767FB656A0646002D00F0F78024
:102C00000220B04003F0BAFCE86000286CD0012735
:102C100007FA06F6304603F0B1FC2861002864D0BC
:102C2000E968002940F08B80656A85B1237C012B1F
:102C300000F0E880E86808B103F0B8FC286908B142
:102C400003F0B4FC284603F0B1FC002363620020CB
:102C500005B0F0BD486803F0BFF886492BF00AFEC6
:102C60000028F4D10222616801A802F05FFE00286A
:102C7000EDD1636A002B00F0C9800DF105029A1AAC
:102C8000022A40F28F80019A1A60029A5A60039ACF
:102C90009A60207D00F01F00031F102BC4D801A2F2
:102CA00052F823F0E32B0110E32B0110E32B01106A
:102CB000F32B0110F32B0110F32B0110F32B011058
:102CC000ED2B0110ED2B0110ED2B0110312D01101A
:102CD000292C0110292C0110292C0110292C01105C
:102CE000292C0110312D0110FEE7FEE76569E38A0A
:102CF000C5F38A25C3F34A1315FB03F5142808BF4F
:102D000005EB4505284603F039FC064600289ED011
:102D1000676A00220421384602F060FF00232A4639
:102D20003846314602F074FE002837D1A6615DE7CF
:102D3000237C002BDAD163689968A16156E7237C74
:102D4000012B6ED063689A68002E3FF44FAF547821
:102D50001378A408DB0843EA44139478012E4FEA61
:102D6000D40443EAC4230B80D37803703FF43EAF0E
:102D70003946507913798008DB0843EA401390798B
:102D80002C69C00843EAC023E868043220F81130F7
:102D9000D37863540131B142EBD127E7304603F0D9
:102DA00005FC54E79DF804201A709DF805205A7020
:102DB0009DF806209A709DF80720DA709DF808208B
:102DC0001A719DF809205A719DF80A209A719DF890
:102DD0000B20DA719DF80C201A729DF80D205A72A2
:102DE0009DF80E209A729DF80F20DA7251E7142098
:102DF00003F0C4FB606220B1142104F069F8656A35
:102E0000FEE6FEE7284602F0E1FD13E7142003F09A
:102E1000B5FB606220B1142104F05AF8636A2CE714
:102E2000FEE700220421284602F0D8FE002E3FF4DF
:102E3000DDAE0024042200230DEB0201284602F03F
:102E4000E7FD9DF805109DF804308908DB0843EA8A
:102E500041139DF80610EA68C90843EAC12322F825
:102E600014309DF807202B691A550134A642E1D190
:102E7000BCE600BFECF1031010B50B48142103F0C1
:102E80006DF8094803F072F860B10446142104F0AB
:102E90001FF806480649074A074BC4E90001C4E980
:102EA000022310BDFEE700BF681600204527011071
:102EB000892B011031280110FD270110F8B50F46AC
:102EC00006460421384604F003F8EEB13046FCF71C
:102ED00015FA08B9B368BBB10D4803F04DF90446C3
:102EE00090B10025236833B13A46314620469847D1
:102EF0000128054606D02146054803F045F9044659
:102F00000028EFD12846F8BD00252846F8BD00BFAF
:102F1000681600202DE9F0410F4628210646154687
:102F20001C4603F0D5FF002F42D03846FCF7E6F9E7
:102F3000002837D0012835813074F4603CD07760A8
:102F4000274803F019F90446002846D0002506F169
:102F500014082368CBB16268BAB1424639462046AC
:102F600098470128054610D16368314620463460F1
:102F700098470128054612D00421404603F0A8FFD7
:102F80000023C6E90833B361F3612146144803F016
:102F9000FBF804460028DCD1337C012B19D02846ED
:102FA000BDE8F081BB681BB135813074F460C6E7C1
:102FB00000252846BDE8F08138462BF00DFE013093
:102FC00003F0DCFA706018B139462BF031FDB7E739
:102FD000FEE7706803F0EAFAE1E70546DCE700BFC8
:102FE0006816002030B58446006883B0846844B118
:102FF000069D0093019513460A466146A04703B01B
:1030000030BD204603B030BD10B50446006830B175
:10301000C3680BB121469847237C012B00D010BD1B
:10302000606803F0C3FA0023636010BD10B5054863
:1030300002F09CFF28B10446142103F049FF20460A
:1030400010BDFEE76816002010B50446044821466E
:1030500002F0E4FF2046BDE8104003F0A7BA00BF2D
:1030600068160020016070474160704781607047BA
:10307000C160704708B510F00BFEBDE8084011F0C4
:1030800069BC00BF2DE9F04700260D461746814672
:103090000E6010B39846B246044643463A46294667
:1030A00020462668B04730B1AB7BDB0611D5BAF1BC
:1030B000000F08BFA2466469002CEED1BAF1000FE0
:1030C0000BD0DAF8004043463A4629465046A0471E
:1030D000544601202C60BDE8F0871F2FB9F9080085
:1030E0000ED94FF6FF039F420AD042F20C039F42D3
:1030F00006D000EBD071C1F34F018B1C9BB201E0F5
:10310000002319460022AB80AB7B288123F01F03EC
:1031100043F011031046E980AB732A60C5F80A201A
:10312000BDE8F08708B143681847FEE720B110B446
:1031300019B15DF8044BA5E7FEE7FEE758B100B50D
:1031400085B013460A466946FFF79CFFBDF80400A8
:1031500005B05DF804FBFEE703780A78934209BFE7
:103160004B78981A4078C01A704700BF03880A88C5
:10317000934209BF4B88981A4088C01A704700BF15
:1031800000880B88C01A7047F0B5092985B004D0B3
:103190000C4619B9002005B0F0BD202405696A6904
:1031A0003AB31368A3426BD0688AC0F30800E0B159
:1031B0000026AF68B6463946BB59B1F804C0E31AD9
:1031C000634506D8887C03280DD8DFE800F0541842
:1031D0002C3F0EF1010E1FFA8EF3984206F11406F1
:1031E00001F11401E8D8002AD4D00023C2E9004339
:1031F000D0E7688AC0F308000028D9D1CAE7ADF843
:103200000E30234B0A8A0DF10E00896800930223C9
:1032100005F00CFE6A69002834D0A96831448B6837
:10322000C01ACB681B5AC9880B440AB1C2E90043D3
:10323000002BAFD0EA7C3F2AACD8D5E9000252F887
:103240003330C3F31303184405B0F0BDADF80E30AE
:103250000F4B0A8A0DF10E0089680093022305F0D6
:10326000E5FD6A6970B1AB6833449968DB88401A40
:1032700003EB6003D9E7C868C988C35C0B44D4E793
:103280005368D5E7002A85D0C2E9004082E700BF35
:10329000813101102DE9F04F092A154607460C46E9
:1032A000984687B025D01AB9002007B0BDE8F08F46
:1032B0003E699246736913B31A68524500F01A8149
:1032C000728AC2F3080262B34FF00009D6F808C050
:1032D000CE4661465CF80900B1F804B0AAEB0000E4
:1032E000584512D88A7C032A19D8DFE802F08A727E
:1032F0006E1E3E694FF0200A7369002BDCD1728A82
:10330000C2F30802002ADFD1CEE70EF1010E1FFA48
:103310008EF0824209F1140901F11401DAD8002B70
:10332000C2D00022C3E900A2BEE7A84BADF814004A
:103330000A8A05A889680093022305F077FD73695E
:10334000002800F0F480B2684A449168B2F8069010
:10335000401A09EB60090BB1C3E900A9B9F1000FEC
:10336000A2D0F368002B00F09680B8F1000F00F0B7
:103370009280D7F810A0DAF81420002A00F0CF804D
:103380001368984500F01A81BAF81200C0F30800DB
:10339000002800F0BF80DAF808C04FF0000B61464B
:1033A000CDF80CB05CF80B30B1F804E0A8EB0303E7
:1033B000734500F2A280887C032800F2A980DFE830
:1033C00010F0D30026003C00BC00B1F80690814408
:1033D000C1E77E4BADF814000A8A05A889680093FE
:1033E000022305F023FD7369002800F0A080B26875
:1033F0004A449168401AD168D28831F800909144CB
:10340000A9E7CA6812F80090CA889144A3E7ADF80A
:1034100014306E4B0A8A05A889680093022305F0D0
:1034200005FDDAF81420002800F0CA80DAF8081048
:1034300059448B68C01ACB681B5AC9880B440AB11F
:10344000C2E900833BB33A69D17CD7688A061DD4B0
:10345000FA7A3F2A40F2998002F0C002402A1AD13B
:1034600009EB0343D7F80080BA680593584B4146EF
:10347000009322F04042042305A805F0D7FC50B188
:103480007A68A0EB08039B10D25605E07A6812F820
:103490000920002A6DD10022338A092D02FB03F393
:1034A00072684FEA231302EBC902518803F1080343
:1034B000C1F30B1108BF49000B441B09A3805379CA
:1034C000F17C23811079C1F34301E08092F9063049
:1034D000092D638192F90730A381A37B23F01F0399
:1034E00043EA0103A37301D14000E080012007B04B
:1034F000BDE8F08FD3F8049030E7039B0BF1140B79
:10350000013303939BB2984201F114013FF64AAF95
:10351000002AC0D00023C2F800805360BBE7BAF88D
:103520001200C0F3080000287FF435AFB3E7002B8A
:103530003FF4BAAEC3E900A0B6E6ADF81430234BB1
:103540000A8A05A889680093022305F06FFCDAF85F
:103550001420002834D0DAF808305B449968DB88FE
:10356000401A03EB60036AE7C868C988C35C0B4470
:1035700065E7B968C95C00298DD0531E7A7B013993
:1035800013FB02133A68D25686E709EB0323D7F8F8
:103590000080BA68ADF814300E4B4146009322F01B
:1035A0004042022305A805F041FC00283FF473AF18
:1035B0007A68A0EB08035B10D2566DE7536841E7C9
:1035C000002A3FF468AFC2E9008064E7813101104E
:1035D0006D31011059310110704700BF70B5BDF950
:1035E00010E09DF8180002FB0E33FC2803EB4303A8
:1035F000BDF814C001EB030206D990704FEA1C20FD
:1036000001F803C0507070BD9478022C03D80228D2
:103610009070F3D870BD022831F803E01AD9FC2C61
:103620001AD90430C508FF202D4C0EEB0E4E0CEBC2
:103630000C4C0EEA040E90700CEA0400A0EB0E0095
:1036400005FB00F00EEB501E0EEA040E4EEA1E4E75
:103650001FFA8EFEF446D1E7224D2E78864232D0F4
:103660000CEB0C46A5F804C06C70C0F1FF0CC4F163
:10367000FF041CFB04F42870C0EB002C84F47F4092
:10368000C0F307201FFA8CFCBCFBF0FC144CA5F81F
:1036900008E05FFA8CFC0EEB0E4EA873907026408B
:1036A0000EEA04000CF1040C361A4FEADC0C06FB9F
:1036B0000CFC00EB5C10204040EA10401FFA80FC3C
:1036C000A5F80CC09AE76E78A642C9D1AE886645C7
:1036D000C6D12E897645C3D1B5F80CC0A87B96E734
:1036E0001FF8E007F015002008B5F3F77FFA002077
:1036F00008BD00BF2DE9F04385B09DF83870BDF9D5
:103700003060022FBDF8344002D805B0BDE8F08328
:1037100040F2071E4FF0070C40F203194FF0030868
:1037200000200391C4F3C4211D4611FB0EC1C4F354
:10373000451313FB0983491104F01F049B1161F326
:10374000174014FB0EC463F30F20019BC2F30A025F
:1037500003F44071194B641164F3070043EA8223B8
:1037600040F07F400B430193C0F30743C0F30722AF
:1037700003EB430303EB820353FA80F0FC2FC0F307
:10378000CC040AD9E3B20DF104083246294640467A
:10379000FEF718FD05B0BDE8F0830DF104083246D0
:1037A00029464046FEF794FCC7F1FF0313FB00F3E4
:1037B00007FB0433C3F30723E7E700BF0C00200037
:1037C0002DE9F04385B09DF83870BDF93060022FC7
:1037D000BDF8344002D805B0BDE8F08340F2071EC2
:1037E0004FF0070C40F203194FF00308002003913B
:1037F000C4F3C4211D4611FB0EC1C4F3451313FBD2
:103800000983491104F01F049B1161F3174014FB55
:103810000EC463F30F20019BC2F30A0203F440714C
:10382000194B641164F3070043EA822340F07F40A0
:103830000B430193C0F30743C0F3072203EB430399
:1038400003EB820353FA80F0FC2FC0F3CC040AD9B7
:10385000E3B20DF10408324629464046FEF7B2FCB9
:1038600005B0BDE8F0830DF1040832462946404614
:10387000FEF72EFCC7F1FF0313FB00F307FB043335
:10388000C3F30723E7E700BF0B0020002DE9F04357
:1038900085B09DF83870BDF93060022FBDF8344016
:1038A00002D805B0BDE8F08340F2071E4FF0070CC8
:1038B00040F203194FF0030800200391C4F3C42120
:1038C0001D4611FB0EC1C4F3451313FB09834911B7
:1038D00004F01F049B1161F3174014FB0EC463F343
:1038E0000F20019BC2F30A0203F44071194B6411CB
:1038F00064F3070043EA822340F07F400B430193C7
:10390000C0F30743C0F3072203EB430303EB820337
:1039100053FA80F0FC2FC0F3CC040AD9E3B20DF1C6
:103920000408324629464046FEF74CFC05B0BDE887
:10393000F0830DF10408324629464046FEF7C8FBE5
:10394000C7F1FF0313FB00F307FB0433C3F30723A3
:10395000E7E700BF0E0020002DE9F04385B09DF899
:103960003870BDF93060022FBDF8344002D805B080
:10397000BDE8F08340F2071E4FF0070C40F2031938
:103980004FF0030800200391C4F3C4211D4611FB2E
:103990000EC1C4F3451313FB0983491104F01F043E
:1039A0009B1161F3174014FB0EC463F30F20019BBE
:1039B000C2F30A0203F44071194B641164F3070067
:1039C00043EA822340F07F400B430193C0F3074357
:1039D000C0F3072203EB430303EB820353FA80F0A7
:1039E000FC2FC0F3CC040AD9E3B20DF1040832462F
:1039F00029464046FEF7E6FB05B0BDE8F0830DF131
:103A00000408324629464046FEF762FBC7F1FF0331
:103A100013FB00F307FB0433C3F30723E7E700BFFF
:103A20000D00200070B55021044603F051FA002328
:103A30004FF0FF354FF4FC605821A3602369094A19
:103A400023F4FF3323F4E473074E43F4824343F03B
:103A50000803C4E90065C4E9102220872361A1643A
:103A600070BD00BF91C201104001F000F8B50D46D5
:103A7000044617461E461C2103F02AFAC4E90057E3
:103A8000C4E90256F8BD00BF2DE9F041054682B0F9
:103A9000494802F06BFA00287CD0EB6B0446002BFF
:103AA0007AD04FF4B471204603F012FA01230821B2
:103AB000424EC4F8543104F5AC70256002F04EFA61
:103AC0001E2122463E483769346103F0BDFE606026
:103AD000002860D02B7C9A070AD569882A8812FBB7
:103AE00001F2E968C96891423CBF23F002032B74DC
:103AF000FF224FF6FF7384F82920638515F01EFB23
:103B00000546002854D1052001F0BCFE8046284619
:103B100001F0B8FE2B4B0246009341462B4620464F
:103B200015F0AAFA0346A3600020F2F77BF80346DB
:103B300000202361F2F776F803460020E361F2F7F4
:103B400071F8002F08BF274620620021E0691E4A55
:103B5000F8F70EF81C4A206A0021F8F709F8E06926
:103B60000221F2F7B7F8206A0221F2F7B3F8E06910
:103B70000021F5F72DFB0021206AF5F729FB2069CC
:103B8000F3F796FE6068376103F0A0FE204602B0AE
:103B9000BDE8F081FEE7FEE7A86C02F0EFFC064608
:103BA00028B101462B6C28469847EE6379E7FEE77B
:103BB00015F0B8FA0346B6E72C160020F0150020E1
:103BC00025E70010F4FE0310FFFF0F00F0B50B7C9B
:103BD00083B09A070546016007D50A884C88C868F3
:103BE00012FB04F2C068904249D3DB066B6A47BF00
:103BF000B1F90270B1F90060B1F90070B1F9026079
:103C0000FBB10024EB68694653F82400F3F758F839
:103C1000EB68394653F82400143000F029FEEB68B5
:103C2000314653F82400143000F028FEEB682921B7
:103C300053F824006A4605F027FD6B6A0134A3425D
:103C4000E0D84FF4807105F1300003F041F905F53B
:103C50009870202103F03CF900232869A5F8503121
:103C600008B1F3F725FE002208491046F9F790FD48
:103C70002868036B43B103B0BDE8F040184723F058
:103C800002030B74DBB2B0E703B0F0BDE9360110FC
:103C9000F8B5204D044600202E6900F0EDF940B142
:103CA000002703681A69A24229D000F0E5F900282C
:103CB000F7D1206A18B1F9F7B5FA00232362E06959
:103CC00040B1F9F7AFFA0023E36103E0E368186855
:103CD000F9F7A8FA636A002BF8D121460E4802F0E2
:103CE0009DF904F5AC7002F0C1F9606808B103F009
:103CF000CDFD204602F05AFCA64206D0F8BD1F6159
:103D000000F0BAF90028CCD1D3E7034802F034FA26
:103D10002861F8BDF01500202C160020014B186119
:103D2000704700BFF0150020014B1869704700BFB5
:103D3000F015002048B103681A7CD20602D4B3F90A
:103D400000007047B3F902007047024B1869002861
:103D5000F1D1F6E7F015002048B103681A7CD206CD
:103D600002D4B3F902007047B3F900007047024B68
:103D700018690028F1D1F6E7F015002088B1036832
:103D80001A7CD20606D4B3F904000028D8BFB3F9D0
:103D900000007047B3F906000028FADCB3F902000E
:103DA0007047024B18690028E9D1F2E7F0150020AE
:103DB00088B103681A7CD20606D4B3F9060000283D
:103DC000D8BFB3F902007047B3F904000028FADC49
:103DD000B3F900007047024B18690028E9D1F2E7F7
:103DE000F0150020B0B10268137CC3F30113022B5D
:103DF00018D0032B04D0012B11D1B2F90A0070475F
:103E0000B2F9060053890028D8BFB2F90200C01ADF
:103E100000B27047084B18690028E4D17047B2F926
:103E200008007047B2F9040013890028D8BFB2F91E
:103E30000000C01A00B27047F0150020B0B102684F
:103E4000137CC3F30113022B18D0032B04D0012BD6
:103E500011D1B2F908007047B2F9040013890028A3
:103E6000D8BFB2F90000C01A00B27047084B1869F9
:103E70000028E4D17047B2F90A007047B2F9060091
:103E800053890028D8BFB2F90200C01A00B27047A7
:103E9000F015002020B10368187CC0F3C000704703
:103EA000024B18690028F6D1F9E700BFF015002091
:103EB00020B103681869C0F3C9107047024B186934
:103EC0000028F6D182207047F01500200022C36838
:103ED0001A615A61704700BFC3685869003818BF3B
:103EE000012070470146034809B102F04DB902F0C4
:103EF00043B900BF2C1600200368D868704700BF84
:103F00000B4630B101680A7C63F305120A74FFF7AF
:103F10005DBE024A10690028F4D17047F0150020F8
:103F200020B10368187CC0F301107047024B186978
:103F30000028F6D1F9E700BFF0150020053909295E
:103F400006D8DFE801F011050505050514080B0E7C
:103F50000023C3617047074BC3617047064BC361C1
:103F60007047064BC3617047054BC3617047054BF3
:103F7000C3617047F5360110593901108D380110B1
:103F8000DD350110C1370110202110B5044602F0C3
:103F90009FFF0022024B03492270A361E16110BD23
:103FA0000A0A03329001640038B503690546ABB1D3
:103FB0000E4801F0DBFF044678B15C2102F088FF77
:103FC00063791E2143F0020322462560637108488D
:103FD00003F03AFC6861204638BDFEE7FFF7A4FE17
:103FE000044628610028E3D1204638BD3816002059
:103FF000B5AA0110B8B138B503680446A3B1586931
:1040000098B10D4603F042FC85B12B697BB1224685
:104010001E210C48256003F017FC6379686143F0AA
:104020000203637138BDFEE7FEE7FEE7FEE7FFF738
:104030007BFE28610028EAD1637943F004036371B1
:1040400038BD00BFB5AA011080B1036810B50446A1
:104050006BB1586960B103F019FC2146054801F0C5
:10406000DDFF2046BDE8104002F0A0BAFEE7FEE703
:10407000FEE700BF381600200146034809B102F0F0
:1040800083B802F079B800BF3816002070B50C462E
:1040900005461021204602F01BFF28680378012BFB
:1040A00011D0022B09D0042B04BF0A23636043689C
:1040B00043B12146BDE870401847EB686360436830
:1040C000002BF6D170BD6B692360F0E70021034B34
:1040D0005A68197002445A60704700BF04160020E5
:1040E0000121034B586819701A78002AFBD07047D9
:1040F000041600200121054B10B45C6819701A7871
:10410000002AFBD0201A5DF8044B704704160020EB
:104110004FF48062002310B5044682B00092194625
:10412000D0E90B2002F0CEF9226AA36A9B1A03FBA6
:1041300000F002EBA02002B010BD00BFF8B5624D48
:104140002868FFF7D7FF2B79064683F001035F4805
:104150002B7102F011F8002835D00446002794F89E
:1041600042302979C3F380028A426F7130D061F303
:104170008203206B84F84230D9B21B0700EB0602A1
:1041800001D400282CDD002A226314DBE36A2046D8
:104190009342A8BF1346E26923639047636A834250
:1041A00005D06368606213B1014620689847D4E97E
:1041B0000B329A422FDA6B7953B1444801F0DCFF9D
:1041C0000446002CCBD1FFF78BFF2860F8BD22639B
:1041D00021463E4801F0D8FF0446002CBFD1F2E74B
:1041E000002AF4DBCB0709D463693BB1204698472A
:1041F000226AA36A024403442262A362A3680BB149
:104200002046984794F84230226B43F0080384F824
:1042100042303244B7E794F84210B4F8402011F02D
:1042200002011DD0002A43D12146284801F0F6FEA4
:10423000012326486B7101F09FFFAB6800283FD037
:10424000184603F03BFBE3680BB12046984723690F
:104250000BB120469847204602F0A8F96B79ABE7EE
:10426000A06BAAB90028DFD0626B52422263B1FA78
:1042700081F194F84220E062A363206AA36A4909AD
:1042800061F341022362A0626B7984F8422093E7D4
:104290004FF6FF7C624505D0013A92B2A4F8402067
:1042A000002ADFD0E26B524222630028DCD182E791
:1042B000E26BA06B5242226300283FF47CAFD6E74A
:1042C000184603F0F5FABEE70C1600205016002041
:1042D00010B544210E4801F041FE00221E210D4878
:1042E00003F0B2FA012302460B4C09486371A26045
:1042F00001F042FFA36828B1184603F0DFFA00235B
:10430000637110BD184603F0D3FA0023637110BD2A
:10431000501600203D4101100C16002038B54421F4
:10432000044602F0D5FD6423012200204FF4FA7107
:10433000A36294F84230054D1343C4E90750E1628B
:10434000A4F8402084F8423038BD00BF114101106C
:104350004FF6FF72B0F8401091421BD0034693F81D
:10436000422030B4D0E90B409207A4EB00000CD5FA
:10437000012908D9DA6B5D6B9B6B2A441A44013919
:10438000224401FB020030BC7047D3E90D252A44CA
:104390001044EDE74FF0FF30704700BF2DE9F047C4
:1043A000064652480F4601F0E7FE0446002800F09A
:1043B0009580002E34D0002F62D04FF000084FF0CF
:1043C000010ADFF82C912146484801F0DDFE236800
:1043D00025469E42044604D0002CF4D14046BDE858
:1043E000F0876B689F42F7D12946404801F016FEDE
:1043F0002B690BB128469847284602F0D7F83B486E
:1044000089F805A001F0B8FED9F80830002833D0AB
:10441000184603F053FA4FF00108002CD3D1DDE722
:104420004FF00109B046324E2146304801F0ACFE53
:1044300063682546BB42044603D017B1002CF3D174
:10444000CCE72946294801F0E9FD2B690BB1284644
:104450009847284602F0AAF8244886F8059001F00B
:104460008BFEB368002835D0184603F027FA4FF0CA
:104470000108002CD8D1B1E7184603F019FACAE7B1
:104480004FF00109B8461A4F2146184801F07CFE4A
:10449000236825469E42044602D0002CF4D19DE7B5
:1044A0002946124801F0BAFD2B690BB128469847FE
:1044B000284602F07BF80D4887F8059001F05CFE75
:1044C000BB6878B1184603F0F9F94FF00108002CE9
:1044D000DAD183E7184603F0EBF9C8E78046404697
:1044E000BDE8F087184603F0E3F9EEE75016002028
:1044F0000C160020416870B5054611B10068FFF741
:104500004DFF214801F0C8FE002833D11F4E1E4840
:1045100001F02CFD044660B34422294602F034FA2F
:104520002B683279AB4294F8423008BF246062F3C2
:10453000820384F84230DB070FD563693BB1204624
:104540009847226AA36A024403442262A362636812
:104550001BB1206808B1216A984701230A4873718A
:1045600001F00AFEB36850B1184603F0A7F92046DF
:1045700070BDFEE7FFF7B4FD044E3060C7E7184694
:1045800003F096F9204670BD501600200C1600204E
:1045900010B50A4801F06AFD0123094C0748637110
:1045A00001F0EAFDA36820B1BDE81040184603F011
:1045B00085B91846BDE8104003F07AB950160020BE
:1045C0000C16002038B5044610480D4601F0D4FD05
:1045D000C0B101462DB911E00C4801F0D5FD0146EE
:1045E00080B10B689C42F7D14B689D42F4D10846DC
:1045F00038BD064801F0C8FD014618B10B68A3425A
:10460000F7D1F4E70021084638BD00BF501600205E
:10461000014B9868704700BF0C16002010B5094880
:1046200001F0AAFD014650B10024064801F0ACFD9E
:1046300001340146A4B20028F7D1204610BD04463B
:10464000204610BD501600204FF47A7C891A0029AC
:10465000B8BF49420CFB01F10346B1FBF0F09942AF
:1046600038BF0130704700BF002067E530B54FF418
:104670008065002383B0044600951946D0E90B20DD
:1046800001F020FF642332220021009501F04AFE50
:10469000226AA36A9B1A03FB00F002EBA02003B07E
:1046A00030BD00BF30B54FF48065002383B00446B1
:1046B00000951946D0E90B2001F004FF40F2B63313
:1046C0004FF461720021009501F02CFE226AA36A6A
:1046D0009B1A03FB00F002EBA02003B030BD00BF2B
:1046E00030B54FF48065002383B004460095194629
:1046F000D0E90B2001F0E6FE4FF46E733222002168
:10470000009501F00FFE226AA36A9B1A03FB00F0DA
:1047100002EBA02003B030BD30B54FF4806500231C
:1047200083B0044600951946D0E90B2001F0CAFE7B
:1047300040F214534FF47A720021009501F0F2FD1B
:10474000226AA36A9B1A03FB00F002EBA02003B0CD
:1047500030BD00BF4FF48062002370B582B000927C
:104760000446D0E90B20194601F0ACFEA56A236A85
:10477000B0F5CC7FA5EB03051CDA40F6C41300FBB3
:1047800003F39812002620EAE070B0F5806F4FF432
:10479000FA73A8BF4FF480604FF448724FF4806101
:1047A000009601F0BFFD05FB00F0A36AA3EBA0207B
:1047B00002B070BDA0F5CC73CD2B0BD81D4A1BB237
:1047C00082FB051203EB8303ED17C3F58060C5EB95
:1047D000E205D7E7A0F26623CC2B10D9A0F2333341
:1047E000652B16D8134A1BB282FB051203EB830319
:1047F0005B00ED17C3F58060C5EB2215C2E70D4ADB
:104800001BB282FB0512ED1703EB8300C5EBE2053B
:10481000B8E76FF46673C318672BB3D8054A1BB2A9
:1048200082FB051203EB8303ED175800C5EB22153D
:10483000A8E700BF67666666D0E90B329A42ACBF54
:10484000806A006A704700BF4FF0000C10B5E64662
:10485000BDF9084061F30F0C63F30F0E62F31F4CB8
:1048600064F31F4EC0F800C0C0F804E010BD00BFE4
:104870000388013919448180704700BF438801399A
:104880001944C180704700BF00239C4600B5B0F8B2
:1048900004E061F30F037144B0F800E062F31F43DA
:1048A000A1EB0E0161F30F0CC1880A44418803603B
:1048B000521A62F31F4CC0F804C05DF804FB00BF3D
:1048C000B0F90630B0F902C0B0F90420B0F9001018
:1048D000A3EB0C03521A581C02FB0000704700BFE8
:1048E00000239C4600B5B0F800E089B2AEEB010EA3
:1048F0006EF30F03B0F804E092B2714461F30F0C51
:10490000C188114461F31F4C4188C0F804C08A1A61
:1049100062F31F4303605DF804FB00BF00239C4665
:1049200000B5B0F800E089B28E446EF30F03B0F822
:1049300004E092B2714461F30F0CC188114461F339
:104940001F4C4188C0F804C00A4462F31F4303604F
:104950005DF804FB70B50346B2F90040B1F9000000
:10496000B1F904608442B8BF0446B2F90400B2F958
:1049700002E0B042A8BF3046B1F90260B2F90620A9
:10498000B1F90610B6454FF0000CB8BFB6468A42E2
:10499000A8BF0A4665469645D8BF844260F30F0516
:1049A00064F30F0C6EF31F4C62F31F45D4BF01205C
:1049B0000020C3F800C05D6070BD00BF2DE9F04F5E
:1049C000B1F900C0B2F9046085B066451CDB03464E
:1049D000B2F90070B1F90400874215DCB1F9024068
:1049E000B2F906E074450FDCB1F90650B2F902B035
:1049F0005D4509DB67450CDC5C450ADBB04208DC41
:104A0000AE4506DB002001E04FF0FF3005B0BDE809
:104A1000F08F1FFA84F8ABEB080687B236B2019725
:104A2000002E1FFA8CF70297AFB240F39980002551
:104A30000126AE464FF0020A60F30F0E4FF0080950
:104A400030466CF30F0564F31F456BF31F4E1D607A
:104A5000C3F804E0B1F90240B2F906E0B1F906503A
:104A6000B1F900C0CDF80CA01FFA84FBA7EB080732
:104A7000BB441FFA8BFBABEB0E073FB2002F01DDEF
:104A8000AE4551DBB2F90280AE45A8BFAE46444503
:104A9000B8BF4446B2F900501FFA8CF7A5EB0708DF
:104AA0000FFA88F8B8F1000FA3461DDDAEEB04083D
:104AB0000FFA88F8B8F1000F16DD0027B8466CF33E
:104AC0000F0765F30F0803EBC00A64F31F476EF38B
:104AD0001F4843F83070CAF8048006F101090F88B6
:104AE0005FFA89F64FFA89F0B2F90410019A029C34
:104AF0008DB2521B121B17443AB2002ABFB285DD99
:104B000000223D44174661F30F0265F30F0703EBE4
:104B1000C00C01366BF31F426EF31F4743F8302081
:104B200070B2CCF8047071E700242546B1F8048017
:104B30006CF30F0468F30F056EF31F446BF31F450E
:104B400003EB090743F809407D6056465046B1F92A
:104B50000240B1F90650B2F906E0B1F900C091E7A0
:104B60004FF000094FF0010AC3464E464846CDF8C3
:104B70000CA07BE710B5B2F900E0B1F900400023CA
:104B8000A645A8BFA6469C46B1F904406EF30F03A4
:104B9000B2F904E0A645B8BFA646B1F902406EF3EB
:104BA0000F0CB2F902E0B1F90610B2F90620A645E1
:104BB000A8BFA6468A42B8BF0A466EF31F4362F3F7
:104BC0001F4C0360C0F804C010BD00BF2DE9F04FBA
:104BD000B0F90060B1F9005089B0B5425FDBB0F9BF
:104BE000048045455BDCB1F90270B0F902904F4595
:104BF00055DBB0F906C0674551DC002A7DDD1FFAA0
:104C000088F318461FFA86FB0130A0EB0B000293D5
:104C10001FFA8CF31FFA89FAC0F3C03403F1010EB6
:104C2000AEEB0A0E04FA80F04410CEF3C03000FA66
:104C30008EFE4FEA6E008442A8BF04469442A8BF8D
:104C40001446A4B204EB0B0002B280B2019004EB54
:104C50000A0000B29542ADF81860ADF81C20039030
:104C600021DC87421FDC0198A7EB0A0A204400B22E
:104C7000801B00EBD070C0F34F02AAEB020A1AFBB4
:104C80000AFAA5EB0B039B1A40101BB200FB00F0C5
:104C900003FB03A3984234BF0020012000E0002062
:104CA00009B0BDE8F08F1A1BADF81A2006A8002243
:104CB00005930491ADF81EC0FFF788FFDDE90413EA
:104CC000E8B1019AF91A224412B2A5EB0B03921B28
:104CD00001EB440102EBD2725010C2F34F02891A69
:104CE00011FB01F19B1A1BB200FB00F003FB031345
:104CF000984234BF00200120D2E70120D0E704937E
:104D0000029B02461E1BB6B206A80191ADF81C809C
:104D1000ADF81860FFF75AFF0199F0B1029A311B04
:104D2000049B09B2AD1AA8EB0101620001EBD1713D
:104D300092B2FB1A13444810C1F34F015B1A13FBE4
:104D400003F32A44521A12B200FB00F002FB0232B3
:104D5000904234BF00200120A2E7039B024606A830
:104D6000ADF81A90ADF81E30FFF730FF0028C4D020
:104D7000029B321BEB1A12B2A7EB0A01A8EB02024C
:104D800003EB4403A6E700BFB0F90020B1F90430FB
:104D90009A4214DCB0F90420B1F900309A420EDBDB
:104DA000B0F90220B1F906309A4208DCB0F90600E9
:104DB000B1F902309842B4BF0020012070470020B2
:104DC000704700BF2DE9F041B1F90030B0F9006043
:104DD00082B0B3421DDC0C46B0F90230B1F90210CA
:104DE000994216DCB0F90470B4F90410B94210DB32
:104DF000B0F90680B4F9061041450ADB154662B1E8
:104E0000204601A9ADF80630ADF80460FFF7DEFEDC
:104E100028B9002002B0BDE8F0810120FAE72A4657
:104E2000204601A9ADF80470FFF7D0FE0028F0D0AD
:104E30002A46204601A9ADF80460ADF80680FFF7C8
:104E4000C5FE0028E5D02A46204601A9ADF8047029
:104E5000FFF7BCFEDEE700BF2DE9F041B1F90030FD
:104E6000B0F9045082B0AB4221DCB0F90670B1F960
:104E700002300C46BB421ADCB0F90080B1F90430B4
:104E8000434514DBB0F90230B1F9061099420EDB4C
:104E9000164642B1204601A9ADF80630ADF80480AF
:104EA000FFF794FE38B1002002B0BDE8F081012088
:104EB00002B0BDE8F0813246204601A9ADF80450A9
:104EC000FFF784FE0028EED13246204601A9ADF856
:104ED0000480ADF80670FFF779FE0028E3D1324672
:104EE000204601A9ADF80450FFF770FE80F00100E4
:104EF000C0B2DDE7B0F90020B1F900309A4201D02C
:104F000000207047B0F90420B1F904309A42F7D17B
:104F1000B0F90220B1F902309A42F1D1B0F906009D
:104F2000B1F90630C01AB0FA80F04009704700BFEE
:104F30002DE9F04F023ABDF92470B0F802E0B1F863
:104F400004C0B1F80090CE88B1F802800488132A1A
:104F500000F25881DFE812F04101390131012A01E4
:104F600023010E010501D900D300BB00B000A90048
:104F7000900084007D006400580052003A00140044
:104F8000C2888088921B01304244001BA2EB0E02B3
:104F900080B292B2BE4472444FF0000E1C4403191A
:104FA00074469BB2ACEB090C92B2A6EB08009C4491
:104FB000104463F30F0E6CF30F0462F31F4E60F3A3
:104FC0001F44C1F800E04C60BDE8F08FC5888088C0
:104FD0000135A5EB0E050130721CA2EB0802C2F3ED
:104FE000C03A0AFA82F2C5F3C03A52100AFA85F5BD
:104FF000001BC2EB650280B292B2CBE78088002230
:105000000130001B80B2C5E7C28809F1FF30921B56
:105010004244A2EB0E02A0EB0C0092B280B2B9E7C0
:10502000C088721CA2EB08020130A0EB0E00C2F394
:10503000C03505FA82F2C0F3C03505FA80F052108F
:10504000C2EB600209F1FF30A0EB0C0092B280B21B
:10505000A0E709F1FF30A0EB0C00002280B299E735
:105060008288C588A2EB0C0048446A1C001BA2EB96
:105070000E0280B292B28DE78588C28801352D1B61
:1050800001320CF10100A0EB0900C0F3C03A0AFAAA
:1050900080F0C5F3C03A40100AFA85F5A2EB0E0283
:1050A000C0EB650092B280B274E7C2880020013282
:1050B000A2EB0E0292B26DE7808808F1FF32A0EBFE
:1050C0000C004844001B921B80B292B262E78588B4
:1050D0000CF10102A2EB090201352D1BC2F3C03015
:1050E00000FA82F0C5F3C03202FA85F5401008F1EB
:1050F000FF32C0EB6500921B80B292B24AE708F122
:10510000FF32921B002092B244E70CF10102B0F88A
:1051100004B0A2EB0902B0F806A0751CC2F3C030BF
:10512000A5EB080500FA82F20BF1010BABEB040BC7
:1051300050100AF1010AC5F3C032AAEB0E0A02FAB6
:1051400085F2CBF3C03505FA8BFBCAF3C03552109C
:1051500005FA8AFAC0EB6B00C2EB6A0280B292B227
:1051600018E7C58880880135A0EB0C00A5EB0E057B
:10517000484431E7C088721CA2EB08020130A0EB62
:105180000E00C2F3C03505FA82F2C0F3C03505FA4D
:1051900080F05210C2EB600292B20020FAE68588DD
:1051A000C288A5EB0C00921B4844EDE68588C288B6
:1051B0000135921B2D1B424463E7C2880020921BDD
:1051C0004244A2EB0E0292B2E4E680880022A0EBF9
:1051D0000C004844001B80B2DCE685880CF101021B
:1051E000A2EB090201352D1BC2F3C03000FA82F098
:1051F000C5F3C03202FA85F54010C0EB650000220D
:1052000080B2C7E600221046C4E600BF2DE9F04F89
:10521000044616461D4683B0D9B9B2F5807F15D035
:105220001A88038869889B1A42881BB2521A12B2E4
:10523000038006FB03F302FB06F6428029886A8896
:1052400001EB232302EB26260380468003B0BDE852
:10525000F08F1B8800886A88C01ADFF810A1638865
:1052600000B29B1ADAF800201BB28A420F46208057
:1052700063804FD0B7F5616F72DC002FACBFB846CA
:1052800007F561686FF00903DFF8E4904FEAE87012
:1052900089FB0812C0EBA20B0BF101020FFA8BF095
:1052A00003FB0B88009201F003F80346009A019378
:1052B00010B200F0FDFF00900BF15A0000B200F0B8
:1052C000F7FF01460BF15B0000B28B4600F0F0FFE8
:1052D000009A08FB00F108FB02F2019BC8F10A08E2
:1052E00008FB032208FB0B11CAF8007089FB02C7F8
:1052F00089FB01C9D217C9171B4BC2EBA702C1EB2F
:10530000A90152114911C3E90021B4F90000B4F90F
:10531000023002E0144AD2E9002101FB00F703FB4E
:1053200001F1B6F5807F02FB137702FB00116B8859
:105330002A880CD006FB07F706FB01F102EBA74217
:1053400003EBA1432280638003B0BDE8F08F02EB42
:10535000A72203EBA1232280638003B0BDE8F08F76
:10536000A7F561688EE700BF18160020440E0020E4
:105370006766666610B5C468D4E900309847204671
:10538000BDE8104001F012B970B5064608200D4680
:1053900001F0F4F880B1044602460021074802F00B
:1053A00053FA30B10121C4E9006502F099FA0120F5
:1053B00070BD204601F0FAF8002070BD7553011051
:1053C0002DE9F043074683B00020884602F09CFA9E
:1053D000044620B34FF00009134E204602F094FA21
:1053E000A3682546B342044605D0002CF5D14846B3
:1053F00003B0BDE8F083EB681A68BA42F5D15A6889
:105400004245F2D12846019302F040FA019B4FF049
:105410000109184601F0CAF8002CDED1E7E7814601
:10542000484603B0BDE8F0837553011070B584079A
:1054300018BF02F1FF328EB218BF20F8021B102AEB
:1054400006EB06441DD903464FF0000CA2F11105EE
:105450002D0905F1010E0CF1010CF445C3E90044DE
:10546000C3E90244C3E90444C3E9064403F1200349
:10547000F1D32030103A00EB4510C5EB057502EB77
:105480000512DAB1531E022B29D900231C469508B8
:1054900066F30F0366F30F0466F31F4366F31F44BE
:1054A000012D036044600AD0022D8360C46006D0E1
:1054B000042D0361446102D18361C46170BD22F097
:1054C000030402F00303920700EB4400F6D0012B23
:1054D0000180F3D0022B418018BF818070BD13463C
:1054E000F5E700BF084B020412FA80F0043123EA0A
:1054F0000002C90802FB01F1184000EB51101840EE
:1055000040EA1040704700BF1FF8E007074B020455
:1055100012FA80F004311840C90800FB01F1494239
:1055200000EB5110184040EA104070471FF8E007A8
:105530007F2980B228D0154A00EB00407E2900EA7E
:10554000020C0FD8C1F17F004000C0B20430C00887
:105550000CFB00F040420CEB5010104040EA1040B1
:1055600080B27047A1F17F035B00DBB2043322EA13
:105570000000DB0800FB03F30CEB531C0CEA020CED
:105580004CEA1C4C1FFA8CF0704700BF1FF8E00774
:10559000384BC1EB012189B2C2EB0222A3FB01C14E
:1055A00092B2A3FB0232C1F34711C2F347120029A2
:1055B00046D0314BC0EB0020C008A3FB00302F4B7E
:1055C00000B5C0F38F0EA3FB0E3E4FF6D5738008D7
:1055D000CEF3C70E1EFB030303EB43035B00DBB2FA
:1055E000C3F1FF00C1F1FF0C11FB03F310FB01F14C
:1055F0001B120912C3F1FF03C1F1FF011CFB02FCE6
:1056000013FB02F311FB02F1CCF3072CC3F30723C6
:10561000C1F30721BEF1040F26D8DFE80EF0030521
:10562000181B200013460A46CCF3C400C2F38502BF
:10563000C3F3C40340EA421040EAC3205DF804FB10
:10564000D308920843EA421040EAC32070476346F9
:105650008C46E9E71946634694460A46E4E7104655
:105660000B4662468446DFE71946134662468C467F
:10567000DAE700BF1F85EB51176CC11683BEA02F60
:105680002DE9F041344C80028902A4FB0030A4FBD8
:1056900001319302C709A4FB0343CC09A742B846D2
:1056A00038BFA046DD09AC42224628BF2A46A8459D
:1056B000C64638BFAE46BA4294BFAEEB0206AEEB6A
:1056C00007060EEB8E0202EB8202022E82B0C2F3BC
:1056D00007222DDD4FF0640C0CFB06FCBCFBFEFC2E
:1056E0005FFA8CFCBCF1020F13D977452AD07445C0
:1056F00021D0A8450DD83F1BBF0297FBF6F707F551
:105700008053C3EB03131B1248BF03F5B4739BB262
:1057100000E0002300208DF806C08DF80720BDF8BA
:10572000062063F30F0062F31F4002B0BDE8F08172
:1057300000239C46EEE7EB1B9B0293FBF6F303F57D
:105740000063DEE7631B9B02AC4293FBF6F3D8D207
:1057500003F5C053D5E700BF818080802DE9F0417B
:10576000072540F20716032740F2031C0023C0F36D
:10577000C42111FB0651C0F3451212FB0C7200F05C
:105780001F0010FB0650491161F31743921162F399
:105790000F23401160F3070343F07F43384CC3F3FA
:1057A00007429202A4FB0212C3F30721890222FAE4
:1057B00005F0A4FB0151CE09B042804638BFB04687
:1057C000DBB29B02A4FB0343B0424FEAD31E044664
:1057D00028BF3446C6457546734638BF45467445AE
:1057E00094BF2F1BEF1A05EB850404EB8404022FF2
:1057F00082B0C4F307242DDD4FF0640C0CFB07FCD2
:10580000BCFBF5FC5FFA8CFCBCF1020F13D9A8427B
:105810002CD0AE4222D0C6450DD3821B920292FB01
:10582000F7F202F58052C2EB0212121248BF02F5E3
:10583000B47293B200E0002300208DF806C08DF80A
:105840000740BDF8062063F30F0062F31F4002B06B
:10585000BDE8F0814FF0000C6346EDE7AEEB0002CF
:10586000920292FBF7F202F50062DCE7A6EB0E0271
:105870009202764592FBF7F2D5D202F5C052D2E7FA
:1058800081808080122896BF024B002033F81000E0
:10589000704700BF3C34041012280BD80139C9B23C
:1058A000042907D8054B00EB8000084403EB4003B4
:1058B000188D70474FF00000704700BF3C34041053
:1058C00012280BD80139C9B2032907D8054B01EBBF
:1058D000800003EB4003B3F8E80070474FF000008E
:1058E000704700BF3C3404100421014800F036BB6F
:1058F0004416002010B504460B4800F03DFC78B17A
:10590000014604E0084800F03FFC014640B1086849
:105910000378A342F6D1436823B1BDE8104018478D
:10592000002010BD012010BD44160020002933D0F6
:105930002DE9F041074624480E460D78904600F0C8
:105940001BFC014630B93DE01F4800F01DFC01463C
:10595000002837D00C682378AB42F5D1636813B1C7
:105960002046984798B1A368A3B1727820463A2A96
:1059700014BF711CB11C42469847431E03331ED806
:105980006388C7E900044BB90020BDE8F08101201D
:10599000BDE8F0810920F8E70B207047102000F0E7
:1059A000EDFDB86050B1102101F092FA4FF0FF31D7
:1059B0006FF00102BB68C3E90012E5E7FEE70C20C7
:1059C000BDE8F0810320E0E74416002038B5044626
:1059D0004068B8B1C368C3B1216898476368054699
:1059E0005B884BB1A06838B1C3681BB1184600F0A2
:1059F000DDFDA06800F0DAFD0023C4E90033A360F8
:105A0000284638BD0B25284638BD0925F8E700BFD4
:105A10002DE9F04F05460F4616461C4687B00BB1E0
:105A2000002323606868002864D0D0F81080B8F1A3
:105A3000000F00F081804FF0000B4388CDF810B0CC
:105A40006BB9296804AD33463A460095C047824693
:105A50000CB1049B2360504607B0BDE8F08FAA68E4
:105A6000D2F808901168D2F80CA0894538D3D2F842
:105A700004C0E14534D2A9EB010189B2ACEB0908BD
:105A80005A1A904528BF90464645514457D9384642
:105A90004246029300F078FFD5E90010029BCDF852
:105AA00014B09E4207EB080BD0F81090A6EB080745
:105AB0005ED93B4605AF5A460097C8478246059BCC
:105AC0004344B34228BF33460493BAF1000FBFD119
:105AD000049EAA684FF0000A936833449360B7E7C6
:105AE0009E420DD904A9009133463A462968C04721
:105AF0008246EAE74FF00B0A504607B0BDE8F08F48
:105B0000BAF1000F21D00022059205AA009229685F
:105B10005246C04703463846AF685146C7F8009022
:105B20009A46059B32469E4228BF1A464B447B60EC
:105B3000049200F029FFC8E74FF0090A8BE73846C6
:105B4000324600F021FF0496C3E718460392029301
:105B500000F014FD039A029BD060AA68D2F80CA052
:105B6000BAF1000F03D06868D0F81080CBE7FEE7E9
:105B700005AA00925246C8470346AA6851469A466B
:105B8000536858461360DDF814C0674528BF674660
:105B900063445360BAB200F0F7FE90E770B58446F4
:105BA0001C4684B00BB100232360DCF8040078B1FC
:105BB000456985B10026039603AE13460A46DCF814
:105BC00000100096A8470CB1039B236004B070BD81
:105BD0000B2004B070BD0920F8E700BF30B50446C3
:105BE000406883B000282BD08569002D34D013463F
:105BF0000A46418879B1012B05D0022B11D013B38D
:105C0000002003B030BDA36899680A4419689A60FF
:105C10008A4223D20023AC46216803B0BDE830405D
:105C200060472168A8470028EBD1D4E9001001AAF9
:105C3000C36998470028E4D1A368019A9A60E0E715
:105C40000B2003B030BDA36819689A609142E1D877
:105C50005B689342D4D2DDE70920D2E75B689A42C1
:105C6000CED9D7E730B4446884B1E56995B162888C
:105C700003462AB1836800209B680B6030BC7047E4
:105C80000A46204619682B4630BC18470B200C608A
:105C900030BC704709200D60F0E700BF61B3F8B574
:105CA000074618480E460D7800F066FA014628B9F6
:105CB00026E0144800F068FA014608B30C6823781F
:105CC000AB42F6D1636813B12046984780B1236A8E
:105CD00083B1727820463A2A14BF711CB11C9847D0
:105CE000421E0332034609D80020C7E90034F8BD3C
:105CF0000120F8BD0920F8BD0B2070470C20F8BD2D
:105D00000320F8BD44160020034640680A4620B12F
:105D1000196811B1436A23B1184700230B2013708F
:105D2000704709201370704710B50446406840B1B1
:105D3000216831B1836A33B198470023C4E9003345
:105D400010BD0B2010BD092010BD00BF302101F097
:105D5000BFB800BF10B50446034800F007F908B10A
:105D6000046010BDFEE700BF4416002010B50446D5
:105D7000084800F001FA58B1014604E0054800F077
:105D800003FA014620B108680378A342F6D110BD9A
:105D9000002010BD4416002038B505460D4800F01F
:105DA000EBF988B1014600240A68631C127809489F
:105DB0002A55DCB200F0E8F901460028F4D10023AE
:105DC0002C442370284638BD2C46002323702846D7
:105DD00038BD00BF4416002010B5044628F0FCFE74
:105DE00078B1421C224405E02F2B0AD05C2B08D04E
:105DF000013806D012F8013D2E2BF5D1431CE018D6
:105E000010BD014810BD00BF84F6031010B5044654
:105E100028F0E2FE78B14FF0000C431E221800E09B
:105E2000013B12F8011D2F2901D05C2905D182F810
:105E300000C0002BF4D1204610BD002BFBD0E2188F
:105E400003E05C2906D0013BF5D0104612F8011999
:105E50002F29F6D100230370204610BD10B504464B
:105E600028F0BAFEC0B1431E221812F8011D2F29D6
:105E700001D05C2902D17BB1013BF6E763B1591C2B
:105E8000214403E05C2A05D0013B05D011F8012D27
:105E90002F2AF7D101331C44204610BD10B50C2128
:105EA0002D4801F015F82C4B0C211C46581801F018
:105EB0000FF804F118000C2101F00AF804F1240095
:105EC0000C2101F005F804F130000C2101F000F87C
:105ED00004F13C000C2100F0FBFF04F148000C2110
:105EE00000F0F6FF04F154000C2100F0F1FF04F182
:105EF0006000042100F0ECFF04F164002C2100F0AC
:105F0000E7FF04F19000042100F0E2FF04F19400A7
:105F1000802100F0DDFF04F58A70702100F0D8FFC9
:105F200004F5C270802100F0D3FF04F50170042154
:105F300000F0CEFF04F50270042100F0C9FF04F563
:105F40000370042100F0C4FF04F504700421BDE8CF
:105F5000104000F0BDBF00BF201600200023033119
:105F600021F00301C0E901330160704710B5044618
:105F70000068083000F002FB50B100222368C250D4
:105F80006268C1184A6002B1D050A368606003B172
:105F900010BDA06010BD00BF40B338B50D46A9B11B
:105FA0000446D0E90003994200F108000BD000F04C
:105FB000E5FA58B12368EA58191D02B15050C25091
:105FC000E850455038BD00F0D9FA08B9002038BD76
:105FD00000222368C2506268C1184A6002B1D050E2
:105FE000A3686060002BEDD1A06038BD0020704731
:105FF00010B504460068083000F0C0FA50B1002324
:106000002268111D4350A368835003B15850636840
:10601000A06003B110BD606010BD00BF88B1D0E9C1
:10602000003291420ED010B48468CA58A14210D0F8
:10603000181D095802B1115001B1CA505DF8044B46
:106040007047704719444A68426052B10021D150EC
:10605000704782603AB100211A445DF8044B5160E8
:106060007047826070474260E8E700BF002837D081
:10607000F8B50546406838B301462B68884203F1FD
:1060800004024FF00006845811D0AF68C158B842DE
:1060900013D001B18C50ECB1E15000F087FA2046EA
:1060A00069682B68884203F104028458EDD16C6062
:1060B0005CB1E65000F07AFAF1E7A96071B18E5058
:1060C00000F074FA002CEAD1F8BDAC60BDE8F840ED
:1060D00000F06CBABDE8F84000F068BA6960EFE71C
:1060E000704700BF70B480B1D0E90045AA422FD0FC
:1060F00086681559B24232D004F1040C52F80C00F3
:106100000DB145F80C0000B105517BB12AB1002456
:106110000B68D450D0184B6843604B680BB10868CB
:106120001A508B684A6003B370BC7047886822B10C
:106130000C68105114446360886810B10B681844EF
:1061400042604B688A60002BEED170BC4A60704799
:1061500015196D6845605DB100202851D5E785604F
:1061600045B1002025446860CFE78A6070BC704765
:106170008560CAE74560C8E700B14068704700BF66
:1061800000B18068704700BF0368194448687047D1
:106190000368C858704700BF024648B1436843B11E
:1061A0000020126804329B580130002BFBD170474D
:1061B00070471846704700BF914245D070B41AB37B
:1061C0000368D458A1421DD04568A94225D08568EE
:1061D000A94229D0CE5803F1040C51F80C500EB14D
:1061E00046F80C5005B1EE50002C2ED003F1040CF3
:1061F00044F80C10002931D0CC50002A32D0D150B4
:1062000041F80C2070BC704700283BD08468A14244
:10621000F8D0D0E90035A942DCD1CD186D684560D1
:106220003DB30026EE50DFE7CD5885601DB3002654
:106230001D446E6014B303F1040C44F80C100029E3
:10624000DAD10021D150DDE77047F9B1CC501C1DE7
:1062500062B1D1500A51416070BC7047002AF0D140
:106260008260CFE741F80C208160CBE70A51816062
:10627000F1E78560B8E74560002CDCD141B1CC5036
:106280001C1DE6E70029BDD00368FFDE002AEED022
:106290000024D450DFE700BF40B143680BB10020B9
:1062A00070478068B0FA80F040097047012070475D
:1062B0004FF4B471194B83FB0023C2170344C2EBA4
:1062C000232301FB130000B20028BCBF401800B21A
:1062D000592803DC124B33F91000704780B2A0F14B
:1062E0005A03592B06D80E4BC0F1B40080B233F9D3
:1062F00010007047A0F1B4039BB2592B05D8084A8F
:1063000032F81300404200B27047054BC0F5B4703C
:1063100080B233F81000404200B27047B7600BB64D
:10632000BC35041000FB00FC4FEA9C2C10B500FBB0
:1063300002F2C0F5806E0CFB00F003FB0EF3029C32
:10634000800A0CFB03F304FB00FC0EFB0EF0800A3A
:1063500000FB0EFE00FB02F24FEA9E2E01FB0EFE3A
:1063600002EB42024FEA9C2C03EB43030CEB125C62
:106370000CEB135C0CEB9E2010BD00BF4FF0000C2B
:1063800000B500020CEB020303FB03FE704528BFBF
:106390009C465208F6D14FEA0C13DBB24FEA1C1CA4
:1063A000A1F800C04B805DF804FB00BF002853DB60
:1063B000022200230029B4BF49421A4688421ED94E
:1063C00001EB4101C1EB0111B1FBF0F0C1B202F1EF
:1063D00010031629DAB203F001032DD92C2906D8AF
:1063E000292943D8252947D820292DD80430C0F1A0
:1063F0005A0092072AD59BB3B43080B2704700EBA5
:106400004000C0EB0010B0FBF1F0C1B2162909D971
:106410002C29EED8292927D825292BD8202909D895
:106420000430E6E70129E4D905291DD9092921D934
:106430000E29F5D80330DCE70129D8D9052915D96B
:10644000092919D90E29D1D80330D0E7002BD4D08F
:10645000C0F5B47080B27047032201234042A9E71F
:10646000C0F1B40080B270470130C2E70130C0F122
:106470005A00BEE70230BCE70230B8E7F2B103468B
:106480008C460120002110B5D4070FD500FB0CFE6F
:1064900003FB0CF403FB01EEA0FB0301A3FB033C95
:1064A000521071440CEB440CEED110BD03FB0CFEFA
:1064B000A3FB033C52100CEB4E0CE5E70120114608
:1064C000704700BF8A4205DA824212DA814205DC57
:1064D0001846704782420CDD8142F9DAA0EB010CCC
:1064E0000098521AC01A00FB0CFC9CFBF2F2D01868
:1064F00070470098704700BF084A091A13680131B5
:1065000083EA433383EA534383EA43131360B3FBC1
:10651000F1F201FB12331844704700BF480E00200F
:106520001AB11A6901321A617047D3E901020A44AB
:106530000130C3E90102DA68914288BFD96070472F
:1065400008B54FF44041034801F0A0FC024B18602D
:1065500008BD00BF401800203418002010B5054CBD
:10656000206801F0F5FC4FF44041034801F08EFC37
:10657000206010BD341800204018002008B90948D8
:10658000704738B5084D04460146286801F0E6FC1E
:1065900038B1D5E901231444A34238BF2346C5E9E5
:1065A000014338BD4C0E002034180020084B98429F
:1065B0000DD0014658B110B5064C206801F03AFEE6
:1065C000636898422CBF00231B1A636010BD70479C
:1065D0004C0E00203418002038B503460C4651B14B
:1065E000144A154D9342286815D00A461946BDE84D
:1065F000384001F0A1BE0F4A90420AD048B10E4D7A
:106600000146286801F016FE6B68984210D21B1AEA
:106610006B60084838BD01F0A1FC0028FAD0D5E92C
:10662000013223449A4238BF1A46C5E9013238BDC7
:106630006C60EEE74C0E0020341800200B4A0C4B27
:1066400012689A4201D00020704710B5094C2068AA
:1066500001F07AFA08B1002010BD206801F07AFC40
:1066600001F006FBB0FA80F0400910BD4C0E00208E
:10667000D4C3B2A13418002070B510F0030604464C
:1066800035D0C6F104052A46002128F043F806F16A
:10669000180263190021174D196059609960D9607B
:1066A0001961596103F11800183A28F033F8286885
:1066B00001F050FC2246104901F0B2FA64204FF478
:1066C0004043A268236000FB02F30C49A1FB0313C3
:1066D000DB0BC31A237632B1E36800FB03F3B3FB91
:1066E000F2F3C31ADAB2AB686276636170BD034637
:1066F0001C22CFE73418002021650110ABAAAAAAFA
:10670000F8B50546002864D000234FF0FF32554C01
:10671000201D04EBC30C9CF80610CE070CD430F8F7
:1067200033E0AE4508D304EBC20669D0002A02DB91
:10673000B188714500D95AB20133102BE9D1002A32
:106740003FDAA37913F0010344D0A37BD90761D5C5
:10675000A37DDA076ED5A37FDB076DD594F82630CD
:10676000DF076BD594F82E30DE0769D594F8363004
:10677000D80767D594F83E30D90765D594F84630E8
:10678000DA0763D594F84E30DB0761D594F85630BC
:10679000DF075FD594F85E30DE0739D594F86630B0
:1067A000D8075DD594F86E30D90757D594F8763070
:1067B000DA0751D594F87E30DB0758BF0F260AD58B
:1067C000FEE704EBC2018B7954F8320043F0010379
:1067D0008B71F8BD1E4654F83610234B234F994257
:1067E000386819D02A4601F0A7FD80B104EBC60332
:1067F0009A799D8042F0010244F836009A71F8BD02
:1068000041F0010154F833008CF80610F8BDFEE7A2
:106810000B26E0E70126DEE7294601F09FFB002872
:10682000F5D07B68BA682B449A4238BF1A467B6021
:10683000BA60DBE70226CEE70326CCE70426CAE7E8
:106840000526C8E70626C6E70726C4E70826C2E7E6
:106850000926C0E70A26BEE70E26BCE70D26BAE7E2
:106860000C26B8E7B41600204C0E00203418002087
:106870002B4B1A6890422FD09A68904234D01A69F4
:10688000904235D09A69904234D01A6A904233D0FF
:106890009A6A904232D01A6B904231D09A6B9042F1
:1068A00030D01A6C90422FD09A6C90422ED01A6D34
:1068B00090422DD09A6D90422CD01A6E904215D0F5
:1068C0009A6E904228D01A6F904227D09A6F8242D7
:1068D00008BF0F2201D07047002203EBC2039A7950
:1068E00022F001029A7170470122F6E70C22F4E7C8
:1068F0000222F2E70322F0E70422EEE70522ECE7AA
:106900000622EAE70722E8E70822E6E70922E4E7A9
:106910000A22E2E70B22E0E70D22DEE70E22DCE7A7
:10692000B41600202DE9F8430024DFF85480134FFB
:10693000DFF8509008F1040658F83410E500C1B1B2
:10694000B9420CD0D9F8000001F074FCD9F8043039
:106950009842A3EB000328BF0023C9F804300023AA
:1069600008EB050248F80530917963F30001917155
:1069700073530134102CDFD1BDE8F8834C0E002096
:10698000B4160020341800202DE9F04F00F0030366
:10699000054601F00300834285B000F08680202A7E
:1069A00040F23A8105F11F035B1A3E2B40F236811B
:1069B00028460B464FF0000CA2F12106CDE901510B
:1069C0004FEA561B0BF1010BD3F800A0D3F804904B
:1069D000D3F80880D3F80CE01F695D699C69D96918
:1069E0000CF1010CDC45C0F800A0C0F80490C0F820
:1069F0000880C0F80CE0076145618461C16103F162
:106A0000200300F12000DFD3DDE90151203126F021
:106A10001F002B18121A01442033203A42B3501E93
:106A2000052840F2BC81481C181A022840F2B781A0
:106A30000C68900801281C6000F0BF814C68022897
:106A40005C6019D08C6803289C6015D0CC68042841
:106A5000DC6011D00C6905281C610DD04C6906283A
:106A60005C6109D08C6908289C6105D1CA69DA612A
:106A7000284605B0BDE8F08F22F00300141A9207F3
:106A800001EB000703EB0006F2D00A5C012C1A545C
:106A9000EED0731C791C0A78022C1A70E8D02846B4
:106AA000BB78B37005B0BDE8F08F002B40F0968046
:106AB000AE46202A3ED90EF11F035B1A3E2B40F250
:106AC0003D81A2F12106084673464FF0000C88462E
:106AD0009246B346CDE902E54FEA561909F101099C
:106AE0000269D0F804E001920268C469D0E9026149
:106AF000D0E905750CF1010CC3E9002E019AE145BE
:106B0000C3E90261C3E90427C3E9065400F1200088
:106B100003F12003E4D8DDE902E5414652465E4632
:106B200020310EF1200726F01F06921B314407EB9F
:106B3000060E203A042A35D90B68CEF80030131F10
:106B4000042B25D94B68CEF80430A2F10803042B9E
:106B50001ED98B68CEF80830A2F10C03042B17D98C
:106B6000CB68CEF80C30A2F11003042B10D90B69BE
:106B7000CEF81030A2F11403042B09D94B69CEF8DA
:106B80001430A2F11803042B84BF8B69CEF818309F
:106B9000531F23F0030304310EF1040ED21A1944DB
:106BA0009E44043A002A3FF463AF0B78012A8EF822
:106BB00000303FF45DAF4B78022A8EF801303FF48D
:106BC00057AF8B78032A8EF802303FF451AF284636
:106BD000CB788EF8033005B0BDE8F08F002A3FF483
:106BE00047AF0878032B287002F1FF3000F0ED80EA
:106BF00000283FF43DAF4878012B6870A2F10200F5
:106C000040F0D68000283FF433AF8B7805F1030EB7
:106C1000AB700331033A4CE72B46FFE620310846C0
:106C2000A2F1210626F01F072F4405F1200340376B
:106C300010F8204C203303F8404C10F81F4C203043
:106C400003F83F4C10F83E4C03F83E4C10F83D4C16
:106C500003F83D4C10F83C4C03F83C4C10F83B4C0E
:106C600003F83B4C10F83A4C03F83A4C10F8394C06
:106C700003F8394C10F8384C03F8384C10F8374CFE
:106C800003F8374C10F8364C03F8364C10F8354CF6
:106C900003F8354C10F8344C03F8344C10F8334CEE
:106CA00003F8334C10F8324C03F8324C10F8314CE6
:106CB00003F8314C10F8304C03F8304C10F82F4CDE
:106CC00003F82F4C10F82E4C03F82E4C10F82D4CD6
:106CD00003F82D4C10F82C4C03F82C4C10F82B4CCE
:106CE00003F82B4C10F82A4C03F82A4C10F8294CC6
:106CF00003F8294C10F8284C03F8284C10F8274CBE
:106D000003F8274C10F8264C03F8264C10F8254CB5
:106D100003F8254C10F8244C03F8244C10F8234CAD
:106D200003F8234C10F8224C03F8224C10F8214CA5
:106D300003F8214C9F427FF47BAF68E60EF12007F9
:106D400020313B460846A2F121060EF1400E26F006
:106D50001F0CF44450F8204C203343F8404C50F8BA
:106D60001C4C203043F83C4C50F8384C43F8384C1D
:106D700050F8344C43F8344C50F8304C43F8304C15
:106D800050F82C4C43F82C4C50F8284C43F8284C25
:106D900050F8244C43F8244C6345DBD1C3E6013959
:106DA0001A4411F8010F03F8010B9342F9D15FE681
:106DB000024605F1020E02317BE60A790F1D1E1D07
:106DC0001A7103240533053165E6024605F1010E0B
:106DD00001316EE610F0030330B5154612D0002ADB
:106DE0005DD0032B017002F1FF3269D0002A56D02A
:106DF000012B4170A5F1020265D1002A4FD08170AC
:106E0000033D033001EB012404EB0144202D04EB8E
:106E100001641BD903464FF0000CA5F1210E4FEA87
:106E20005E1201320CF1010C9445C3E90044C3E940
:106E30000244C3E90444C3E9064403F12003F1D347
:106E40002EF01F032030ED1A1844203D042D25D9C3
:106E50002A1F042A046025D9A5F10802042A4460E7
:106E600025D9A5F10C02042A846025D9A5F11002C8
:106E7000042AC46014D9A5F11402042A04611DD99E
:106E8000A5F11802042A446189BF84611830A5F174
:106E90001C021C30BDE8304027F03CBCB5B930BD09
:106EA0001030F7E70430BDE8304027F033BC08303D
:106EB000BDE8304027F02EBC0C30EBE71430E9E79A
:106EC000154601309EE7154602309BE72A46E1E76A
:106ED00010F0030370B505460C4611D0002945D0CB
:106EE0000022032B01F1FF31027040D0F1B3012BDE
:106EF0004270A4F102013DD1C1B3AA70033C033535
:106F0000202C1BD94FF0000C2B466246A4F1210027
:106F1000410901310CF1010C8C45C3E90022C3E9A0
:106F20000222C3E90422C3E9062203F12003F1D3BC
:106F300020F01F032035E41A1D44203C042C0DD9F9
:106F4000661F26F0030228460021043227F0E2FBE8
:106F500026F003060435A41B3544043C34B1224614
:106F60002846BDE87040002127F0D4BB70BD0C4618
:106F70000135C5E70C460235C2E700BF10F0030338
:106F800070B505460C4611D0002946D0FF22032BD0
:106F900001F1FF31027041D0F9B3012B4270A4F12D
:106FA00002013ED1C9B3AA70033C0335202C1CD981
:106FB0002B464FF0000C4FF0FF32A4F121004109A5
:106FC00001310CF1010C8C45C3E90022C3E9022216
:106FD000C3E90422C3E9062203F12003F1D320F020
:106FE0001F032035E41A1D44203C042C0DD9661FD4
:106FF00026F003022846FF21043227F08BFB26F0FF
:1070000003060435A41B3544043C34B1224628460B
:10701000BDE87040FF2127F07DBB70BD0C460135F7
:10702000C4E70C460235C1E70821FFF751BF00BF96
:107030004FF6FF7382889A4213D010B5C379044685
:10704000012B05D82046BDE810400821FFF740BFBE
:107050000068FFF7ABFA2046BDE810400821FFF7B3
:1070600037BF70472DE9F0411B4F04463A68AAB17B
:107070001A4E31884B1C13F4404F1DD1DFF860804D
:10708000A1F16F05D8F80000A84228BF98B216D326
:10709000024402F8714C3080BDE8F0817023202555
:1070A000DFF83C800D4EC8F800203380104629469A
:1070B000FFF792FA024638B90020BDE8F081503956
:1070C00031F01F05F2D1FEE7338838600133C8F88C
:1070D000005098B2DCE700BF30180020500E0020AE
:1070E00040D80020024B1888703880B2704700BF2B
:1070F000500E00204FF6FF722DE9F843838893422B
:1071000016D0C57906469DB1012D0C4613D0D0F896
:107110000090002209EB8508A8F10207394631F8F2
:10712000023FC3F30D039C420ED001329542F6D1CB
:107130000020BDE8F883C3F30D039942F8D1002382
:107140008380C3710120F4E7022D25D0013D05EBBA
:1071500045056800FFF712FA0028E9D04B460022E7
:10716000F5793060013DEDB2F57108EB4508AD00F1
:1071700037F8021FA14207D0196840F822103E8854
:1071800000EB42014E530132474503F10403EFD1B6
:107190004846FFF70BFAD5E70123F37132B9B8F887
:1071A0000220D9F80430B2803360F1E7B9F8082042
:1071B000D9F80030B2803360EAE700BF2DE9F84328
:1071C0004FF6FF758388AB4257D090F807E004462E
:1071D000BEF1010F0E461746C1F30D054FD90068E9
:1071E0000EEB4E0C00EB4C0CACF1020C0EF1FF322E
:1071F00061460B88ACF1020CC3F30D039D4251D0E4
:10720000013AF5D20EF1010E0EEB4E0E4FEA4E0191
:10721000FFF7E2F9814680B394F80780206008F117
:10722000FF3200EB8800B8F1000F0DD0C8F101016A
:10723000C8F103031144134400EB41014FEA480233
:1072400000EB430027F0E8F908F101085FFA88F83D
:1072500008F10043013B09EB43032D0984F8078043
:1072600015F0180F23F8286009EB880848F8047C0B
:107270000ED08023A2791343A371BDE8F88316D002
:107280000123A1802260C3712D0915F0180FF0D1E0
:10729000012305F01F05A279AB40DBB21343A371B4
:1072A000BDE8F8830E8040F82270BDE8F883C3F390
:1072B0000D039D4213D00C20FFF760F90028DCD0AD
:1072C000E379A18801332268DBB2E371206020F802
:1072D000231000EB830302605E804760D4E7A18047
:1072E0002260CAE72DE9F0414FF6FF75838841EA35
:1072F0000206AB4249D0C17904460129C6F30D0507
:1073000045D9006801EB410C00EB4C0CACF1020CD0
:1073100001F1FF3E624613880EF1FF3EC3F30D03F9
:107320009D42ACF1020C44D0BEF1FF3FF2D10131DD
:1073300001EB41014900FFF74FF9804628B3E77997
:1073400020607A1E00EB870067B1C7F10101C7F129
:1073500003031144134400EB41017A0000EB4300A6
:1073600027F05AF90137FFB207F10043E771013BFB
:10737000BF002D0907EB430715F0180F28F8076029
:107380000DD08023A2791343A371BDE8F08113D0FF
:1073900001238680C3712D0915F0180FF1D1012347
:1073A00005F01F05A279AB40DBB21343A371BDE822
:1073B000F0811680BDE8F081C3F30D039D4212D029
:1073C0000C20FFF7DBF80028DFD0E3792268A188E2
:1073D0000133DBB22060E37120F82310026000EB80
:1073E00083004680D7E78680CFE700BFF8B5044624
:1073F00015460F4614211E46FFF76AFD069B2760BF
:107400002361079BE6606360024B002D08BF1D46A9
:10741000A560F8BD11410110362829D8212809D8C6
:10742000062863D020285FD14FF0FF33002063F39C
:107430000F0070470123A0F12202334992B293401A
:107440000B425BD148F2880213420FD1332859D046
:1074500000207047012337382C4A80B283401A40FD
:10746000002A4BD12A4A1A40002AF1D0FF20704747
:107470005528EFD9563883B2172BE9D81728E7D803
:1074800001A353F820F000BF6D740110F9740110CE
:107490005174011051740110517401105174011094
:1074A0005174011051740110517401105174011084
:1074B0006D7401106D74011051740110517401103C
:1074C0005174011051740110517401105174011064
:1074D0005174011051740110517401105174011054
:1074E00051740110F37401100328B1D141F6FF70FB
:1074F00070474FF4807070470648704700206FF364
:107500000F0070470F2070470140100000204148D5
:1075100001C08010F4FE031070B54FF6FF7483882D
:107520000668A3421546C07910D070B1012828D052
:10753000002306EB800434F802CBCCF30D02914219
:107540002BD001339842F6D1002070BD0028FCD02A
:10755000B646002303E083420EF1080EF4D036F85D
:1075600033C00133CCF30D04A142F4D11CF4004F1D
:1075700011D11CF4804F1AD1DEF804302B600120A9
:1075800070BDC3F30D029142DED11A0403D45B0433
:107590000DD42E60F3E7022070BD1CF4004FFAD129
:1075A0001CF4804F03D156F823302B60E7E70846E0
:1075B000FFF732FF2860E2E7C079B0FA80F04009B7
:1075C000704700BF000910F0180F0CBF00F01F003B
:1075D000072070474FF6FF73984212D058B17028B9
:1075E0000AD9094B1B682BB1084A7138126880B25E
:1075F000904204D300207047054B185C7047185C1C
:1076000070471F20704700BF3018002040D800206E
:107610007436041008B518210348FEF79FFC0122B8
:10762000024B1A7008BD00BF2016002044D800206D
:107630002DE9F84F714F7B7823B901223B787A709E
:1076400023B97B7001263046BDE8F88FFCF748FD72
:107650008246002800F0C9804FF000084FF0010971
:10766000674E684887F8088087F80980FEF784FD30
:107670000446346004B321466248FEF785FD356850
:1076800004462B7DDB07F4D46868FCF733FD2B68D8
:1076900098425BD23B7A002BEBD12B69002BE8D1CF
:1076A00029465848FEF7BAFC284687F80890FEF7A6
:1076B0007DFF3460002CDED15248FEF75DFD4FF0B7
:1076C000FF36044630B91BE021464E48FEF75CFD0C
:1076D0000446A8B1237D13F00105F5D16068FCF7DD
:1076E00009FD23689842A3EB00037CD221469E4209
:1076F000444828BF1E46FEF747FD04460028E9D14E
:107700005046FCF7F7FC0246D7E903301344FB6010
:10771000FCF7F0FCB0F5FA7F13D36422FB6802FBA0
:1077200003F3B3FBF0F3DBB2934294BFD31A00230D
:107730004FF0000298BFDBB23B75FA60FCF7D0FC5B
:107740003861002330467B70BDE8F88FD5F810B063
:10775000BBF1000F18DD0BF1FF332B61FCF7C0FC10
:10776000AB686860002B2ED0284698473B7A33B927
:107770002B69002B2DD07B7A002B3FF47AAF336836
:10778000002B7FF46EAF97E7FCF7AAFCAB6868604C
:1077900013B1BBF1000FE7D13B7A002BEFD12B697E
:1077A000002BE8D117482946FEF738FC012328466C
:1077B0003B72FEF7FBFE7B7A002BE0D13B7A002B7D
:1077C0003FF457AFDBE73B7A002BD8D12B69002B76
:1077D000D1D129460B48FEF721FC284687F80890AE
:1077E000FEF7E4FEE7E72E466EE77B680133642B85
:1077F00094BF1A4602467A602EE700BF44D80020A4
:10780000B01600202016002038B50D48FEF7AEFB5C
:10781000A8B100254FF4FA714FF0FF32037D0160EB
:1078200065F300038560026103750446FCF758FCAC
:107830000122044B6060E56020465A7238BDFEE7C5
:107840002016002044D80020F8B505460C480E4606
:107850001746FEF78BFB90B14FF0FF32037D0660B9
:1078600023F001038560037502610446FCF738FCD0
:107870000122044B6060E76020465A72F8BDFEE7C3
:107880002016002044D800208160704710B50446BF
:1078900005482146FEF7C2FB0122044B2046BDE805
:1078A00010401A72FEF782BE2016002044D8002035
:1078B000037D43F001030375704700BF037D23F090
:1078C00001030375704700BF0160704710B504469F
:1078D000FCF706FC2368C31A013B636010BD00BFC0
:1078E0000161704710B50446FCF7FAFB606010BDFB
:1078F000014B1870704700BF44D80020014B187D21
:10790000704700BF44D800200146034809B1FEF784
:107910003BBCFEF731BC00BF20160020421802F12C
:107920000F0302F10C0C23F003039C4500D0FEE78B
:10793000436810B523F00303A3EB010E01EB0E0423
:107940009C42AEF1040E00D0FEE79368043203F0CF
:10795000030343EA0E03536023F003030B2B08D900
:10796000436803F003030B4343605368032B01D8C0
:10797000FEE7FEE723F00303634443F8042C53F8C7
:107980000419104641F002015960536843F00103A5
:10799000536010BD50F8042C10B41C68C2F34000B2
:1079A000844200D0FEE722F00300884200D0FEE7C8
:1079B00002F001025DF8044B1A607047704700BF87
:1079C0004B6810B523F003037F2B15D84FF0000C44
:1079D0009B1003EB4C1200EB8202D46B5CB1C1E94B
:1079E0000240E16001F10B0424F0030401F1080EF0
:1079F000A6450BD0FEE7FEE7B3FA83FCCCF11A02F2
:107A0000D34083F02003CCF1190CE2E7D1630122CB
:107A1000016900EB8C0402FA0CFC41EA0C010161E3
:107A20009A4063691343636110BD00BF4B6813F054
:107A3000010F18D070B50C46054602F1100123F075
:107A40000300884204F108060FD2032B0CD9331F20
:107A500003445A68304622F002025A60636823F0F9
:107A60000103636070BDFEE7FEE711462046FFF7A5
:107A700055FF63680146032B0FD923F003033344FA
:107A800043F8044C4368284643F002034B60FFF779
:107A900097FF636823F00300D7E7FEE74B68032BEB
:107AA00007D901F1080C23F003026244043A01D122
:107AB000FEE7FEE72DE9F0415468E50702D40846E9
:107AC000BDE8F08124F0030EBEF17F0F24D9BEFA89
:107AD0008EF5C5F11A042EFA04F484F02008C5F1DD
:107AE0001905D768AFB19668A6B1F760BE6008EB1C
:107AF000451700EB8707FC6BA24211D00433734497
:107B0000032B4B6007D923F003039C444CF8041C5F
:107B1000D5E7FEE7FEE7FEE700254FEAAE08E0E71F
:107B20008642FE63EAD1012600EB85077A6906FAF0
:107B300008F422EA04027A61002ADFD10269AE4029
:107B400022EA06020261D9E703462DE9F04F00253B
:107B50004FF0010E53F8108F00F13806B4460024A0
:107B60000EFA05F153F8047F01EA08010EFA04F257
:107B70005CF8049F3A40D1BB12B948453BD0FEE7C0
:107B8000FEE7484545D0D9F8042012F0010F3ED059
:107B900012F0020F3CD1032A38D922F0030209EB7C
:107BA000020ADAF808B01BF0010A33D11BF0020F09
:107BB00031D00B2A30D97F2A2FD9B2FA82FACAF1F2
:107BC0001A0B22FA0BF282F02002CAF1190AAA4516
:107BD00025D1A24223D1D9F808904845D3D1013408
:107BE000202C0BD001225CF8049FA2403A40002ACE
:107BF000C7D14845C3D10134202CB7D101350A2D56
:107C000006F18006AAD10020BDE8F08FFEE7FEE76E
:107C1000FEE7FEE7FEE7FEE7FEE79210D7E7FEE7A6
:107C2000F8B50F4B1646002914BF0F461F46041F18
:107C300004F108059CB16268032A22F003010ED901
:107C4000D2433346284602F00102B847636823F066
:107C500003021544032BA5F10404E9D8FEE7F8BD9F
:107C6000BD79011018B150F8040C20F003007047E2
:107C7000002310B5042882B0009314D0031F0BE03A
:107C8000D2436B46204602F00102FFF783FE2144F7
:107C90000429A1F1040306D05A6803F10804032A59
:107CA00022F00301ECD8002002B010BD40F23C509D
:107CB000704700BF042070470C2070474FF480309D
:107CC000704700BF0820704704207047A2F10803E6
:107CD00011F003024AD1F0B54FF6F47423F0030318
:107CE000A3F10C05A5422CD80C461D4654F8046996
:107CF00043F001037F2D636020D9B5FA85F2C2F10C
:107D00001A0C25FA0CFC8CF0200CC2F119020CEBB9
:107D1000421E00EB8E0EDEF83C606EB104290CD0E2
:107D2000C4E90260F46004F10B0626F0030604F1D6
:107D30000807B74207D0FEE7FEE7FEE74FEAA50CCB
:107D4000E5E71046F0BDCEF83C404FF0010E066965
:107D500000EB82070EFA02F2324302617A690EFAF0
:107D60000CF63243032B7A6102D8FEE700207047FD
:107D700002224B194C5108465A60F0BD51F80439A3
:107D8000DA0702D5032B01D8FEE7FEE723F0030351
:107D9000CA18926812F0010C21D1032A20D87F2B37
:107DA00010B520D9B3FA83FCCCF11A02D34083F08A
:107DB0002003CCF1190CD1F80CE0BEF1000F10D06B
:107DC0008A687AB1C2F80CE0CEF8082003EB4C1EAA
:107DD00000EB8E0EDEF83C40A14206D010BDFEE75F
:107DE000FEE7FEE7FEE79B10E5E78242CEF83C2087
:107DF000F4D1012200EB8C0EDEF8141002FA03F32A
:107E000021EA0303CEF81430002BE7D1036902FA0C
:107E10000CF223EA0203036110BD00BF10F003015E
:107E200010B530D104462822C0E9020001611430A7
:107E300026F070FC04F13C0304F23C52C3E9004418
:107E4000C3E90244C3E90444C3E90644C3E908445E
:107E5000C3E90A44C3E90C44C3E90E44C3E910442E
:107E6000C3E91244C3E91444C3E91644C3E91844FE
:107E7000C3E91A44C3E91C44C3E91E448033934256
:107E8000DCD1204610BD0024204610BD70B50E4642
:107E900010F0030105464FD12822C0E9020001611C
:107EA000143026F037FC05F13C0305F23C52C3E9DF
:107EB0000055C3E90255C3E90455C3E90655C3E9B2
:107EC0000855C3E90A55C3E90C55C3E90E55C3E982
:107ED0001055C3E91255C3E91455C3E91655C3E952
:107EE0001855C3E91A55C3E91C55C3E91E5580331B
:107EF0009342DCD1A6F244561C4626F003034FF60B
:107F0000F472A3F10C01914214D8264656F80429C4
:107F100043F00103736028463146FFF751FD736853
:107F2000032B00D8FEE7022223F00303043423448A
:107F300043E90162284670BD10F0030500F23C548D
:107F400018BF0020F7D1A6F2445323F00303D6E76D
:107F5000704700BF00F23C50704700BF09B90020D5
:107F60007047033121F00301B1F5803FF7D20C29AE
:107F70000A4638BF0C227F2931D801214FF0000C6E
:107F80009310F0B54FF0FF3E0CF1040500EB8504B3
:107F900064680EFA03F3234010D103690EFA01FE60
:107FA0001EEA030E3FD09EFAAEFCBCFA8CFC0CF12C
:107FB000040500EB85035B682BB31C4693FAA3F31F
:107FC000B3FA83F303EB4C1E00EB8E0EDEF83C108D
:107FD00049B34E6826F00306B24215D9FEE7B2FA5D
:107FE00082F10123C1F11A018B40013B1344B3FA22
:107FF00083F10F29C1F1190CB1D0C1F11A01CB40A5
:1080000083F02003BDE7FEE7CF6857B18E684EB11D
:108010008642F760BE60CEF83C6006D0BDE8F04016
:1080200004E5FEE7FEE70020F0BD012606FA03F3B3
:1080300000EB850524EA03046C60002CEED1036993
:1080400006FA0CF623EA06030361E7E72DE9F04F91
:1080500001F11003044683B032B911F1100F0CD0B6
:10806000481E01420DD0FEE7033222F00302B2F5B2
:10807000803F5FD300229B18F2D1002003B0BDE8FF
:10808000F08F03444D422B40B3F5803F56D2002A77
:10809000F3D0042900F2828013467F2B78D9B3FAFB
:1080A00083F64FF0010CC6F11A060CFA06FC0CF12F
:1080B000FF3C9C44BCFA8CF60F2EC6F1190EDCD0A6
:1080C000C6F11A062CFA06FC8CF0200C4FF0FF3992
:1080D0000EF1040804EB88077F6809FA0CFC1CEA1F
:1080E000070C019714D109FA06F9266919EA06095D
:1080F000C3D099FAA9FEBEFA8EFE0EF1040804EB75
:108100008806D6F804C0BCF1000F1CD0CDF804C01E
:108110009CFAACFCBCFA8CFC0CEB4E1A04EB8A0A01
:10812000DAF83C60002EA8D0776827F0030999455B
:108130000AD2FEE70C2A38BF0C229CE7002A9CD00A
:1081400004299AD8A8E7FEE7D6F80CB0BBF1000FD7
:108150001DD0B36833B3A342C3F80CB0CBF80830DA
:10816000CAF83C3053D006F10807C3192B40A3EBE3
:10817000070C0CF1FF3EBEF10E0F39D9BCF1000F18
:1081800003D00CF11003994513D262B9FEE7FEE764
:1081900001264FF0000E4FEAA30C97E70C2B38BFD7
:1081A0000C237AE7FEE73146204603B0BDE8F04FE6
:1081B0003CE43046ACF104010192FFF7AFFB4368A9
:1081C000054643F0020343607368019A032B0ED9FE
:1081D00023F003031F44314647F8046C2046019204
:1081E000FFF7EEFB019A2E46002ACFD0DBE7FEE731
:1081F000CCF1100C03448C452CBF63445B182B401E
:10820000B3EB070CC1D0BCF10F0FBAD8FEE70123C6
:10821000019F03FA0CFC04EB880827EA0C07C8F856
:108220000470002F9FD1276903FA0EF327EA030792
:10823000276198E7F8B539B351F8044C14F00102FE
:1082400000D0FEE7032C1ED924F00303A1F1040C97
:108250000546A1F108004CF8030063445E6846F04F
:1082600002065E6051F8043C43F0010641F8046CDC
:108270009E0732D551F8080C48B1D0F804C01CF064
:10828000010F05D1FEE7FEE70C462046F8BDFEE7EC
:108290002CF003017F292DD88910C66836B3D0F899
:1082A00008E0BEF1000F23D0CEF80C60C6F808E05D
:1082B00001EB421605EB8606F76BB84224D0BCF101
:1082C000030F14D923F0030363440433032B4360E7
:1082D0000FD923F003030344586001462846FFF7F3
:1082E000DDFB01462846FFF76BFBCEE7FEE7FEE726
:1082F000FEE7FEE7B1FA81F2C2F11A06F14081F021
:108300002001C2F11902C8E7AE45C6F83CE0D6D15B
:108310004FF0010E05EB820677690EFA01F127EAAC
:10832000010171610029CAD10EFA02FE2A6922EA0E
:108330000E022A61C3E700BF002961D02DE9F04396
:1083400083B0002A5FD051F8046C0C46032E00D88D
:10835000FEE7D11C21F00301B1F5803F0546A4F1F1
:10836000080826F0030705D3BA424ED816F00106D6
:108370004DD0FEE7F607FCD40C2938BF0C218F4204
:108380000E4656D2E359A4F10409D90705D523F0C6
:108390000303391D0B44B34215D2114628460192FE
:1083A000FFF7DCFD064650B1019A2146BA4228BFCC
:1083B0003A46FEF7E9FA21462846FFF73BFF3046EA
:1083C00003B0BDE8F0834146FFF768FB54F8042C86
:1083D00022F00303032A4B4411D95A6822F0020207
:1083E0005A6054F8047C06F1100327F0010244F8A7
:1083F000042C27F003079F4209D22646DFE7FEE759
:108400001146FFF7ABBDFFF715FF0026D7E7314652
:108410004046FFF783FA01464B68284623F00203E3
:108420004B60FFF73BFB01462846FFF7C9FA26469B
:10843000C5E701F11003DEE790F900300078002B6A
:1084400010DA00F0E003C02B10D000F0F003E02BB6
:108450000AD000F0F800A0F1F000B0FA80F0400976
:10846000800070470120704703207047022070474A
:108470000206034607D51A0E00BA04D113F47F0F83
:1084800002D0000A7047704713F47F4F14BF000CEE
:10849000D8B27047002270B483B003460192E9B1AC
:1084A0000D6842196C1C92F900C01078BCF1000FE5
:1084B00003DB0C6003B070BC704700F0E002C02A20
:1084C0002AD000F0F002E02A0DD000F0F802F02AE5
:1084D0000C6030D0002003B070BC70470D460246DF
:1084E000012401A9DFE70C601A5D02F0C004802CB2
:1084F000F0D1AC1C0C601B5D03F0C004802CE9D1F2
:108500009201000302F47C6203F03F0380B21A443C
:10851000033510440D60CDE70C601B5D03F0C00215
:10852000802AD7D1800100F4F86003F03F020235C1
:1085300010440D60BEE71A5D02F0C004802CC9D162
:10854000AC1C0C601C5D04F0C00CBCF1800FC1D1F0
:10855000EE1C0E6013F806C00CF0C003802BB9D1DE
:108560008304120303F4E01302F47C321A43A301E0
:1085700003F47C631A440CF03F0C04350CEB02004E
:108580000D6097E72DE9F0410F460C46A1B100249C
:1085900006462546DFF828800AE0D8F800309847DC
:1085A000012838BF01200135AF4254FA80F403D0CE
:1085B000335D3019002BF0D12046BDE8F08100BFBB
:1085C000540E0020F0B5002483B00D46019461B133
:1085D0000646084F7B68304601A99847019B013445
:1085E000AB42F7D3204603B0F0BD0C46204603B0A3
:1085F000F0BD00BF540E002070B50024037882B097
:1086000001946BB10546084E7368284601A9984746
:10861000019B0134EB5C002BF6D1204602B070BD0B
:108620001C46204602B070BD540E00207F2817D98A
:10863000B0F5006F15D200229446C0F3871300F006
:108640003F0043F0C00340F08001002063F30700C7
:1086500061F30F2062F317406CF31F607047002036
:108660007047B0F5803F13D3B0F5881FF7D2C0F341
:108670008743C0F30531C0F3851200F03F0043F09B
:10868000F00341F0800142F0800240F0800CDCE712
:10869000C0F30733C0F3851100F03F004FF0000C2A
:1086A00043F0E00341F0800140F08002CDE700BFDD
:1086B0002DE9F04F002591B003930378CDE9081020
:1086C0001A9C9DF86C600B920D951BB1039B002BBF
:1086D00000DDD9B9DFF82C920DA9D9F804309847FC
:1086E00001466CB100220898FAF728FDDDF834A0A5
:1086F00003B207935046079B238011B0BDE8F08F6B
:10870000DDF834A0504611B0BDE8F08F0746AA4608
:1087100006F00102DFF8EC91DFF8ECB1029501926E
:1087200007951A940024D9F804303846CDE90E4450
:108730000EA99847DDF838E03B780246CDF83CE0DA
:10874000002B00F0D8804FF0FF3ECDF828A0264641
:10875000A0462546F2460694D9F804300FA93846BB
:1087600014469847019933460246013621B1232C1D
:1087700002995DD001297ED021460898CDE90423D5
:10878000FAF7DCFCDDE9042300EB080C00B200285A
:108790001FFA8CFC03DD0B998C441FFA8CFCBAF198
:1087A000FF3F0FFA8CF806D10B990398A8EB010153
:1087B0008142C8BFAA460A2C12D00D2C10D045F217
:1087C000A510A4F59C4181420AD90021202003E094
:1087D0001BF80100002847D00131A042C9B2F7D1EF
:1087E000D646A846DDF828A0002D32D1BEF1FF3FC5
:1087F00011D0BAF1000F47D01A9CDDF834A00998C7
:10880000BAF1000F3FF468AF002C7FF473AF50460D
:1088100011B0BDE8F08F002B6AD00D2C66D06046F9
:10882000079B1A9C184403B2DDF834A00793E6E7CF
:1088300039B3012951D000230293DDE90E530E9381
:108840007B5D002B88D1A84633461446D646DDF81A
:1088500028A0BEF1FF3FCCD1BDF818C0002B47D0F7
:108860000D2C4AD0C64611E0069BBAF1FF3F08BF67
:1088700043460693E1E7202C019B08BF02230293A5
:10888000DBE7019B0293D8E7BDF818C0039B079A6A
:10889000A3EB0C031BB2944403930FFA8CF3DDF8A3
:1088A00034A00793BEF1000F15D0099AF244137853
:1088B000CDF834A00A2B0ED00D2B0CD012F80A30B4
:1088C00002EB0A070A2B0BD00D2B09D01BB1039B1F
:1088D000002B3FF727AF1A9C91E7002102914BE74D
:1088E0000AF1010A1A9CCDF834A088E70A2A96D129
:1088F000DDF838E0CAE79C46C8E70A2AF8D0C64641
:10890000C4E700BF540E0020F0F10310F0B50424BA
:108910000D460B6806460D4F581E83B008603B6835
:10892000304498472A68631E30B130467B68019214
:1089300001A9984703B0F0BD501E1AB113F0FF040F
:108940002860ECD1002003B0F0BD00BF540E002021
:1089500070B4039D9DF810600DB100242C8050B1BF
:1089600004783CB149B116F0060F08D1CDE90356A1
:1089700070BC9DE6204670BC70470846FBE70A2C99
:1089800012D00346002005E03CB113F8014F01303E
:108990000A2C01D00D2CF7D10130002DEBD04FF671
:1089A000FF732B8070BC70470120F6E72DE9F04F74
:1089B00085B09DF838C0002843D01746002A40D023
:1089C0009B4603780446002B3BD00E4600210391C2
:1089D000002E36D01CF0010C39D08A460D46CDE968
:1089E00000BCDFF808810DF10C0911E0012D0CD05D
:1089F000024659463846FAF7A1FB03B2002B04DDC4
:108A0000009B9A4450440FFA80FA039BB3425CD215
:108A100049462046D8F80430984783460028E5D0D8
:108A20000398D8F80420002120449047BBF1230F7D
:108A3000024654D1002D44D0012D4FF00005E4D161
:108A4000D7E74FF0000A504605B0BDE8F08FE24688
:108A5000DFF898800DF10C0949462046D8F804301B
:108A60009847054628BB024629463846FAF766FB72
:108A70000AEB0B03034400B200280FDD0FFA83FA60
:108A8000039B9E42E8D8BAF1000FC4BFAAEB0B0BC0
:108A90000FFA8BFA504605B0BDE8F08F039B9E425B
:108AA000F1D949462046D8F80430984705460028B1
:108AB000D9D003980021D8F80430204498470246C2
:108AC000D2E7039B019DB342A2D3DDF800B0BAF117
:108AD000000FC4BFAAEB0B0B0FFA8BFADAE7012DDC
:108AE00087D1BBF1200F08BF02258EE7540E00206E
:108AF0002DE9F04F002689B09C46BDF94890BDF99C
:108B00004C309DF850A00660002963D0002A61D047
:108B10008B4641F6FF71B2F908E09BF800401AF06D
:108B2000020F054618BF0B461FFA8EF8002C65D0C1
:108B30001FFA89F00AF00601C144804405935F469C
:108B400023461FFA88F814460491CDF818E0CDF8B2
:108B50000CC0079024E02146CDE9002A3846059B49
:108B6000039AFFF7A5FD0146B5F902300E4403EB69
:108B70000902B2F5004F2DD243446B803846039B67
:108B80002246CDF800A0FFF711FFB5F900300BEB3E
:108B900006078342B8BF03462B801BF80630E3B1BB
:108BA000049A002AD7D00A2B32D03A46002106E098
:108BB000002BD9D012F8013F01310A2B01D00D2B27
:108BC000F6D1B5F90230013103EB0902B2F5004FDD
:108BD0000E44D1D309B0BDE8F08FB5F90230DDE91C
:108BE00006E02EB117F8012C0A2A0CD00D2A0AD063
:108BF00023B11B1A6B8009B0BDE8F08FA5F802E025
:108C000009B0BDE8F08F43441BB2002BF1D1F5E76A
:108C10000121A9E72329037809D0012B01D00020E5
:108C20007047202901D1022303700120704733B11E
:108C3000012B08D0022BF2D100230370F5E70123AA
:108C400003700120704700230370E8E7002851D02B
:108C50002DE9F0411646002A4AD0804610460C46BF
:108C600025F0BAFF0746002842D0404625F0B4FF61
:108C7000254B21469B68044640469847E51907EB7B
:108C8000000C65450CD3691C08EB04034144A7EBB9
:108C9000080513F80149EA18944501F8014DF8D97F
:108CA0007B1E052B08EB000225D9731CD31A022B5F
:108CB00021D93346114627F003054FEA970CAC192A
:108CC00053F8040B9C4241F8040BF9D1AF42A7EBD7
:108CD000050302EB05010BD016F82C00012B02F85E
:108CE0002C0005D06278022B4A7001D0A3788B70DB
:108CF000BDE8F0817047013E174416F8013F02F8C5
:108D0000013B9742F9D1F3E7540E0020002843D0ED
:108D10002DE9F041144606460D4625F05DFFDFF8CB
:108D2000948029460746D8F80830304698472146AF
:108D300034180546D8F8083020469847A7EB000CB1
:108D4000654527D8ACEB0501052905EB000324D9BF
:108D5000BCF1FF3F21D0021D1FD801F1010E3344A9
:108D60002EF003072246DC1953F8041BA34242F8F5
:108D7000041BF9D1BE453D440CD03044435D7355CE
:108D80006B1C634506D8C25C0235AC45F25401D376
:108D9000435D7355BDE8F0817047013D3344354470
:108DA000304413F8011B1A1A944505F8011FF8D234
:108DB000BDE8F081540E00202DE9F0410C46074635
:108DC000002182B008463A462346019418F0C2FEBC
:108DD00000F1010806464046FDF7D0FB58B1234696
:108DE000002405463A464146845518F0B3FE28460D
:108DF00002B0BDE8F081FEE72DE9F041DFF8288000
:108E00000E461C461946D8F80430074615469847C2
:108E1000306028B120680021D8F8043038449847E1
:108E20002860BDE8F08100BF540E00202DE9F04716
:108E3000DDF82080AAB107460E461D4614464FEACB
:108E4000540905FB096A38465146C04700280DDD24
:108E5000E44304F00104A9EB04040AEB0506002C2A
:108E6000EDD14FF0000A5046BDE8F087FBD04C46EC
:108E7000002CE4D1F5E700BF0022C9B2F3F7D0BF60
:108E800009B2EDF7A9BD00BF09B2EDF78DBD00BF76
:108E900038B505460068F4F719FC0446002227217E
:108EA000006900F0F1FB00222821606900F0ECFB72
:108EB000606918B194F828309B0711D4002294F807
:108EC0002830602162F3000384F828302868C4E960
:108ED0000522F3F797FA2069BDE83840EEF7E8BCC1
:108EE000F4F7A0F9EAE700BFF8B50546F4F7EEFBA2
:108EF00018B3066904465EB100222521304600F011
:108F0000C3FB236923B100222621284600F0BCFBC5
:108F100000272561A7615DB13A462721284600F068
:108F2000B3FB236923B13A462821304600F0ACFB5D
:108F30002846BDE8F840EEF7BBBCF8BD38B505469D
:108F40000068F4F7C3FB0446FAF7EEFE50B103469F
:108F50001B6928680022C4E90403BDE838402621C3
:108F600000F092BBFAF7E0FE03460028F0D1F0E7EC
:108F700008B10069704708B5FAF7D6FE00B100697C
:108F800008BD00BF08B14069704708B5FAF7CCFECC
:108F900000B1406908BD00BF08B1C069704708B59D
:108FA000FAF7C2FE00B1C06908BD00BF08B1006A8F
:108FB000704708B5FAF7B8FE00B1006A08BD00BFF7
:108FC00038B50D46E8B10446636AA560032B00D0AE
:108FD00038BDE3681868F4F7B3FB0028F8D1E368FC
:108FE0005868F4F7ADFB0028F2D1E3689868F4F70D
:108FF000A7FB0028ECD1E3681868BDE83840F5F716
:1090000023BFFAF791FE04460028DDD138BD00BF2A
:1090100008B18068704708B5FAF786FE806808BD19
:1090200030B50D4685B0C0B1044665852046FAF7D7
:1090300081FE05462046FAF78FFE0022013800B275
:109040006B1E114600901BB202A8FBF7FDFB2046E9
:1090500002A9F5F7E1FA05B030BDFAF765FE04465E
:109060000028E2D1F7E700BF30B50D4685B0C0B1AA
:109070000446E5622046FAF75DFE05462046FAF70B
:109080006BFE0022013800B26B1E114600901BB22D
:1090900002A8FBF7D9FB204602A9F5F7BDFA05B0F7
:1090A00030BDFAF741FE04460028E2D1F7E700BFE1
:1090B00030B50D4685B0C8B1044684F82950204625
:1090C000FAF738FE05462046FAF746FE0022013838
:1090D00000B26B1E114600901BB202A8FBF7B4FB56
:1090E000204602A9F5F798FA05B030BDFAF71CFE44
:1090F00004460028E1D1F7E72DE9F047A4B0064681
:10910000884691461F469DF8B0A0F4F7DFFA044662
:10911000FAF70AFE002800F0AF8005462D69AE423E
:1091200062D0A069B0425FD0A8B10021FBF736F948
:109130000022A0691146EDF70BFC00226021A06916
:10914000F3F760F994F828309A0700F19C80A5693C
:109150002846FFF7C9FE6069A66120B194F828305F
:109160009B0700F18480A8F10A02042A8CBF002228
:10917000012294F82830002162F300036AF34103CE
:1091800084F828303046FBF709F9FAF7CDFD0028BE
:1091900000F0828000690021FBF700F900223046D0
:1091A0001146EDF7D5FBFAF7BFFD00287AD000692C
:1091B00000221146EDF7CCFB002260213046F3F788
:1091C00021F9FAF7B1FD002861D000690022602181
:1091D000F3F718F959EA070309D13046FFF784FE7F
:1091E000BAF1000F40F0FD8024B0BDE8F08768467A
:1091F000FBF794F87E4B7F4202937E4B12A80393B9
:10920000CDE90B970096FBF789F82369CDF87490A8
:1092100012931E97B8F10E0F1BD8DFE818F08300E9
:109220007900730069004800D300C600B100A400B3
:109230009B0092008C005E000F0053006E4B204696
:109240001393FAF789FD00220023CDE91A23404247
:109250001C9000222521284600F016FA6846FBF7EC
:1092600049F912A8FBF746F924B0BDE8F087F3F7F7
:10927000D9FF0023636176E7FAF756FD054600281B
:109280007FF44CAF4BE72846F3F7CCFF5FE7FAF7E4
:109290004BFD002899D199E7FAF746FD00287FF4A5
:1092A00079AF78E7FAF740FD002880D180E7524B8C
:1092B00020460193FAF750FD00234042CDE9080013
:1092C0000A93C6E720464C4B1393FAF745FD00225C
:1092D00000231C90CDE91A23BBE72046474B13938C
:1092E000FAF728FD002200231C90CDE91A23B0E7ED
:1092F000414B20460193FAF72FFD0023CDE90800EA
:109300000A93A6E73D4B20460193FAF713FDD3E7F6
:109310003A4B20460193FAF70DFD0023CDE90800F2
:109320000A9396E7354B00220021019300230A910E
:10933000CDE908238DE7314B20461393FAF7FAFC69
:1093400081E72F4BFF2200211393FF231C91CDE9CE
:109350001A237EE72A4B0022FF21019300230A9162
:10936000CDE9082375E7244E20460196FAF7F4FC70
:109370004342CDE908330023204613960A93A4E71D
:109380001D4E20460196FAF7E7FC002203462046D0
:10939000CDE9083313960A92FAF7DEFC0022002387
:1093A0004042CDE91A231C9053E7144E2046019603
:1093B000FAF7C0FC4342CDE9083300232046139658
:1093C0000A938DE70D4E20460196FAF7B3FC002272
:1093D00003462046CDE9083313960A92FAF7AAFC11
:1093E000DCE7284624B0BDE8F047F3F71BBF00BF19
:1093F0003D8F0110918E0110818E0110898E011018
:10940000798E0110002300B583B01A4619460093E7
:10941000FFF772FE03B05DF804FB00BF38B528B15A
:10942000BDE83840D0F86401FAF764BEFAF75AFD97
:109430004FF0FF35044668B1D4F86401FAF75AFEDC
:10944000034620469D4228BF1D46FAF74BFD0446C1
:109450000028F1D1284638BD10B528B10446FAF7E6
:109460003FFEC4F8640110BDFAF75EFC0446002814
:10947000F5D110BD20B10068C36A03B11847704729
:1094800010B5FAF751FC28B10068C36A13B1BDE802
:109490001040184710BD00BF10B50C4650B1002C4D
:1094A0000CBF4FF0FF320122D0F854311344C0F802
:1094B000543110BDFAF738FC0028F0D110BD00BFC0
:1094C00008B530B1D0F854010028D4BF00200120E5
:1094D00008BDFAF729FC0028F4D108BD08B140689E
:1094E000704708B5FAF720FC00B1406808BD00BF1E
:1094F000F8B5054600F0F2FF50B1006883680BB183
:10950000297A98472B7E9E077ED4DC0700F18E8057
:109510006F68BA68002A79D0937E980676D0D368AF
:10952000002B00F0AB801E68002426B193F90800E0
:10953000197A002801DB013414E0802904D0287A4C
:1095400021F080018142F6D15B682846EB60B0478C
:109550002B7E990758D4DA0768D46F680134BA684B
:10956000002A53D092F81AC004EB4401CCF3050C46
:10957000A4450FD9D36853F8216003EB810326B1CA
:1095800093F90800197A0028D7DB0134A44504EBCD
:109590004401EFD8386800283ED152B3937E9B0631
:1095A00027D0D3682BB31E6800244EB193F908006E
:1095B000197A002804DB00293DD0287A88423AD065
:1095C0000134907E04EB4401C0F30500A04210D9A1
:1095D000D36853F8216003EB81032EB193F908C0DF
:1095E000197ABCF1000FE6DA0134A04204EB440121
:1095F000EED87B6843B12A7E510705D42A7A233AF4
:10960000012A27D86B6075E70120F8BD386818B9C2
:10961000EFE700680028C0D00369002BF9D00022D2
:109620002946EA6098472B7EDB0701D50020F8BD6C
:109630006F68BA68B1E75B682846EB60B0472B7E7D
:109640009E07E1D4D807F1D46F680134BA68002AC4
:10965000B7D1CEE74FF480413846ECF78FFB0028B6
:10966000D2D02B7A113BDBB21B2B04D8054A22FA4D
:1096700003F3DA07C8D46B685B68C3E7386800286F
:10968000CAD18EE7FF270F0BD0B130B5002589B0C6
:109690009DF818300B4C23F007038DF81830236821
:1096A000009001906846CDE904238DF80810C4F8B5
:1096B00000D00395FFF71CFF059B236009B030BD68
:1096C000012070475CD8002010B50C4690B10068AE
:1096D00010B90DE0006858B10369002BFAD00022E0
:1096E0002146E2609847207EC04300F0010010BD93
:1096F000012010BD4B681868EAE700BF006870479A
:1097000040687047007A00F07F007047006970473A
:10971000C0687047037E43F004030376704700BFC0
:10972000037E43F002030376704700BF024B1868C4
:1097300001301860704700BF740E0020094B1B6891
:109740002BB90EE01A68824204D05B694BB15A68AB
:109750008242F7D11A7E42F001021A765B69002B31
:10976000F5D170475CD800202DE9F04107460E4640
:1097700015461C46ECF71AFBD7F8088098F81AC073
:10978000D8F80C0063460CF1010C0CF03F0C6CF3A4
:1097900005030CEB4C0188F81A308900FCF71CFF1C
:1097A000BB68C8F80C00D86880B193F81AC00CF0F8
:1097B0003F0C0CEB4C0C4FEA8C0CACF10C0C40F851
:1097C0000C60604405724460BDE8F081FEE700BFB4
:1097D000F8B58568ADB1AC7E14F03F043AD00646CA
:1097E000EF6881B13B68994208BF00230CD03A462C
:1097F000002303E052F80C0F884205D00133A34246
:10980000F8D10020F8BD0B46621E93420DDA03EB3F
:109810004300E31A800003EB430300F10C019A00BC
:109820000C3A3944384424F0F7FEAB7E04F13F0192
:1098300001F03F0161F3050301EB4101AB763846CE
:109840008900FCF7C9FEB368E860DB680BB1012052
:10985000F8BDFEE72046F8BDF8B58568002D3CD080
:10986000AC7E14F03F0446D00646EF68C1B3002337
:1098700007F1040C04E001339C420CF10C0C2CD0D9
:109880005CF8040C8142F6D1DCF800008242F2D18F
:10989000621E9A420DDD03EB4300E31A800003EBE6
:1098A000430300F10C019A000C3A3944384424F087
:1098B000B3FEAB7E04F13F0101F03F0161F305030C
:1098C00001EB4101AB7638468900FCF785FEB368B1
:1098D000E860DB681BB10120F8BD0020F8BDFEE7A1
:1098E0000B46394602E00133A342F6D048680C31FA
:1098F0009042F8D1CCE72046F8BD00BFF8B58568A6
:10990000A5B3AC7E14F03F0430D0EF6806460023C8
:109910003A4602E00133A34228D0914202F10C0200
:10992000F8D1621E9A420DDD03EB4300E31A80007A
:1099300003EB430300F10C019A000C3A394438441C
:1099400024F06AFEAB7E04F13F0101F03F0161F3B8
:10995000050301EB4101AB7638468900FCF73CFE7C
:10996000B368E860DB681BB10120F8BD0020F8BDDA
:10997000FEE700BF8068E0B190F81AC01CF03F0C11
:1099800018D010B4C468002322460CEB4C0C03E042
:10999000634502F10C0208D054F8230003338842D7
:1099A000F6D150685DF8044B704700205DF8044B19
:1099B0007047704760467047037A013B0F2B94BF96
:1099C00000690020704700BF037A1A3B012B94BF47
:1099D00000690020704700BF037A143B052B94BF39
:1099E00000690020704700BF037A292B0CBF006973
:1099F00000207047037A0D2B03D1006910B1006875
:109A000070470020704700BF037A092B0CBF006924
:109A100000207047037A132B06D10269B2F9003097
:109A20008B42B8BF0B461380704700BF037A2C2BC4
:109A30000CBF006900207047037A112B0CBF00692E
:109A400000207047037A122B06BF03695868002074
:109A5000704700BF037A122B04D103691A788A4237
:109A600038BF1970704700BF2DE9F047077F17F026
:109A7000010722D1C66805468946904616B1B2460E
:109A8000012708E088470646B8B182463068ECF7FF
:109A900081F9030614D531462846C047504506468D
:109AA0000BD00028F2D12B7F1A0706D52FB12846FC
:109AB000C847002706460028E8D10020BDE8F08707
:109AC00034682CB910E02046F3F726FE044658B15E
:109AD00001212046ECF752F90028F4D0204601215C
:109AE000ECF74CF90028D6D1EB68B342E5D07BB354
:109AF0000020D3F80080FAF7BFFA0446002872D09D
:109B00004FF000094F4604E02046FAF7B5FA044644
:109B100088B1204600F0E8FC636D9D42F4D1022834
:109B200050D0042808BF27462046FAF7A5FAA146D8
:109B300004460028EDD1002F3FD03A460F21404681
:109B4000FFF7A2FD0128B8D1EB681868EDF7B0FE69
:109B50000020EE603768FAF78FFA0446002847D0F5
:109B60004FF00008464604E02046FAF785FA04461E
:109B700088B1204600F0B8FC636D9D42F4D1022804
:109B80002AD0042808BF26462046FAF775FAA046D0
:109B900004460028EDD10EB332460E213846FFF7B9
:109BA00073FD012889D1EB681868EDF781FE2B69F8
:109BB0000BB128469847012080E7B9F1000F12D079
:109BC0004F46BAE727460F213A464046FFF75CFD6D
:109BD00001287FF472AFB7E72646DDE7B8F1000F42
:109BE00006D04646D8E70020FAF746FA0746A4E72B
:109BF0000020FAF741FA0646CEE700BF027F38B5EB
:109C000042F0080303775B070446C2F3C0050ED495
:109C10000F4A1049FFF728FF63691BB110B90121F2
:109C200020469847237F65F3C303237738BD0A4A4C
:109C30000A49FFF719FF6369002BF3D00028F1D11F
:109C4000014620469847237F65F3C303237738BD39
:109C50008961011079610110916101108161011028
:109C60002DE9F8430646ECF79DF8002866D0037FFF
:109C7000054613F0010761D19A0723D5C26867F33F
:109C800041030377F2B1D2F80080B8F1000F19D088
:109C90003846FAF7F1F9B946044600285CD10020AD
:109CA000FAF7EAF9814603E0B9F1000F00F0998074
:109CB0004A460E214046FFF7E7FC012802D1404604
:109CC000EDF7F6FD2846FCF757FA044630B935E0C3
:109CD00021462846FCF758FA044678B323689E428A
:109CE000F6D1EB68002B42D01F68BE423FD0002067
:109CF000FAF7C2F90646002800F089804FF0000903
:109D0000C84604E03046FAF7B7F9064660B1304677
:109D100000F0EAFB736D9D42F4D1022875D0B14684
:109D2000042808BFB046EDE7B8F1000F63D0424603
:109D30000F213846FFF7A8FC012814D0BDE8F883AE
:109D400002284AD02746042808BFA1462046FAF731
:109D500093F904460028A7D0204600F0C5FB636DA8
:109D60009D42F3D1ECE7EB681868EDF7A1FD2B6994
:109D7000EC6013B128469847EC6800202768FAF792
:109D80007BF9044600283BD04FF00008464604E02B
:109D90002046FAF771F9044688B1204600F0A4FB8A
:109DA000636D9D42F4D1022819D0042808BF2646CD
:109DB0002046FAF761F9A04604460028EDD1AEB17D
:109DC00032460E213846FFF75FFC0128B6D1EB681A
:109DD0001868BDE8F843EDF76BBDA14668E7264675
:109DE000EEE7002F3FF45BAFB94661E7B8F1000F33
:109DF00006D04646E4E7B9F1000F08D0C84696E71A
:109E00000020FAF739F90646DAE7B0468FE7002076
:109E1000FAF732F980468AE720210148FCF79EB81C
:109E20005C16002010B50B48FCF7A0F880B1044682
:109E30000421FCF793F80022237FC4E9042223F0D5
:109E40000F0343F00C032046E260A261237710BDAC
:109E5000FEE700BF5C1600202DE9F041C368044610
:109E600082B063B300201F68FAF706F905460028A0
:109E700065D04FF00008464604E02846FAF7FCF8A3
:109E8000054688B1284600F02FFB6B6D9C42F4D14B
:109E900002284DD0042808BF2E462846FAF7ECF8D1
:109EA000A84605460028EDD1002E43D032460F21AA
:109EB0003846FFF7E9FBE3681868EDF7F9FC204640
:109EC000FCF75AF9014650B100250B6820469B6803
:109ED00043B39D60FCF758F901460028F5D10020F6
:109EE000FAF7CAF858B1436DA342F9D100210190A5
:109EF00000F096FB0198FAF7BFF80028F3D1124B57
:109F000020461A68A24204BF00221A60FCF7AEF88D
:109F100021460E48FCF782F8204602B0BDE8F04129
:109F2000FCF744BBFCF730F901460028CDD1D6E759
:109F30002E46BBE7B8F1000F01D04646B6E7002039
:109F4000FAF79AF80646B1E760D800205C160020C0
:109F5000014B1860704700BF60D80020014B1868A3
:109F6000704700BF60D8002070B50D460646EBF77D
:109F700019FF04462846EBF715FF844200D070BD58
:109F8000002CFCD0FCF7F8F8014640B911E0AB42D8
:109F900008BF0E602046FCF7F7F8014648B10B6891
:109FA000B342F4D10D602046FCF7EEF801460028DC
:109FB000F5D1E36883B11B689E4207D09D42DED194
:109FC000002EDCD03046BDE8704049E6002DD6D0EA
:109FD0002846BDE8704043E6002EF7D0002DF1D0B2
:109FE00070BD00BF2DE9F04383B00546EBF7DAFE04
:109FF000F8B1C368044613B11B68AB421CD02046BD
:10A00000FCF7BAF8014628B913E02046FCF7BCF883
:10A01000014670B10B68AB42F7D120460191FBF7C6
:10A02000FDFF01990846FCF7C1FAAB680BB10022AD
:10A030009A6003B0BDE8F083037FDA0744BF23F0E2
:10A0400001030377FCF798F8E36883420BD02046BE
:10A05000FFF7D4FDE368002BD1D01B68AB4204BFEF
:10A060000023E360CBE72046FCF78AF8E26803466A
:10A070009042ECD11B6800209946F9F7FDFF064697
:10A0800018B34FF00008474604E03046F9F7F4FFF4
:10A09000064660B1304600F027FA736D9C42F4D159
:10A0A00002280BD0B046042808BF3746EDE73FB181
:10A0B0003A460F214846FFF7E7FACBE73746F7E77E
:10A0C000B8F1000F01D04746F2E70020F9F7D4FFBE
:10A0D0000746EDE780B370B5044608460D46FFF726
:10A0E00081FF2046FCF748F8014628B908E02046E1
:10A0F000FCF74AF8014618B10B68AB42F7D170BDC6
:10A100002846EBF74FFEAB68D0B19A681AB1D26817
:10A110001268954211D020469C60FBF769FF064605
:10A1200048B120463560FCF727F88642E7D1204643
:10A13000BDE8704062E5FEE77047FFF75FFDAB6882
:10A14000002BE8D12846EBF731FEAB68E3E700BF10
:10A15000C3682DE9F04105466BB300201F68F9F78D
:10A160008BFF044600284CD04FF00008464604E020
:10A170002046F9F781FF044688B1204600F0B4F983
:10A18000636D9D42F4D1022834D0042808BF2646CE
:10A190002046F9F771FFA04604460028EDD15EB3D2
:10A1A00032460F213846FFF76FFAEB681868EDF773
:10A1B0007FFB0023EB602846FBF7DEFF014650B132
:10A1C00000240B6828469B6853B19C60FBF7DCFFBA
:10A1D00001460028F5D12846BDE8F041FBF746BF0F
:10A1E000FBF7D2FF01460028EBD12846BDE8F0413D
:10A1F000FBF73CBF2646D3E7B8F1000F01D0464637
:10A20000CEE70020F9F738FF0646C9E700B127E599
:10A21000704700BF10B50446064A0749FFF724FC03
:10A2200063692BB120B92046BDE8104001211847D1
:10A2300010BD00BF896101107961011010B504469D
:10A24000064A0749FFF710FC63692BB120B90146A4
:10A250002046BDE81040184710BD00BF91610110B5
:10A2600081610110037F61F300030377704700BF32
:10A2700010B582B0019140B1C36833B11C6824B1FC
:10A2800080212046EBF788FD10B1012002B010BDFF
:10A290000D21204601AAFFF7F7F902B010BD00BF5B
:10A2A0000161704741617047002842D0037F2DE96A
:10A2B000F041C3F340028A4205462ED0C26861F3E2
:10A2C000410303774AB317683FB30020F9F7D4FE80
:10A2D000044688B34FF00008464604E02046F9F7EC
:10A2E000CBFE044688B1204600F0FEF8636D9D4227
:10A2F000F4D102281ED0042808BF26462046F9F7CC
:10A30000BBFEA04604460028EDD16EB132460E21B8
:10A310003846FFF7B9F9012801D0BDE8F081384689
:10A32000BDE8F041EDF7C4BAB8F1000F04D04646DD
:10A33000ECE770472646E9E70020F9F79DFE064660
:10A34000E4E700BF037F61F382030377704700BF38
:10A35000037F61F3C3030377704700BF10B1C06888
:10A3600000B10068704700BF00B10069704700BFCE
:10A3700000B14069704700BF10B1007FC0F34000DA
:10A38000704700BF10B1007FC0F3C000704700BF2E
:10A39000FBF702BF2DE9F043437804461D07406AEE
:10A3A000444E83B056D4D4F82C907060002863D00B
:10A3B00008213268FFF768F9637813F0020544D189
:10A3C000B9F1000F5ED04FF48078C4E91155656291
:10A3D00001956E2200214846F1F7C2F86D2243191B
:10A3E000002148469FB21DB2F1F7BAF803461BB2EE
:10A3F000002BB8BFFF331B1213FB08F348460FFABC
:10A4000083F8F3F789F981460028E2D115B9B8F548
:10A41000807F14D04FF4803595FBF8F57F423FB232
:10A420002DB239462A4601AB04F11C00FAF7EEFEC4
:10A430002A46394601AB04F12000FAF7E7FE204630
:10A4400001F040FD63789B0719D50023736003B0CA
:10A45000BDE8F08332680321FFF716F9637813F043
:10A460000202F2D1C4E90922C4E9112262F3C30352
:10A47000D4F82C9072606370B9F1000FDFD103B093
:10A48000BDE8F083D90707D4D6E900200421FFF7FF
:10A49000FBF863789A07D8D4D6E900200721FFF7A4
:10A4A000F3F8637813F00203CFD1C4E91133636288
:10A4B000E5E700BF64D8002010B581F0010440B189
:10A4C000427964F38202427110BD437964F38203DE
:10A4D0004371F9F7D1FD0028F7D110BD014B186881
:10A4E000704700BF64D8002008B10368187870472F
:10A4F00038B504460D4608B3304A4379116843F035
:10A5000002038142437104BF0023536003681B7838
:10A51000013B012B00D938BD002D43D0436BAB422A
:10A5200004BF00234363836AAB4204BF00238362FA
:10A53000C36AAB42EFD10023E36238BDF9F79CFD5B
:10A54000D8B11DB91DE0F9F797FDB0B143790268A4
:10A5500043F0020343711378013B012BF3D8436BA3
:10A560009D4227D0836A9D4221D0C36A9D42EAD191
:10A57000C462F9F781FD0028E8D100220F4B5A6030
:10A5800038BD4379026843F0020343711378013BFD
:10A59000012B9CBFC0E90A554563F9F76DFD002802
:10A5A000EFD1EAE7002345638562E362C5E7002354
:10A5B0008362DAE700234363D4E700BF64D8002056
:10A5C000437910B523F0010343710446F9F788FD80
:10A5D000E064F9F785FDA06410BD00BF38B50368DD
:10A5E0001A78012A00D038BD0446186921650D4645
:10A5F000FEF7DCFC01462846F2F7AAFEB4F90A2071
:10A60000B4F90810206DECF7A3F9206D0221EBF7E7
:10A6100061FB206D4FF4C021BDE83840EBF70EBB65
:10A6200003681B78022B02D0042B00D070474165D1
:10A63000704700BF03681B78032B08BF8165704714
:10A6400098B103681B7803F0FD03012B06D04FF689
:10A65000FF724FF0FF330A804B807047B0F908302B
:10A660000B80B0F90A304B807047034608804B805E
:10A67000704700BF90F844000009704703681B78DA
:10A68000022B0CBFC0680020704700BF30B10368C8
:10A690001B7803F0FD03012B01D00020704790F8D8
:10A6A000440000F00F00704730B103681B7803F0DE
:10A6B000FD03012B01D000207047006B704700BFE5
:10A6C00000230B6058B103681B7803F0FD03012BD6
:10A6D00005D1B0F918300B80B0F91A304B807047B3
:10A6E00018B1437943F0080343717047014B586830
:10A6F000704700BF64D8002000B14068704700BFB9
:10A7000070B50E4682B001210446EBF737FB0028F6
:10A7100035D1054630682A460123019001A920461B
:10A72000ECF70CFE01A92046EEF76AFB2A46064626
:10A7300001A904F11400FAF749FA98B12046F2F79A
:10A74000FFFF451E0AD4A36801A91B6853F8250022
:10A75000FFF7D6FF013D18B96B1CF4D17EB120463E
:10A7600002B070BD4FF400212046EBF707FB002834
:10A77000F4D02046F2F7E4FF451EE4D5EEE70020D2
:10A7800002B070BDF8B504466378A04D406A1E075C
:10A7900068602DD42B681B681E69002800F08D802E
:10A7A000E36A33B3A389A188E288C91AE38909B2AD
:10A7B000D21AB4F91C3012B20B4403EBD3735B1002
:10A7C000A383B4F91E30A182134403EBD3735B104F
:10A7D000E383E369E282236250B102212A68FEF733
:10A7E00053FF63789E077ED42B685B7918077DD56D
:10A7F000F8BD4FF40051EBF7C1FA00285DD068684E
:10A80000636A62688342CDD0E26043B118462A6829
:10A810000321FEF739FF63789A0764D46868C4E9B6
:10A8200009000028BED0F9F75BFC00236278606461
:10A8300022F001026270B4F84020A3616FF30802B5
:10A84000E363A4F84020636101212A686868FEF789
:10A850001BFF63789B0746D42E6873791F07C7D404
:10A8600004216868EBF78AFA10B36868736B834257
:10A870001ED0EBF797FA736B0746002B00F0C880E9
:10A880001846EBF78FFA8742034600F0D180706BD1
:10A89000002B00F00A81002800F0BA8010212A68FD
:10A8A000FEF7F2FE73799A0740F1B28000236B60E5
:10A8B00063789F0717D4686874E73046271DFEF752
:10A8C00075FB3946FFF71CFF6860002800F08C809C
:10A8D000A36A002B94D000232046E36101F0F2FA32
:10A8E000637899078BD500236B60F8BD204600F094
:10A8F000B7FF63789907F6D4E26A002A7FF478AF4D
:10A9000094F84120D20759D4666A3EB956E03046E1
:10A91000F2F702FF0646002800F085804FF4004160
:10A920003046EBF72BFA0028F1D12A68B4F914C0AD
:10A9300017688CEAEC73B97EA3EBEC739BB28B4285
:10A94000B4F916E080F08A808EEAEE73A3EBEE7322
:10A950009BB2994240F2828001466144704403B246
:10A9600009B2A187E38781EAE17097F81BC0A0EBE9
:10A97000E17083EAE37780B2A7EBE3776045BFB28B
:10A9800001D8BC454FD2B8426BD90029CCBF0223B5
:10A990000123B4F840101B0121F4F87143F48073D3
:10A9A0000B43A4F8403030460C21FEF76DFE63786F
:10A9B0009F0798D4E26A002A7FF41AAFD80755D5CA
:10A9C000A06CF9F797FB2A681368DB8B98427FF637
:10A9D0000FAF06216868FEF757FE63789B0782D4A5
:10A9E000F9F77EFBA064F8BD3046FEF7D5FA39468C
:10A9F000FFF786FE686000287FF46AAF3046FEF7F6
:10AA0000B7FA3946FFF77CFE686061E764D800203A
:10AA1000D7B16868FFF7FAFB737998073FF546AF3F
:10AA20006B68736344E763789E073FF55CAFC1E7EB
:10AA3000002FEED1706B2A6830B10F21FEF724FE93
:10AA4000737999073FF532AFD5E900200E21FEF763
:10AA50001BFE73799B073FF529AFE1E7A18FE08FDC
:10AA60007BE7002BCCBF0823042392E7606CF9F747
:10AA700041FB2A6813689B8B984207D8E36A002B36
:10AA80007FF4B6AE6378DA079AD4F8BD052168681A
:10AA9000FEF7FAFD637899073FF525AF43F0010310
:10AAA0006370F9F71DFBA064E8E70028B0D00F2120
:10AAB000F5E600BF2DE9F04FC468954E236885B0D8
:10AAC0001969346041B163799D0700F1AB80580783
:10AAD00002D44D69002D58D005B0BDE8F08F08694B
:10AAE000BDF90030D0F800C0BDF902109CF810206C
:10AAF0009E4602F03002202AA382E18200F0848187
:10AB0000302A00F07581102A08D1BCF8022089B2E1
:10AB1000013A521AADF80230ADF80020F9F70AF9FF
:10AB200023681869F9F718F9206D48B12269009B6C
:10AB30009A4205D0BDF90220BDF90010EBF708FFDD
:10AB4000009B201DA3602379012B00F06A81FFF791
:10AB500021FCA3682361346863799B0712D594F8BC
:10AB60004430C4E90B5565F3030384F8443063793A
:10AB7000C4E9125523F00303A562E561256225644B
:10AB800063717560002F00F0BE8069462046F9F7BA
:10AB90007DFA34689DF80F706379990710D523F01A
:10ABA0000303637194F84430C4E90A55C4E91255AB
:10ABB000C4E9075565F303032563256484F844302D
:10ABC0009DF80E202168012A7560227113D00B7840
:10ABD000042B0BD0013B022BBED801A252F823F06C
:10ABE000DFAA011091AC01104FAC0110BDF90C307F
:10ABF000002B00F07D810C69F9F772FAC4F864014A
:10AC0000346821680B78013B032BA5D801A252F8C8
:10AC100023F000BFDFAA0110CDAD01104FAC011031
:10AC200015AD0110002294F8440023F0030362F3F1
:10AC300003006371C4E90A22C4E91222C4E90722AD
:10AC4000DBB284F844002263226472603FE7A36DA4
:10AC5000002B81D0029A53F822809DF80E30012BF0
:10AC600000F0E280637999070DD4C4F808809DF85C
:10AC70000E30201D012B00F03881FFF78BFB63792C
:10AC80009A077FF566AF002234686379726064E7E3
:10AC900063791A0705D523F0090363710023A364C0
:10ACA0002372D4F85480B8F1000F3FF455AF4046FA
:10ACB000FFF754FB706000283FF44DAF8021EBF7A5
:10ACC0006BF8019BE168E3609DF80E9094F808B082
:10ACD000B9F1010F824684F8089000F0B580002891
:10ACE000D1D1B9F1000FCED1BBF1010FCBD10A29DF
:10ACF0003268019100F05A8200226379A26462F303
:10AD000000036371BFE7C6E9007705B0BDE8F08FC7
:10AD100064D800209DF80E206379012A03F0080111
:10AD200060D0002961D0002189466379A16423F0B5
:10AD300009036371019BD4F854802272E360B8F177
:10AD4000000F3FF409AF4046FFF708FB7060002892
:10AD50003FF401AF9DF80E3013B10023ADF80C3075
:10AD60004046FFF7FBFA706000283FF4F4AE9DF810
:10AD70000E30012B00F093801BB9B9F1010F00F0E8
:10AD8000D180BDF90C304FF00009C6F80490002BBB
:10AD90003FF4E1AE4046FFF7EFFABDF90C30002872
:10ADA00040F0AD80002BC0F262813FF4D4AE81460A
:10ADB0004046FFF72FFA637909F1010998073FF53B
:10ADC00062AFBDF90C309945F2DBC4E69DF80E2068
:10ADD0006379012A03F008017FF45AAF00293FF498
:10ADE00060AFBAE600297FF4B8AE94F80890A1E706
:10ADF000BCF80030BCF80220A3EB0E03511A013B53
:10AE000001391BB289B283E6BCF80020D21ABCF823
:10AE10000230013A5B1A013BADF80020ADF8023078
:10AE20007CE6FFF7AFFC94E6B4F910200FFA88F344
:10AE30009A4205D1B4F91230B3EB284F3FF412AF68
:10AE4000201DFFF7A7FA0DE7BBF1000F75D0002812
:10AE50007FF419AFBBF1010F7FF415AF0A2B00F09F
:10AE6000D681637913F0010900F08081E06CF9F775
:10AE700041F92368DB8B98427FF605AFF9F730F98B
:10AE80000199E0640A2900F03B82092900F0308230
:10AE90000B2900F03B824046FFF7EAF9F3E6B9F1EF
:10AEA000000F6AD0B9F1010F7FF46BAF6379DB0754
:10AEB00040F1ED80E06CF9F71DF92368DB8B9842D7
:10AEC0007FF65FAFF9F70CF90199E0640A2900F009
:10AED0000582142900F0988013297DD1BDF80C302B
:10AEE00001331BB2ADF80C304DE7FFF74BFCC6E663
:10AEF000617901F0080100297FF415AF75E7002B97
:10AF000072DB3FF428AE13214046FFF7B1F96379B5
:10AF100009F101099A073FF5B6AEBDF90C30994524
:10AF2000F1DB18E6019B0A2B00F0BE80002362795A
:10AF3000A36463F30002627123E7F9F7D1F8019982
:10AF4000A064092900F0F1800B2900F00381BAF117
:10AF5000000F7FF498AE0A29404600F079811B2942
:10AF60009AD1FFF785F963793268990700F1ED808E
:10AF700020217068FEF788FB85E6F9F7B1F80199A2
:10AF8000A064A1F10A03112B26D801A252F823F0E4
:10AF900017B00110D9AF0110D9AF0110D9AF01100E
:10AFA000D9AF0110D9AF0110D9AF0110D9AF01103D
:10AFB000D9AF0110DDAE011009B00110D9AF0110F9
:10AFC000D9AF0110D9AF0110D9AF0110D9AF01101D
:10AFD000D9AF011043B001104046FFF749F963793A
:10AFE0009B073FF550AECCE614214046FFF740F9F1
:10AFF000637909F1010999073FF545AEBDF90C30B8
:10B000005B429945F0DBA6E5BDF80C30013B1BB275
:10B01000ADF80C30B7E67068EBF754F8002800F094
:10B020000C814046FFF7A8F900283FF4AAAE0121A1
:10B03000D6E90020FEF728FB63799A073FF523AE97
:10B040009FE61B214046FFF713F96379326813F03E
:10B0500002097AD120217068FEF716FB63799A07FE
:10B060007FF58FAE3468C6F80490637975E5814644
:10B070004046FFF7E3F8637909F101099B073FF5C3
:10B0800002AEBDF90C305B429945F1DB63E5A06C83
:10B09000F9F730F823689B8B9842637900F2A78018
:10B0A000D9073FF507AF6CE6EBF70CF838B910217C
:10B0B0007068EAF763FE8146002800F0D4804046BD
:10B0C000FFF75AF9637903F00103002800F0AD801F
:10B0D0002BB14046FFF75CF9012800F2FA80D6E96F
:10B0E00000200821FEF7D0FA94F80590326819F094
:10B0F00002092AD104217068FEF7C6FA94F805A067
:10B1000032681AF0020A6DD107217068FEF7BCFAA6
:10B11000637913F0020940F083800A214046FFF76B
:10B12000A7F8637998079DD400E759464046FFF792
:10B13000BBF84046FFF76EF863799B077FF5A3AD38
:10B140003468C6F804B0637907E5002373601446D9
:10B15000537902E559464046FFF7A6F84046FFF707
:10B160006DF863799C077FF58EADE9E7A06CF8F781
:10B17000C1FF23689B8B9842637913D943F0010385
:10B180006371019B0A2B7FF47EADF8F7A9FF0521BF
:10B19000E064D6E90020FEF777FA63799C077FF533
:10B1A00072AD5FE7D8077FF56EAD5FE60821706886
:10B1B000FEF76AFA63793268990713D4DB0707D47C
:10B1C00004217068FEF760FA637998073FF55BAD7C
:10B1D000D6E900200721FEF757FA637999077FF532
:10B1E0008BAD50E5C6F8049014465379B5E443F0AE
:10B1F00001036371F8F774FF019BE0640A2B4CD0E4
:10B20000637943F001036371BDF90C30BBE50221A2
:10B21000D6E90020FEF738FA63799B077FF521AE67
:10B220003468C6F804A0637997E4002B7FF47EAEFF
:10B2300001214046FFF738F878E610217068EAF7F8
:10B240009DFD00287FF4EDAE4046FFF795F8EEE651
:10B25000FFF70EF863793268980719D44946706889
:10B26000FEF712FA0FE5D6E900200821FEF70CFAE6
:10B27000637932689807B5D4D90731D5D6E900206B
:10B280000721FEF701FA63799A073FF5FCAC4DE61A
:10B29000C6F804A0144653795FE47068EAF712FF19
:10B2A00020B910217068EAF769FDB8B34046FFF78E
:10B2B0006FF80128A4D94046FFF75EF880F001013D
:10B2C000C9B24046FEF7F0FF20217068EAF74CFD56
:10B2D00096E720217068EAF747FD27E60621A7E6F2
:10B2E00004217068FEF7D0F963799B07C6D5CAE4DC
:10B2F00040460021FEF7D8FF4046FEF78BFFC2E430
:10B300000621D6E90020FEF7BFF9BCE44046002143
:10B31000FEF7CAFF4046FEF791FFB4E40521D6E9E7
:10B320000020FEF7B1F9637998073FF5ACAC67E709
:10B330002DE9F04F85B004460E461F460092EDF70A
:10B3400099FF18B9002005B0BDE8F08F1022002148
:10B3500082462046F0F704F91122002101900546AB
:10B360002046F0F7FDF881462046F2F7E9F98046DD
:10B370000028E7D0BAF1010F5ED0BAF1020F00F059
:10B380008E800FFA89F341F6FF7B4FF0000902939C
:10B390002BB20393A3685B491B6853F829502846D6
:10B3A000EAF7F2FC002839D14FF480512846EAF739
:10B3B000E5FC002832D0BAF1030F2FD16B8BEA8A5B
:10B3C00001339B1AC3F3C0313A4401FA83F302EB11
:10B3D00063031AB296429BB220DC009991421DDBB6
:10B3E000628BE18A01320398521A12B2121A029841
:10B3F000121A019802EBD272014401EB62015B1A4E
:10B400001BB28BEAEB7283EAE371A2EBEB72A1EB66
:10B41000E37192B289B2914238BF9B4609F10109AA
:10B42000C845B7D141F6FF739B458BD0CBF10000E7
:10B4300000B205B0BDE8F08F4FF0000941F6FF7B88
:10B44000A36830491B6853F829502846EAF79CFC4A
:10B4500000BB4FF480512846EAF790FCD0B1EB8A4C
:10B460003B441AB2B2429BB214DB00998A4211DC0F
:10B470000199E28A0A449B1A1BB28BEAEB7283EAB7
:10B48000E371A2EBEB72A1EBE37192B289B291424C
:10B4900038BF9B4609F10109C845D1D1C2E74FF039
:10B4A000000A41F6FF7BA36816491B6853F82A502F
:10B4B0002846EAF769FC00BB4FF480512846EAF7BA
:10B4C0005DFCD0B16B8B3B441AB296429BB214DC4C
:10B4D0000099914211DB628B8BEAEB71A9EB0202BE
:10B4E00013441BB283EAE372A1EBEB71A2EBE372AC
:10B4F00089B292B2914288BF9B460AF1010AD045B7
:10B50000D1D18FE7010004002DE9F04F85B004464A
:10B510000E461F460092EDF7A7FE18B9002005B0B1
:10B52000BDE8F08F1222002182462046F0F718F87D
:10B5300013220021019005462046F0F711F88146BC
:10B540002046F2F7FDF880460028E7D0BAF1010F57
:10B550005ED0BAF1020F00F08E800FFA89F341F647
:10B56000FF7B4FF0000902932BB20393A3685B4962
:10B570001B6853F829502846EAF706FC002839D101
:10B580004FF480512846EAF7F9FB002832D0BAF18F
:10B59000030F2FD12B8BAA8A01339B1AC3F3C0311F
:10B5A0003A4401FA83F302EB63031AB296429BB268
:10B5B00020DC009991421DDB228BA18A0132039885
:10B5C000521A12B2121A0298121A019802EBD2728F
:10B5D000014401EB62015B1A1BB28BEAEB7283EA56
:10B5E000E371A2EBEB72A1EBE37192B289B29142EB
:10B5F00038BF9B4609F10109C845B7D141F6FF7331
:10B600009B458BD0CBF1000000B205B0BDE8F08FB8
:10B610004FF0000941F6FF7BA36830491B6853F8DF
:10B6200029502846EAF7B0FB00BB4FF4805128466A
:10B63000EAF7A4FBD0B1AB8A3B441AB2B2429BB248
:10B6400014DB00998A4211DC0199A28A0A449B1AF0
:10B650001BB28BEAEB7283EAE371A2EBEB72A1EB14
:10B66000E37192B289B2914238BF9B4609F1010958
:10B67000C845D1D1C2E74FF0000A41F6FF7BA3686D
:10B6800016491B6853F82A502846EAF77DFB00BB91
:10B690004FF480512846EAF771FBD0B12B8B3B4425
:10B6A0001AB296429BB214DC0099914211DB228BB4
:10B6B0008BEAEB71A9EB020213441BB283EAE3723B
:10B6C000A1EBEB71A2EBE37289B292B2914288BF17
:10B6D0009B460AF1010AD045D1D18FE70100040051
:10B6E0002DE9F0470C462021054690461E469DF860
:10B6F0002070EAF743FB40B3032F28462FD0EDF725
:10B70000B9FD8146FEF7F2FF10220021824628464D
:10B71000EFF726FF1122002107462846EFF720FF0A
:10B72000B9F1020F6ED0B9F1030F46D0B9F1010F94
:10B730002FD1EB8A002E1F443FB2BAF916305ADAE5
:10B740009F422BDA2046BDE8F087E64244BF7642AE
:10B7500034B244452046A8BF4046BDE8F087EDF727
:10B7600083FD8146FEF7C2FF122200218246284651
:10B77000EFF7F6FE1322002107462846EFF7F0FE0A
:10B78000B9F1020F63D0B9F1030F4CD0B9F1010F39
:10B7900041D0002E02DBB8F1000FD3DA002C01DA21
:10B7A000023C24B2002CC4BF023424B2002CB8BF27
:10B7B000033444F38F00BDE8F0876B8BEA8A0133D2
:10B7C0009B1A1BB23A443FB2DB1B00B21B1A03EBBD
:10B7D000D37302EB630217B2BAF81630BAF81A2024
:10B7E0000132D21AC2F3C03101FA82F203EB6203D2
:10B7F000002E1BB2A4DBB8F1000FA3DA9F42CDDD0F
:10B800002046A0E76F8B002EA7EB0007BAF91A308D
:10B810003FB2F0DA94E7AB8A002E1F443FB2BAF988
:10B820001430E8DA8CE72B8BAA8A01339B1A1BB2FF
:10B830003A443FB2DB1B00B21B1A03EBD37302EB9B
:10B84000630217B2BAF81430BAF81820C8E72F8B81
:10B85000002EA7EB0007BAF918303FB2CBDA6FE73A
:10B860004369002B00F095802DE9F04FC56A04462E
:10B870008DB0002D00F0B680A9464FF480764FF0D1
:10B8800000086E2200214846EFF76AFE03466D224B
:10B890004344002148469FB20FFA83F8EFF760FE59
:10B8A00003461BB2002BB8BFFF331B1213FB06F37A
:10B8B00048461EB2F1F730FF81460028E1D1B8F1C9
:10B8C000000F02D1B6F5807F0DD04FF480320023F7
:10B8D00092FBF6F279420B9309B20BAB04F1140020
:10B8E00012B2F9F793FC94F84060284606F00F0670
:10B8F000032E4FD0EDF7D4FC06462846EDF7D8FCD2
:10B900000C21009103463246B4F916102846FFF781
:10B91000E7FE06462846EDF79FFC10F0040355D0DD
:10B9200000231F4602075CBF26EAE67636B232469F
:10B93000B4F91A00B4F9361002448A4202DA091A3C
:10B940000EB23218B4F93A108A42C4BF091A0EB2C4
:10B95000B4F91810B4F934200B44934202DA521AA5
:10B9600017B27B18B4F9382028469342C4BF521A44
:10B9700017B239463246EFF75DF963789B0705D475
:10B98000228B638B17441E44278366830DB0BDE86A
:10B99000F08F7047EEF764F907462846EEF74CF94A
:10B9A00000963B460246B4F914102846FFF798FE6D
:10B9B00007462846EDF750FC10F001030CD010F0BC
:10B9C000020600F0C5813B460026ABE7002E07DDEE
:10B9D0001A461F461E46ABE7002F40F3D0811E4695
:10B9E0001F469FE7FEF77AFD0368228B1B7EA18A24
:10B9F00004930A441BB205932283638BE28A666A2E
:10BA000013446383002EC1D0A246A9462C46039559
:10BA10000295002337464FF480789B460A936E22A6
:10BA200000213846EFF79CFD6D2200EB0B0300214F
:10BA300038469DB20FFA83FBEFF792FD0346384676
:10BA40001BB208FB03F8F1F767FE4FEA2828074608
:10BA50000028E4D1DAF818300B93BBF1000F02D1C3
:10BA6000B8F5807F09D04FF48032694292FBF8F23A
:10BA700009B20AAB0BA8F9F7C9FBBDF92C20BDF937
:10BA80002E30002AB8BF5242002BB8BF5B4292B2A0
:10BA90009BB29A424FF0100130468CBF01244FF008
:10BAA0000109EAF76BF9002840F08A804FF48071B1
:10BAB0003046EAF763F900B95CB94FF400713046DB
:10BAC000EAF75CF9002840F01381B9F1000F00F0AB
:10BAD0000F815446029D002D3FF458AF002694F884
:10BAE0004030039A802162F303032846E56284F81C
:10BAF0004030A661EAF742F9002800F02E8128467E
:10BB0000EDF7B8FB022800F0C081032800F0A68101
:10BB1000012840F09D81E98A3346013141F6FF72E8
:10BB200009B22846FFF704FC3346EA8AAC49013AD9
:10BB3000E08612B22846FFF7FBFB034628466387E0
:10BB4000EDF792FB022800F07181032800F051818B
:10BB5000012840F04781002341F6FF72B5F9141027
:10BB60002846FFF7D1FCB5F914200023A0869C4994
:10BB70002846FFF7C9FC2087B4F93430002B40F089
:10BB80001A814EF20102B4F93830A28613B941F697
:10BB9000FF732387B4F9363013B94EF20103E386FD
:10BBA000B4F93A3013B941F6FF73638709210022D3
:10BBB0002846FDF769FD637899073FF5E7AE5BE638
:10BBC0003046EDF749FB0746C7F3400323403046B4
:10BBD0000693EDF765FB09903046EDF769FB089099
:10BBE0003046EEF729F807903046EEF739F8DDE9F0
:10BBF0000721099BC7F38005C7F3C008002B8346C4
:10BC000009EA050507EA040709EA080878DD2DB105
:10BC1000BDF92EC00598844580F2A980B8F1000FC7
:10BC20000DD00498BDF92EE0C0F1000CE645029855
:10BC3000D8BF304602900398D8BF0C200390002A4A
:10BC40007ADD2FB1BDF92CC00598844580F2938030
:10BC5000069868B10498BDF92CE0C0F1000CE645E7
:10BC60000298D8BF304602900398D8BF03200390B3
:10BC7000002BD4BF002505F001050029D4BF002307
:10BC800008F00103002A40F38680BBF1000F40F367
:10BC900086802FB1BDF92C2005998A4280F28680DA
:10BCA000069A2AB1049ABDF92C10524291426DDDD8
:10BCB00025B1BDF92E2005998A4267DA2BB1049B84
:10BCC000BDF92E205B429A4260DD4FF48071304610
:10BCD000EAF754F810B9002C7FF4FBAE4FF4007172
:10BCE0003046EAF74BF818B9B9F1000F7FF4F1AE1E
:10BCF0003046F1F711FD064600287FF48AAEE8E6EB
:10BD0000002984DC002A66DD002F57D0BDF92CC045
:10BD10000598844552DB03223B46544603925B421E
:10BD200094F8402003F00F0383F00C0363F3030245
:10BD3000354684F84020CEE6BBF1000F81DC002BB5
:10BD400040F3B8800029D4BF002308F00103AFE717
:10BD500027EAE7773FB23B46E4E541F6FF73204A26
:10BD600004F1340011460093F8F76EFD04E70C204F
:10BD70000296039063E703200296039078E710F0A1
:10BD8000020200F094801E463B46CBE5029D23460E
:10BD90002E465446C3E7BBF1000F81DC88E7002F35
:10BDA00086D0BDF92C2005998A4281DB029D3B4655
:10BDB00054462E46B3E7B4F93830E7E60698002833
:10BDC0007FF448AF002F80D0BDF92C30059A934204
:10BDD000FFF67BAFEAE700283FF733AF75E700BF18
:10BDE00001E0FFFF4EF2010241F6FF73A2862387B6
:10BDF000D0E62A8BAB8A0132D21AC2F3C03101FAE3
:10BE000082F203EB62039EB2711C002341F6FF72C3
:10BE100009B22846FFF778FB721EA0860023284649
:10BE2000274912B2FFF770FB2087A5E6002341F6F1
:10BE3000FF72B5F918102846FFF766FBB5F9182010
:10BE40000023A0861E492846FFF75EFB208793E665
:10BE50004EF2010241F6FF73E2866FE66A8BEB8ACF
:10BE60000132D21AC2F3C03101FA82F203EB62034B
:10BE70009FB2791C334641F6FF7209B22846FFF79C
:10BE800057FA33460E497A1E52E6334641F6FF72A0
:10BE9000B5F91A102846FFF74BFA3346B5F91A20C0
:10BEA0000749E0862846FFF743FA034646E613466D
:10BEB0001E4695E50029D4BF002308F00103FDE6E6
:10BEC00001E0FFFF2DE9F04FC66A83B026B190F87C
:10BED000403004461B0702D103B0BDE8F08FFEF7E7
:10BEE000FDFA07463B68402130465D7EE9F746FF94
:10BEF00000B9E0613046EDF7B7F980463046EDF71E
:10BF0000B9F994F840A081460AF00F0ABAF10C0F73
:10BF10007DD0BAF1030F1BD0E369002BDCD10028E0
:10BF200061D0B8F1000F00F00D813A460A21304689
:10BF3000FDF7AAFB637813F00203CDD194F84020FB
:10BF4000E36263F3030284F8402003B0BDE8F08F9E
:10BF50004FF0000BA4F81EB0B8F1000F00F0C6803F
:10BF6000B4F91C50FEF7BAFA0368597E002D00F0B0
:10BF700019815B468C48C1F164012B4401FB05F536
:10BF800080FB05C2ED17C5EB62152DB21BB2002D6B
:10BF9000F3D100211A46B4F91800A183B4F9341082
:10BFA00002448A4202DA091A0BB21A18B4F938109C
:10BFB0009142BEBF091A8DB20BB241F6FF727B49A6
:10BFC0003046A8BF9DB2FFF79FFA2918012300222F
:10BFD000304609B2EDF786FEE369002B7FF47CAFB3
:10BFE000B9F1000FA1D13046EDF75AF905463046B8
:10BFF000EDF75EF9002D40F3B980002891DA424256
:10C0000001230021304612B2EDF76CFE89E74FF0B4
:10C01000000BA4F81CB040BBB4F91E30C5F1640598
:10C0200005FB03F3604A304682FB0312DB17C3EBC8
:10C030006213E383EDF73CF905463046EDF730F93E
:10C04000CDF800A002462B46B4F91E103046FFF78B
:10C0500047FB02464B4649463046E283EDF742FE37
:10C06000E369002B7FF438AFBDE7B4F91E50FEF74B
:10C0700035FA0368597E002D00F092805B464A48ED
:10C08000C1F164012B4401FB05F580FB05C2ED17EE
:10C09000C5EB62152DB21BB2002DF3D100211A465B
:10C0A000B4F91A00E183B4F9361002448A4202DA84
:10C0B000091A0BB21A18B4F93A109142BEBF091A04
:10C0C0008DB20BB241F6FF7238493046A8BF9DB21F
:10C0D000FFF72EF92A1801230021304612B2EDF79E
:10C0E00001FEE369002B7FF4F7AE1AE7B4F91C30C8
:10C0F000C5F1640505FB03F32B4A304682FB0312AE
:10C10000DB17C3EB6213A383EDF796FD05463046BC
:10C11000EDF7A6FDCDF800A003462A46B4F91C10A1
:10C120003046FFF7DDFA0146434642463046A183DA
:10C13000EDF7D8FDE369002B7FF4CEAEB9F1000F27
:10C140003FF451AF3046EDF777FD05463046EDF749
:10C1500087FD002D17DD0028BFF6E7AE4142012321
:10C160000022304609B2EDF7BDFDDEE600287FF77C
:10C17000D8AE002D3FF4D5AE2A460123002130462B
:10C18000EDF7B0FDCDE600287FF7CFAE002D3FF4F0
:10C19000CCAE0123294600223046EDF7A3FDC4E6CC
:10C1A0002B467BE72B46F4E61F85EB5101E0FFFFB2
:10C1B00008B303291CD00C2918D1B0F92620036834
:10C1C000597E9AB1002010B40B4CC1F1640101FBFF
:10C1D00002F3104484FB03C2DB17C3EB62131AB2F1
:10C1E00000B2002AF3D15DF8044B7047002070477D
:10C1F000B0F92420E3E770471F85EB5138B5B0F95B
:10C2000018200D460023B0F914100446FFF77CF9FE
:10C21000B4F91A2000232880B4F916102046FFF73D
:10C2200087F8688038BD00BF704700BF2DE9F04730
:10C230001F460A98BDF92490B0F900404088BE8896
:10C2400019FB0040B3F90030B7F902400136F61A85
:10C2500002FB043301EB430AB7F90630089DA34201
:10C2600005EB400512DB36B276004FEA42084FEA92
:10C270004909294650463246FAF786FB0134B7F998
:10C28000060024B2A042C2444D44F2DABDE8F08771
:10C2900038B50C4658212046FAF71AFE2C21104AD0
:10C2A000104B1148C4E90432E164104A1049114BA3
:10C2B0002063C4E909231048104A114BA1611149B8
:10C2C000C4E90E23104D114A114BE062616311481D
:10C2D00011492562C4E91001A264636538BD00BF3D
:10C2E000C1C30110610F0210550402105DF001106E
:10C2F00019E40110E9F80110312302102DC20110D8
:10C300009DE9011029C2011081EB011079EB0110A8
:10C3100005D4011095EA0110F1EA011008465821F0
:10C32000FAF7D6BD2DE9F8438146C0F15A0000B2B4
:10C33000A1EB5208174656081D46F9F7B9FF044607
:10C340004846F9F7B5FFFA4308FB04F408FB00F18F
:10C35000E411002C4FEAE11102F0010217DD7F3CED
:10C36000C4F30F24931B234434441BB224B200298A
:10C37000AC802B8017DD7F39C1F30F21921B0A445B
:10C38000314412B209B2E9806A80BDE8F8837F3493
:10C39000C4F30F24B01A2044A41B23B2002904B212
:10C3A000AC802B80E7DC7F31B21AC1F30F218E1BEA
:10C3B000114409B232B2E9806A80BDE8F88300BF57
:10C3C0002DE9F04F9B460B7BD7B0022BBDF8807157
:10C3D000BDF88451029040F23C81B1F902308946A7
:10C3E0000693002B00F03581AF4200F032815B45AF
:10C3F000C8BF0FFA8BF32DA89246C8BF0693F5F776
:10C40000B5FD99F80D30D9F80820C3F301038DF874
:10C41000B63099F80C30002A00F05A818DF8CE30F1
:10C4200000233192002188460C46BAF800C00BF177
:10C43000FF3292B20CEB0206BAF802008DF8B73068
:10C44000ACEB0B0CB9F80230B6B21FFA8CFCA6EBC1
:10C45000030E02440396A0EB0B000CEB030680B224
:10C46000B6B292B20596C6180492D31AB2B21FFAA7
:10C470008EFE0792059A0EF10106B61A6CF30F01B3
:10C4800032B260F31F410892129107F5B47203991A
:10C490000992049A61F30F0862F31F482246059936
:10C4A000089861F30F0407999BB26EF30F0261F3D2
:10C4B0001F4463F31F42002812AECDF84C80149441
:10C4C000159205DD01335B1A1BB2002B00F3C4800B
:10C4D0000DF18008002347F6FF7231464046F5F71C
:10C4E000DDF900214046F4F7BBFB07F5B4739D422C
:10C4F000049000F0598205F5B473BB4200F05482F9
:10C50000002308934FF0FF33059302E0A7F5B477BB
:10C51000BFB2B7F5B47FF9D2B5F5B47F05D3A5F5B1
:10C52000B475ADB2B5F5B47FF9D22AB200923BB280
:10C53000BAF9001009923BA8BAF902200A93F5F75C
:10C5400079F800213BA8F4F78BFBAF42029A38BF81
:10C55000EB1B926834BFC3F5B4737B1B3C2B079075
:10C56000039203DDBBF10A0F00F2BB803246029852
:10C570002DA9F5F721FD3BA8F4F7E0FC4046F4F7C0
:10C58000DDFC089B002B40F0A8800798F4F722FC04
:10C590000498F4F71FFC059B581C02D01846F4F7CA
:10C5A00019FC99F80D30590753D59DF8185016AC61
:10C5B0000FFA8BFB23462A4659460A98FFF7B2FE2C
:10C5C00000221146BAF800302088184460F30F02A8
:10C5D000A088034463F30F016088BAF8023018445E
:10C5E00060F31F422260E28818A8134463F31F41DE
:10C5F000179122460399F8F7ADF9002840F001821F
:10C600002A46594623460998FFF78CFE0022104619
:10C61000BAF800102588BAF802300D4465F30F020D
:10C62000A588294461F30F006188194461F31F4212
:10C630002260E2880399134463F31F401790224657
:10C6400018A8F8F787F9002840F0C081DDE9023228
:10C650009A6057B0BDE8F08F012347F6FF7214A926
:10C660001AA8F5F71BF900211AA8F4F7F9FA0DF149
:10C67000800847F6FF720023314605904046F5F7E3
:10C680000DF900214046F4F7EBFA07F5B472954234
:10C69000049004D005F5B473BB4240F0F58047F632
:10C6A000FF73324602982DA9ADF8B430F5F784FC3B
:10C6B0000498F4F78FFB059B013302D00598F4F73B
:10C6C00089FB4046F4F73AFC1AA8F4F737FCC0E7B8
:10C6D000B9F80020ADF8B820A4E61AA8F4F72EFCAB
:10C6E00053E7B94A7B08A2FB0313C3F34F130B9321
:10C6F0006B08A2FB03230FFA8BF0C3F34F13592FE0
:10C700000C930E9040F2C380592D40F2E2811A46FC
:10C710000B9B934200F07583022B00F00B84032BDC
:10C7200000F021820C9B012B40F0328526AB0D934B
:10C730000E9B069AAF42A3EB0204C0F0B684BAF88F
:10C740000030BAF90220A3EB0B030A98ADF8983039
:10C75000ADF89A200F92F9F7ABFD0E9B0F9A03FBF1
:10C7600000F302EBE333ADF89E30BAF8002007F196
:10C770005A0318B20F92F9F79BFD04FB00F30F9ACE
:10C780000D9902EBE3330846039AADF89C30F8F7B5
:10C79000E1F8002840F07C840C9B012B00F0BC8069
:10C7A000DDE902329A600C9B022B40F045810E9B22
:10C7B000069A9C1A26AB0D93BAF80230BAF80020FC
:10C7C000013B05F15A00ADF89E3000B2A2EB0B031D
:10C7D0001092ADF89830F9F76BFD2246034602FB44
:10C7E00003F3109A099802EBE3330F94ADF89C30F1
:10C7F000BAF80240F9F75CFD0E9B0D9903FB00F3BC
:10C8000004EBE334ADF89A40039C08462246F8F75F
:10C81000A1F8002840F02B84029B9C600B9B032B0B
:10C8200000F033840B9B022B00F0B9840B9B012B8F
:10C8300040F0B680592D00F2B38026AB0D93002452
:10C840002546BAF900E0BAF802300D990BEB0E0755
:10C85000A3EB0B0C6EF30F04013B67F30F056CF3B6
:10C860001F4463F31F450846039A26942795F8F75B
:10C8700071F8002800F0948002980D9B3246836086
:10C880002DA9F5F799FB8BE00123089341E607F109
:10C890005A0319B2069B592DBAF80220A0EB0304E3
:10C8A00002D8AF42C0F05282BAF800300A98ADF810
:10C8B00098300BEB02030F910D92ADF89E30F9F713
:10C8C000F7FC034604FB03F30D9A0F9902EBE333E5
:10C8D000BAF800200846ADF89A300D92F9F7E8FC56
:10C8E0000E9B0D9A00FB03F302EBE333ADF89C3093
:10C8F00026AB19461846039A0D93F8F72BF8002833
:10C9000040F0E182592D40F2E880DDE902329A6080
:10C910000C9B012B40F02F81BAF80030BAF80220AE
:10C92000013BADF89C3009980BEB02030F92ADF878
:10C930009E30F9F7BDFC04FB00F30F9A05F15A0095
:10C9400002EBE333BAF8002000B2ADF89A3010924F
:10C950000F94F9F7ADFC0E9B109A03FB00F30D99B1
:10C9600002EBE3330846039AADF89830F7F7F2FF8D
:10C97000029B002840F0FD82039A9A600B9B022BD9
:10C9800000F03081012B00F01284592F00F2CC818D
:10C99000DDE902329A60DDE90B32934200F0298230
:10C9A000DDE902329A60E6E547F6FF733246029807
:10C9B0002DA9ADF8B430F5F7FFFA0498F4F70AFAA8
:10C9C0004046F4F7BBFA44E6B7600BB621460023B5
:10C9D00047F6FF7226A8F4F761FF002126A8F4F7B6
:10C9E0003FF90446029B18AA18469A602DA93246C0
:10C9F000F5F7E2FA2046F4F7EDF926A8F4F79EFAE7
:10CA000024E6002347F6FF72214626A8F4F746FFE6
:10CA1000002126A8F4F724F90746029B18AA184615
:10CA20009A602DA93246F5F7C7FA3846F4F7D2F9DD
:10CA300026A8F4F783FAE3E50B9A9A4200F0D18135
:10CA4000592F00F26D81032BAAD126AB0D93002440
:10CA5000A646BAF80020BAF80230A2EB0B010F91FB
:10CA600002F1FF3CA3EB0B02013B11930F9B1092D1
:10CA700063F30F04109B0D9863F31F44119B6CF339
:10CA80000F0E63F31F4E0146039A2694CDF89CE0E7
:10CA9000F7F760FF002840F03382DDE902329A6048
:10CAA0000B9B032B00F002810C9B032B00F04981B0
:10CAB000DDE90B32934200F039820B9B022B7FF4AD
:10CAC000B5AE592D7FF6B9AE0C9B012B7FF468AF44
:10CAD000B3E6069A26AB841A0D93BAF80030BAF979
:10CAE00002205B440998ADF89C30ADF89A200F9273
:10CAF000F9F7DEFB0E9B0F9A03FB00F305F15A00DA
:10CB000002EBE333BAF8002000B2ADF89E300F928A
:10CB1000F9F7CEFB04FB00F30F9A0D9902EBE33318
:10CB20000846039AADF89830F7F714FF029B0028E7
:10CB300040F0D581039A9A600B9B012B3FF4FFAD27
:10CB4000DDE90B32934200F0E381592F00F2A4811A
:10CB50000C9B023B012B0CD9DDE90232AF429A60FB
:10CB60003FF673AF14E7032A40F05D81AF4240F215
:10CB7000508126AB0D930024A646BAF80030BAF9CE
:10CB800002C0A3EB0B020F92013B10930F9B0BEB28
:10CB90000C0163F30F04109B119163F30F0E0D98BA
:10CBA000119B6CF31F4463F31F4E0146039A2694B6
:10CBB000CDF89CE0F7F7CEFE002840F09981DDE942
:10CBC00002329A600B9B022B7FF4EDAD0E9B069A0E
:10CBD0009C1A0C9B0F94022B02D1AF42C0F0D28161
:10CBE00026AB0D93BAF80230BAF80020A3EB0B0382
:10CBF000ADF89A3007F15A0318B2531E1092ADF8EF
:10CC00009C30F9F755FB0E9B109A03FB00F302EBE7
:10CC1000E333BAF802200A98ADF898301092F9F789
:10CC200047FB04FB00F3109A0D9902EBE33308462F
:10CC3000039AADF89E30F7F78DFE002840F08B8206
:10CC40000C9B022B3FF4B8ADDDE902329A600C9BDD
:10CC5000032B7FF436AFBAF80230BAF9004005F181
:10CC60005A00A3EB0B0300B2ADF89A30ADF8984030
:10CC7000F9F71EFB0E9B00FB03F3099804EBE3346A
:10CC8000ADF89C40BAF80240F9F712FB0F9B00FB8D
:10CC900003F304EBE334ADF89E400D99039A084684
:10CCA000F7F758FE00283FF47BAEE5E50E9A0699AB
:10CCB00007F15A03541A0C9A0F94032A02D1AF4277
:10CCC000C0F0A38118B2BAF80230BAF80040013BB4
:10CCD000ADF89E300BEB0403ADF89C30F9F7E8FAA1
:10CCE0000F9B03FB00F30A9804EBE334ADF8984084
:10CCF000BAF80240F9F7DCFA0E9B0D9903FB00F33A
:10CD0000039A04EBE3340846ADF89A40F7F722FEA5
:10CD1000002840F018820C9B032B7FF441AE9AE769
:10CD20000B9B012B00F01381DDE902329A600B9B13
:10CD3000032B00F025820C9B032B40F0F48026ABE4
:10CD40000D930E9B069A9B1A0F9384E70A980F92F5
:10CD50000D91F9F7ADFA034604FB03F30F9A0D9911
:10CD600002EBE333BAF800200846ADF89A300D9292
:10CD7000F9F79EFA0E9B0D9A00FB03F302EBE333E7
:10CD8000BAF802200998ADF89C300D92F9F790FAA4
:10CD90000E9B0D9A00FB03F305F15A0002EBE333FF
:10CDA000BAF8002000B2ADF89E300D92F9F780FA83
:10CDB00004FB00F30D9A02EBE333ADF8983026AB99
:10CDC00019461846039A0D93F7F7C4FD00283FF45F
:10CDD000C3AE02980D9B324683602DA9F5F7ECF89F
:10CDE000BAE6AF423FF631AE592F99D8DDE90232AB
:10CDF0009A60AF423FF621AD0B9B022B7FF4D0AD82
:10CE000018E5AF420FD8022B3FF49FAE032B7FF4FF
:10CE100089ACDDE902329A60AF423FF616AE592F77
:10CE20007FF613AE80E700231C46BAF900E0BAF99A
:10CE300002C00BEB0E026EF30F030F926CF31F4355
:10CE40000BEB0C0026930F9B109063F30F04109BC9
:10CE500026A963F31F440846039A0D912794F7F718
:10CE600079FD002840F08481DDE902329A600B9B55
:10CE7000012B0C9B05D0012B0AD10E9B069A9C1A04
:10CE80004AE5012B3FF454AC0E9B069A9C1A56E4DB
:10CE90001A460B9B93423BD00B9B032B7FF48FAE28
:10CEA0000C9B022B3FF465AEDDE902329A600C9BCD
:10CEB000032BB1D00E9A069907F15A03521A0F921A
:10CEC00026AA0D92FEE6029B0D9A18469A602DA99D
:10CED0003246F5F771F8592D3FF617ADFDE50D9A7D
:10CEE00018469A602DA93246F5F766F8029B21E6AE
:10CEF00002980D9B324683602DA9F5F75DF85EE63A
:10CF000002980D9B324683602DA9F5F755F8C4E5CC
:10CF1000AF423FF630AE592FBED80C9B023B012BDF
:10CF20003FF636AD27E6022B7FF4CBADAF423FF69E
:10CF300084ACC2E5012A3FF476AF022A00F0628198
:10CF40000E9B069A9C1A26AB0F940D934AE60C9BF7
:10CF5000032B3FF47AAD592D7FF677ADDDE9023230
:10CF60009A600C9B012B7FF41BADAF423FF665AC82
:10CF700060E40D9A18469A602DA93246F5F71CF820
:10CF8000029BF9E407F15A0000B2BAF90070F9F710
:10CF90008FF90E9B00FB03F30A9807EBE333ADF820
:10CFA0009830BAF80270F9F783F904FB00F3099896
:10CFB00007EBE333ADF89E30BAF80270F9F778F971
:10CFC0000E9B00FB03F305F15A0007EBE33300B2BD
:10CFD000BAF80070ADF89A30F9F76AF904FB00F37B
:10CFE000039C07EBE333ADF89C3026AB1946224691
:10CFF00018460D93F7F7AEFC002840F0F480029B32
:10D00000592D9C607FF61BACCAE418B2BAF90070C7
:10D01000F9F74EF904FB00F30A9807EBE333ADF898
:10D020009830BAF80270F9F743F903460E9A05F101
:10D030005A0002FB03F300B207EBE335ADF89A5058
:10D04000BAF80050F9F734F90E9A00FB02F3099888
:10D0500005EBE335ADF89C50BAF80250F9F728F922
:10D0600004FB00F305EBE335ADF89E5015E6029C9A
:10D070000D9A2046A2602DA93246F4F79DFF0B9B26
:10D08000039A032BA2607FF4CDAB07F15A0319E694
:10D09000029B0D9A18469A602DA93246F4F78CFF30
:10D0A0000C9A012A7FF47CAB36E4BAF902200A9884
:10D0B0000F92F9F7FDF80E9B0F9A00FB03F302EBBA
:10D0C000E333ADF89E30BAF8002007F15A0318B2E6
:10D0D00010930F92F9F7ECF804FB00F10F9A0998FE
:10D0E00002EBE132ADF89C20BAF802200F92F9F77A
:10D0F000DFF804FB00F10F9A05F15A0002EBE13270
:10D10000ADF89A20BAF8002000B20F92F9F7D0F8E3
:10D110000E9B0F9A00FB03F102EBE1320D99ADF883
:10D1200098200846039AF7F715FC109B002845D174
:10D130000B9901293FF412AFDDE902020329826055
:10D140007FF4B6ACB7E502980D9B324683602DA9FB
:10D15000F4F732FFDFE50D9B0298324683602DA97C
:10D16000F4F72AFF0C9B022B7FF46EADFFF724BB74
:10D1700002980D9B324683602DA9F4F71DFF73E6DC
:10D180000E9A069907F15A03541A26AA0D9292E5AF
:10D190000E9B069A9C1A26AB0D93FFF7D0BAAF42AE
:10D1A0003FF64DAB592D7FF64AABFFF7F9BBAF42C7
:10D1B0003FF64DAC592F7FF6EBABCCE602980F93C0
:10D1C0000D9B324683602DA9F4F7F6FE0B9B012BD5
:10D1D0000F9B1BD0DDE9022191600B9A032A7FF49B
:10D1E00067AC0F946EE5029C0D9A2046A2602DA9B3
:10D1F0003246F4F7E1FE039A592DA2607FF61FAB89
:10D20000FFF7CEBBAF423FF6B4ACDFE4DDE902325C
:10D210009A60AAE6022A3FD9034610B5C1F3C4209A
:10D22000C3F3C4242044C1F3451CC3F34514A444F0
:10D230001F2803F01F0401F01F0EA64428BF1F2063
:10D24000BCF13F0F28BF4FF03F0CBEF11F0F28BFAE
:10D250004FF01F0EFF2A00F01F040CF03F0C0EF0E1
:10D260001F0E1BD06EF304036CF34A1364F3CF2339
:10D2700008040F4C10FA81F1180410FA83F32140CE
:10D28000234004325B1AD20803FB02F201EB521076
:10D29000204040EA104010BD084670474FF00000A3
:10D2A0006EF304006CF34A1064F3CF2010BD00BF8E
:10D2B0001FF8E007022A39D9034610B5C3F3C4208A
:10D2C000C1F3C424241A24EAE474C1F3451004F021
:10D2D0001F0EC3F34514001B20EAE07003F01F0C7F
:10D2E00000F03F0401F01F00A0EB0C0020EAE0700A
:10D2F000FF2A00F01F0C1BD06CF3040364F34A13E5
:10D300006EF3CF2308040F4C10FA81F1180410FAC1
:10D3100083F32140234004325B1AD20803FB02F25C
:10D3200001EB5210204040EA104010BD0846704703
:10D330004FF000006CF3040064F34A106EF3CF204A
:10D3400010BD00BF1FF8E007022A35D9034610B50B
:10D35000C1F3C420C3F3C42414FB00F403F01F0082
:10D360004FEA541E01F01F0410FB04F0C1F34514F2
:10D370004FEA501CC3F3451010FB04F0FF2A4FEA9C
:10D3800090141BD06CF3040364F34A136EF3CF23A1
:10D3900008040F4C10FA81F1180410FA83F32140AD
:10D3A000234004325B1AD20803FB02F201EB521055
:10D3B000204040EA104010BD084670474FF0000082
:10D3C0006CF3040064F34A106EF3CF2010BD00BF6D
:10D3D0001FF8E0070B7E022B00D8704730B583B0F2
:10D3E0000C460546826809686846F7F7B3FA38B113
:10D3F0006B6B0BB128469847214628466B6D9847C2
:10D4000003B030BDCB682DE9F04F1A4693B00693B8
:10D410000D4680460B7C02B18BB1012B069B08BFE9
:10D420000023D8F80460D8F80820296810A8B6F9B5
:10D4300004700693B6F90060F7F78CFA10B913B0D0
:10D44000BDE8F08FF1F762F9D8F8003002680137D3
:10D450000593D369BF1B81463FB2002B00F07E814C
:10D460006B680893002B00F077812B68BDF94210A0
:10D47000B3F900609888B3F902300130C91ABDF9D8
:10D480004030801B04B29B1B04FB0133089901EB65
:10D4900043030893069B002B00F05B81137C1B0762
:10D4A00040F189806869BDF942208388B0F9001095
:10D4B00001335B1A1EB2B0F90200BDF94030121AF6
:10D4C0005B1A06FB0233069A07961A440692D8F8AE
:10D4D000043010A85A8819885242494212B209B23F
:10D4E000F7F71CFAD9F80030D5F80480DB6995F815
:10D4F0001890002B00F0BA80B8F1000F6FD0F1F750
:10D5000005F9BDF84480BDF84610BDF84030BDF8BF
:10D510004220834608F1010801310698A8EB030870
:10D52000891A0FFA88F809B2002800F0A9810029A9
:10D5300085DDB8F1000F4FEA440080DD4FF0000CAC
:10D54000DDF818A006976746CDE90A100898CDE9DE
:10D5500008A00AF1FF3605460024BA4616F8013F36
:10D56000ABB103FB09F3BDF842201B0ADBF8000056
:10D5700002932F88BDF84010524412B263180092F3
:10D58000ADF80470C7691BB2DDE90512B847013474
:10D59000A04505F10205E1D15746079BDDF820A023
:10D5A00009989A440B9B013718440A9BBB42CED181
:10D5B00013B0BDE8F08F6869F7F782F9011E7FF7B5
:10D5C00071AF069B013B194413F8012F802A4FF0DD
:10D5D000FF3298BF002299421A70F5D162E7B5F880
:10D5E00008A0F1F793F806998346BDF94620BDF9E6
:10D5F0004230002900F02482BDF844600132D21A82
:10D60000BDF8403012B20136F61A002A36B27FF762
:10D6100016AF002E7FF713AF0897069F09920024DC
:10D620007D1E069715F8013FA3B103FB09F31B0A02
:10D63000DBF800000293BDF84230ADF804A043448B
:10D640001BB20093BDF84030089A23440599C7697E
:10D650001BB2B8470134A642E4D1079B069F08F1EC
:10D6600001081F44099B4345D9D1E8E6BDF8442091
:10D67000BDF84010BDF846300132521ABDF84210D4
:10D6800001335B1A1BB20A936B7E91B20B910FFAB6
:10D6900082FB002B79D1B8F1000F00F02B81069AA4
:10D6A000002A00F08383B9F1FD0F0A9A00F2F48199
:10D6B000002A7FF7C4AEBBF1000F4FEA47074FEADD
:10D6C00044087FF7BCAE9C46059BBA4803EB410E6D
:10D6D0009A4613464146DDF820B0DDF818805D46D5
:10D6E0005446CDE9058A08F1FF3616F8012FFAB144
:10D6F000FC2A8CBFC84619FB02F8B5F800A02288A6
:10D7000098BF4FEA182802EB02420AEB0A4A02408D
:10D7100008F104080AEA000AAAEB020A4FEAD8084C
:10D7200008FB0AFA02EB5A12024042EA1242228035
:10D730000234A64505F10205D7D1DDE9058A079A2D
:10D740000CF1010C9C45BA448B449044BE44C6D1B4
:10D7500075E61E460793BAE61C469BE6D8F8041009
:10D76000BDF94230B1F902001B1AB1F90000BDF950
:10D77000401007FB03F3091A107C400677D40B44D2
:10D78000059901EB430305936AE6013BDBB2B8F16F
:10D79000000F00F0D980022B3FF651AE864A52F8B6
:10D7A00023300993059BB3F80080089B1D88069BD6
:10D7B000002B00F044831B784146FC2B8EBF4B4668
:10D7C00019FB03F31B0A1A460C932846099B98473A
:10D7D0000A9B002B7FF733AE6300BBF1000F4FEACB
:10D7E000470A0D937FF72BAE0027059B0B9AC44683
:10D7F00003EB42012A463D460F4651469E46069C93
:10D80000DDF820B00C9B04F1FF38CDE90B1576460E
:10D81000CDE9054EDA4645469E461146CDF820B084
:10D820000EE0594620464246099B98472146DC4671
:10D83000C64630800236B7420AF1020A00F0DB80A9
:10D8400015F8012F002AF5D0FC2A98BF19FB02F227
:10D85000BAF800408CBFC8464FEA12288C42B6F88E
:10D8600000B0DED1DC45DCD1F045DAD1DEE701EBFA
:10D87000410103EB43030B44059919440591EFE57E
:10D8800000297FF7DCADB8F1000F4FEA44007FF7C5
:10D89000D6AD069E0991089908900D460024CDE961
:10D8A00006161FFA86FA03E0BDF84030BDF84220A4
:10D8B000DBF80000CDF8089035F8021B524412B294
:10D8C000ADF80410009223443A460599C6691BB28C
:10D8D0000134B047A045E7D1DDE90616089B0136C3
:10D8E0001944099BB3423FF4AAADBDF84030BDF8DE
:10D8F0004220D2E72A890792069A002A00F069831B
:10D90000079AB9F1FC0F02EB0242099240F2008340
:10D910000A9B002B7FF793ADC146A7EB0B077B005B
:10D920000C93A6EB0B030D93DDE90523BBF1000F70
:10D9300000F369830C9909F101090A440D990B441C
:10D940000A998945F2D17AE5022B2E893FF677AD07
:10D950001A4A52F82350059BB3F80080069B002B0F
:10D9600000F096841B784146FC2B96BF09FB03F31D
:10D970004A461A0A3046A8470A9B002B7FF75FAD3C
:10D98000BBF1000F4FEA47017FF759AD059B0B9A9A
:10D990009A4603EB420B00229446DDF818E05B4602
:10D9A0005446E346CDE905E1C4460EF1FF379846FB
:10D9B00016E000BF1FF8E007E8360410E836041050
:10D9C000FC2996BF09FB01F24A46120A304621881B
:10D9D000A847B4F800C03A7820800234A0451FD090
:10D9E00017F8011F0029F8D09142E9D1B4F800E0FE
:10D9F000E645E5D1F0E70D9EDDF820B0059CB34487
:10DA0000079E0C9D34440A9E73460A46DDF818E0D2
:10DA10000B990135B5428E440F447FF4F4AE0EE508
:10DA20004346DDE905E1E046DC469B46079B0CF1F9
:10DA3000010C9E440A9B8A449C458B44AFD1FEE472
:10DA4000934298463FF7FBACBDF94430059EBDF9C3
:10DA500040409C423FF7F3AC0FFA88F5CDF81480B4
:10DA6000A846DBF80000CDF80890ADF804A0CDF88A
:10DA7000008023B23A463146C569A847BDF9443013
:10DA800001349C42EDDDDDF81480BDF9462008F13B
:10DA900001084245DBDAD2E4002A7FF7D0AC0899CE
:10DAA0004FEA47084FEA440E9C46DDE90523BBF1E7
:10DAB000000F40F32182ABF10409CDF82490174602
:10DAC0000D46C14606930B9BB748A3F1050ACDF856
:10DAD0002CA0AA46B846002206991CE0B8F80030EF
:10DAE000BAF8006003EB034306EB06460340043438
:10DAF0000640F61AE40806FB04F403EB5413034053
:10DB000043EA1343A8F8003001325A450AF1020AE9
:10DB100008F102080DD08C070B460BD011F8014B11
:10DB2000002CF1D0FF2CD9D1BAF80030A8F8003081
:10DB3000EAE70B46099C944240F398800B460B9908
:10DB40001E1DA1EB020828F0030805EB420407EBB9
:10DB5000420146440597089575E013F8045CC5B189
:10DB6000FF2D00F014810435B4F800A0EF080D88F3
:10DB70000AEB0A4A05EB054505400AEA000AAAEB4A
:10DB8000050A07FB0AFA05EB5A15054045EA154553
:10DB90000D8013F8035CC5B1FF2D00F0F280043551
:10DBA000B4F802A0EF084D880AEB0A4A05EB0545D8
:10DBB00005400AEA000AAAEB050A07FB0AFA05EB88
:10DBC0005A15054045EA15454D8013F8025CC5B16C
:10DBD000FF2D00F0D9800435B4F804A0EF088D883B
:10DBE0000AEB0A4A05EB054505400AEA000AAAEBDA
:10DBF000050A07FB0AFA05EB5A15054045EA1545E3
:10DC00008D8013F8015CC5B1FF2D00F0B78004359D
:10DC1000B4F806A0EF08CD880AEB0A4A05EB0545E3
:10DC200005400AEA000AAAEB050A07FB0AFA05EB17
:10DC30005A15054045EA1545CD80B34204F1080464
:10DC400001F108010ED053F8045B002DF5D0013529
:10DC500083D125880D8065884D80A5888D80E588D5
:10DC6000CD80EAE70432059F089D42445A4577DAA1
:10DC70001978C1B1FF2900F08D80043135F81260A8
:10DC8000CC0837F8121006EB064601EB01410140C3
:10DC90000640761A04FB06F601EB5611014041EAF4
:10DCA000114127F81210561C5E4559DA5978C9B14E
:10DCB000FF2974D0043135F81680CC0837F81610D7
:10DCC00008EB084801EB0141014008EA0008A8EB15
:10DCD000010804FB08F801EB5811014041EA114129
:10DCE00027F81610911C59453ADA9C78D4B1FF2CCC
:10DCF00000F09B8037F8116035F8118006EB06467E
:10DD000008EB08480640043408EA0008E408A8EBD9
:10DD1000060804FB08F806EB5814044044EA1444CF
:10DD200027F8114003325A451ADADB78C3B1FF2BCA
:10DD300000F08080043335F81240D90837F81230EB
:10DD400004EB044403EB034303400440E41A04FBE4
:10DD500001F103EB5113034043EA134327F8123058
:10DD6000DDE90632134406930A9B0CF1010C9C4535
:10DD70004F4475447FF4ADAEFFF761BBE588CD80BD
:10DD80005BE765884D8020E7A5888D8039E7258889
:10DD90000D80FEE635F8121027F8121083E735F8EB
:10DDA000161027F816109DE71FF8E007B9F1FC0FD1
:10DDB0000A9B00F28980002B7FF741ABBBF1000F7B
:10DDC0004FEA47074FEA44007FF739AB1646089AF7
:10DDD00009F1040C9046994602EB4105DDF814E088
:10DDE000AD494FEADC0C4446AEF1020234F802AB16
:10DDF00032F8023F0AEB0A4A03EB03430B400AEAFC
:10DE0000010AAAEB030A0CFB0AFA03EB5A130B40B4
:10DE100043EA1343AC421380E8D101364E45BE4479
:10DE200080440544DFD1FFF70ABB35F8114027F8DD
:10DE3000114077E735F8123027F8123090E74A465C
:10DE400041462846099EB0470A9B002B7FF7F7AA58
:10DE50007B00BBF1000F09934FEA44047FF7EFAA60
:10DE6000A4463446DDF818B0089A0B9B5946DDF8F5
:10DE700014B002EB430ACDE905B2ABF10206174636
:10DE8000E346079106E04A4641462846A047BA4580
:10DE900030800AD02A4637F8025B4146954236F870
:10DEA000028FF0D14145EED1F1E7DC46099BDDF868
:10DEB00014B007999B440A9B069A01319942624427
:10DEC000E244D8D1FFF7BBBA002B7FF7B8AA92463D
:10DED0009846059D089E4FEA4B0B7F006400314633
:10DEE00028465A460AF1010AF8F74EFDC2453D445C
:10DEF0002644F4D1FFF7A3BA07980CF1010C0344B0
:10DF00000A984244844571447FF4D1ADFFF797BA33
:10DF10000A9A002A7FF793AAA6EB0B02BBF1000F27
:10DF20004FEA470A08927FF78AAA05980C46099A91
:10DF3000B0F800E058499C4602EA01081E467246C5
:10DF4000834600EB4407069C5846CDE9054B651E09
:10DF50001CE0FF2C29D009FB04FC4FEA1C239C4643
:10DF60000433DA080BEB0B430B40A8EB030E0EFB5C
:10DF700002F203EB521303EA010242EA124292B2A6
:10DF8000DE46234602800230B84214D015F8014F15
:10DF9000002CF8D09C42B0F800B0DAD1DE45EFD0CA
:10DFA000BCF1FF0F2DD1079AEAE7FF2B00F02C827E
:10DFB0004B46CC46D4E70B98DDE9054B2018089C6E
:10DFC000013604190A98D34486425744BCD1FFF75E
:10DFD00036BAB9F1FC0F40F28E810A9E002E7FF70F
:10DFE0002EAA9246059C079D7F0020465A46294648
:10DFF0000AF1010AF7F71AFAB2453C44F5D1FFF7E6
:10E000001EBA6346ACE71146ABF10400224C0E90F9
:10E010000998DDF81CE000EA04080B9804380F901A
:10E02000184600260B9BC518870703460A461FD0D3
:10E030000278581CFF2A02F104024FEAD20200F0D3
:10E04000A3800B88854203EB034303EA0403A8EB98
:10E05000030707FB02F203EB521303EA040343EA4C
:10E06000134306F1010621F8023BDDD12B460A4697
:10E070000E98B042C0F29D800F9D0F46AD1B4FEA37
:10E08000950A0AF1010CCDE907151846CDE905936B
:10E09000099D03EB8C0C67E01FF8E007002B5FD0B5
:10E0A00010F8043CFF2B00F0DF800433D90832F86D
:10E0B000083C03EB03432340A8EB030909FB01F1F0
:10E0C00003EB5113234043EA13439BB222F8083C6D
:10E0D00010F8033CFF2B00F0C5800433D90832F858
:10E0E000063C03EB03432340A8EB030909FB01F1C2
:10E0F00003EB5113234043EA13439BB222F8063C3F
:10E1000010F8023CFF2B00F0AB800433D90832F842
:10E11000043C03EB03432340A8EB030909FB01F193
:10E1200003EB5113234043EA13439BB222F8043C10
:10E1300010F8013CFF2B00F091800433D90832F82D
:10E14000023C03EB03432340A8EB030909FB01F165
:10E1500003EB5113234043EA13439BB222F8023CE2
:10E16000844507F1080717D050F8043B0832591CC2
:10E1700094D1BB070FBFC7E9005522F808EC42F85D
:10E18000065C22F802ECEBE7854221F802EB06F18F
:10E1900001067FF449AF69E7DDE90715043625F08C
:10E1A00003000831DDE90593043301EBCA0203449F
:10E1B00006445E455CDA1978FF2957D00431C80857
:10E1C000118801EB01412140A8EB010505FB00F09E
:10E1D00001EB5011214041EA114189B21180711CBB
:10E1E00059452ADA5978FF294ED00431C808518898
:10E1F00001EB01412140A8EB010505FB00F001EB1B
:10E200005011214041EA114189B25180B11C594558
:10E2100013DA9978FF2939D00431C808918801EBC5
:10E2200001412140A8EB010505FB00F001EB501175
:10E23000214041EA114189B291800B9909F101090C
:10E240008E1B02EB46011E440C9B0A9A19440D9B3F
:10E25000914533447FF4E4AEFFF7F1B873467DE7B0
:10E26000734663E7734649E773462FE77146B5E7A0
:10E270000C9909F1010951180D9A13440A9A914514
:10E280007FF4CEAEFFF7DBB87146BEE77146D3E749
:10E290004A4641463046A8470A9B002B7FF7CFA845
:10E2A000BBF1000F4FEA47077FF7C9A8DDE9053A40
:10E2B0000B9A03EB420B4346059C214634F8028B34
:10E2C000984509D04A4630460988A847A34524F80E
:10E2D000020C05D04346F0E7A34524F8020CF9D11F
:10E2E000059B0AF1010A3B4405930A9BBB449A45EE
:10E2F000E1D1FFF7A4B80798464900EB004209F1C5
:10E300000403DB080A4003FB02F2DC000A9BE4B2D0
:10E3100001EA5211C50AC0F3451600F01F0C002B8C
:10E3200004FB05F504FB06F60CFB04FC01F01F02E0
:10E330004FEA515084F0FF04C1F3C4217FF77FA856
:10E34000BBF1000F4FEA47097FF779A8DDE9057EA9
:10E35000CB46F2460B9B07EB43087346DDF814905F
:10E36000CDF818B04F4639F802EB9E453B7830D0D7
:10E370009B4603F01F0313FB04C338887978C0F36E
:10E38000451010FB046003EB032203EBC213C90822
:10E3900014FB0151C3F3C45262F3040B87F800B0BD
:10E3A00000EB002300EBC3103B88C0F3C55001EB2A
:10E3B000012B60F34A1301EBCB113B80C1F3C45135
:10E3C000C3F3072361F3C703C8457B700FD07346BF
:10E3D000C8E762F304033B703B88C84560F34A1307
:10E3E0003B80C3F3072361F3C7037B70EFD1DDF8F4
:10E3F00018B0059B0AF1010A5B4405930A9BD844B7
:10E400009A45AAD1FFF71BB8DE457FF4D1ADCC46C3
:10E41000B6E500BF1FF8E0072DE9F04F044625469A
:10E42000A9B01193AB689DF8C8000B921A685B689D
:10E430000E901AA81B93099407910C461A92F2F7B2
:10E44000F3FD064625680F901C2120A81095F8F7CB
:10E450003FFD237BC3F303038DF89930E37A1CACB3
:10E460008DF8983020941EB9B5F1807F00F0448279
:10E470000B98099B01889A68838816685B1A99B281
:10E48000C3885768428801339B1A1BB21393BB1B86
:10E4900001330FFA83FB4B1C9AB21BB217911692F1
:10E4A0001293CDE91C67F0F731F9F5F743FC054607
:10E4B0002046F6F705FA854280F06681B5FBFBF54C
:10E4C000ABB20D930BFB05F54FEA450A5046159587
:10E4D000F8F716F9064608902846F8F711F9BDF93D
:10E4E0007630BDF972200C930D9B511E19440E9B82
:10E4F00009B2042B25940A902196ADF8761023904A
:10E5000000F0F28102238DF890300C9B9A4200F3C8
:10E51000E281089B9A440E9B043B14932FE00A9BD4
:10E52000139A0593089B009204930E9B119A0393F0
:10E53000079B09980293129B1EA901931FF0FAFCF6
:10E54000079B9C7A022C00F2AA800F9B002B40F0C4
:10E55000F48020A90998FEF73DFFBDF876200D9BB9
:10E56000D1180C9B09B29942A8BF1946013212B2C8
:10E570009A42ADF87220ADF8761000F3AC810B9B97
:10E58000ADF87A20ADF87E105A881988BDF8703041
:10E590005242ADF878304942BDF8743012B209B237
:10E5A0001EA8ADF87C30F6F7B9F9109BB3F1807F67
:10E5B000B5D1149A102AC3D801A353F822F000BF92
:10E5C00005E601102FE8011005E6011041E50110F4
:10E5D00041E5011041E5011041E5011041E501105F
:10E5E00041E5011041E5011041E5011041E501104F
:10E5F00041E5011041E5011041E5011041E501103F
:10E600009BE701101EA8F6F75BF980460A98414681
:10E61000F8F7B4FCBDF87C60BDF97830BDF97A40FC
:10E62000129A0136F61A02FB0433119A36B202EB43
:10E630004307BDF97E30169AA3424FEA42094FEADA
:10E6400046060FFA89F90DDB089D39462846324601
:10E65000F8F79AF90134BDF97E3024B2A3424F4451
:10E660003544F2DA0E9B062B7FF46AAFB8F1000F47
:10E670003FF466AF0020089B0A9A023B03EB480870
:10E6800033F8021F0132B1F5FC6F08BF02F8010C2C
:10E690009845F5D1079B9C7A022C7FF656AFE14353
:10E6A0005D7A1E891B7AED0803F01F03C6F3451639
:10E6B00004FB05F504FB06F603FB04F4159BC9B245
:10E6C000002B3FF442AF089A1378184603F01F035B
:10E6D00013FB014303EB032703EBC713DB0D63F3CA
:10E6E000040002F8020B9245EED1089A13881846EE
:10E6F000C3F3451313FB016303EB032403EBC413C0
:10E70000DB0D63F34A1022F8020B5245EED1089A52
:10E71000537802321846DB0813FB015303EB032442
:10E7200003EBC413DB0D63F3C700524502F8010C81
:10E73000EED10F9B002B3FF40CAFBDF97250BDF929
:10E740007630AB42FFF605AF0A9C0BE0022808BF0B
:10E750008DF89000BDF9763001352DB2AB425C44A6
:10E76000FFF6F7AE5B462A462046BDF97010F2F779
:10E77000D1FA0028EAD159462046F8F7A9FB4FF014
:10E7800002038DF89030E5E746F30F43C3EB2743D0
:10E7900001339AB20D921DB294E6BDF87E60BDF9C8
:10E7A0007830BDF97A201299BDF87C700136B61A1E
:10E7B000013701FB0232FF1A169B119936B25B003A
:10E7C000002E01EB42093FB21AB27FF7B9AE4FEA11
:10E7D00047081897002447469046089D4946284612
:10E7E0003A460134F8F7D0F823B29E423D44C14482
:10E7F000F4DC129A00249146BDF97830BDF87A8095
:10E80000189F12FB0838139B0A9D02FB03F308EBC9
:10E810004308119B9844414628463A460134F8F78C
:10E82000B3F823B29E423D44C844F4DC88E6BDF907
:10E830007A00BDF97830129ABDF87C1002FB0035E1
:10E84000119A05EB45051544BDF87E209BB24E1C80
:10E85000F61AA3EB01080132179B121A12B2984460
:10E8600008EB4808002A1FFA86F913460FFA88F8C1
:10E8700036B27FF765AE002E4FEA46017FF760AEF5
:10E880000A9ACDF860B0CDF864A0944600278B4674
:10E890009A4609F1FF34DDF820E012FA84F409EB1E
:10E8A00049092A460CF1FF33AEF10201907803F8D2
:10E8B000010F32F8030BA34221F8020FF6D1013702
:10E8C0003BB24D449A45DE44B44445443444E8DC0C
:10E8D000DDE918BA34E60A98F7F7CAFF0898F7F79F
:10E8E000C7FF29B0BDE8F08F079B1B68B3F1807F9D
:10E8F00014BF0223012306E60E9B042B25D00E2B0A
:10E9000031D0142B7FF4B4AD079B9B7A002B7FF49E
:10E91000AFAD02220B9D8DF89020B5F90630B5F908
:10E920000240AA8801331B1B2C880132121B13FBE7
:10E9300002F3119E099806EB430320A9CDE9205666
:10E9400025952393FEF746FDCBE7079B9B7A002B8B
:10E950007FF48EAD119B099821930B9B20A92093E6
:10E96000FEF738FDBDE70B9D099C2946A2681EA84D
:10E97000F5F7F0FF0028B4D0119B20462393079BA6
:10E9800020A91A890F9B259521930223ADF8882091
:10E9900020958DF89030FEF71DFDA2E712F0010FD3
:10E9A00074D1F8B512F002050C4635D04FF4C042D0
:10E9B0008B6A084662F31E038B62F5F781FFA36A38
:10E9C0004100C3F31E02B2EB400F03D90A4661F3C4
:10E9D0001E03A3621046F7F7D1FD6061002848D0FE
:10E9E00094E8030004F1080383E80300A289208966
:10E9F000A36A0132121A12B2C3F31E0393FBF2F39D
:10EA0000204662882249E28181FB0312A2EBE37275
:10EA10005B0822826382F8BD01F108070646D1E94E
:10EA2000000187E803002046F5F74AFFA36A40008B
:10EA300020F0004060F31E03A362F7F79FFDA16A78
:10EA4000606121F00041F8F743FA94F82B3065F348
:10EA5000C71384F82B306369B3B1C6E90037B760D8
:10EA6000EFF754FE036820461A7C65F386121A7489
:10EA7000D1E74FF44060A36A60F31E03A362F7F787
:10EA80007DFD60610028ABD10020F8BD00207047FB
:10EA900056555555F8B5154606460C46EFF736FE61
:10EAA00015F00105074610D194F82B3065F3C71314
:10EAB00084F82B3003681A7C65F386121A74636934
:10EAC0000834C6E90034B460F8BDA16A606921F079
:10EAD0000041F8F7FDF994F82B3043F0800384F8F7
:10EAE0002B303A68137C43F040031374E7E700BF10
:10EAF000F0B540F21F37044685B0019B0D4607EA8A
:10EB0000030091F92B306768002BACBF042105216D
:10EB1000236816460393BA88FB88B7F800C07F883D
:10EB200001320133A2EB0C02DB1BC2F30A025B05CC
:10EB300043EA82232A6A034301938DF80410D5E93E
:10EB40000631C4E90021A360EFF7E0FD036895F802
:10EB500024001A7C314660F386121A74204601ABF9
:10EB600005F10802F0F72CFA2046F0F713FA01A895
:10EB7000F3F7E6FD05B0F0BD4869F7F717BD00BF34
:10EB80002DE9F04F89461F46A9B0044616460023DA
:10EB90003A46D9F8000016A9F4F7C8FAA8B3BDF8A8
:10EBA00060207AB3BDF85E3063B3BDF86210B6F88A
:10EBB00000A08A44A1680FFA8AFBB1F900005B4407
:10EBC00083425D461FFA8AFA1CDBB1F904305B45CB
:10EBD00018DBBDF864307088D9F800601344C01A9F
:10EBE000338918447389C01A03B280B20490B1F912
:10EBF00002001A4482421E4604DBB1F90620039348
:10EC00009A423DDA29B0BDE8F08F1F2FFAD94FF6AE
:10EC1000FF039F42F6D042F20C039F42F2D03188AC
:10EC2000BDF8623072881944BDF86430BDF86000E8
:10EC30001A44BDF85E3089B210FA82F00B4400B27B
:10EC40001BB209B2009012B214A8F5F7FDFD1AA884
:10EC5000F3F78CF902230122B9F80C50ADF88820A3
:10EC60008DF86B308DF892308DF89E308DF88230B3
:10EC70002046236914AA1AA9ADF886509847C1E71F
:10EC800039461698F4F74EFA05900028BAD0169A2D
:10EC9000039B127B12F0030FB4D19DF8662099F804
:10ECA0001AE002F00F02032A16D0013A072AA9D867
:10ECB00001A151F822F000BF1BEF011007EF011076
:10ECC00005EC0110D9EC011005EC011005EC011068
:10ECD00005EC0110F3EE01100427F0224FF0100CA8
:10ECE000B8461192BA4A0E92BEF1FC0F1ED8B94A2C
:10ECF00092F80021724500F0A4810E9A0CF1FF3CBD
:10ED0000B4489444511E11F8012FFF2A00F07D8170
:10ED10001EFB02F28C454FEA222200F8012BF2D1B1
:10ED2000AC4A82F800E1C2F804810E92BDF860207E
:10ED3000D4F808C011460B92BCF900200C91BDF824
:10ED40005E109345099180F26B81A2EB0B0208FBE8
:10ED500002FE0AEB020B1FFA8BF00D9007920FFADE
:10ED60008BFB8818BCF904206918914240F3638139
:10ED7000521B0132801A08FB00F1089292B20A91EC
:10ED80001092BCF90220934280F25281D11A099A62
:10ED9000049B08FB02F20B4401FB02EE9AB20391C2
:10EDA00004921BB20B99BCF906207118914240F3F2
:10EDB0003481921B0132069292B20B920F93059B03
:10EDC0001C211AA803EBDE060EF00705F8F780F801
:10EDD00099F81E20C2F3C2028DF88120B9F80C20E8
:10EDE000ADF8702099F81A208DF88020EFF78EFC8E
:10EDF000F4F7A0FF099A0C9B03FB02F28242A8BF22
:10EE0000024610460992F7F77BFC0B9A049B0AF125
:10EE1000FF3113449946109B0D9A0B440021C2F117
:10EE20000102844612FA83F212B20D920A460FFAD8
:10EE300083FE0F9BCDF814C0CDF874C08C466BF3E5
:10EE40000F0163F31F41129111466EF30F0C6EF325
:10EE50000F016BF30F0263F31F4263F31F4C69F35F
:10EE60001F4114A815911492CDF84CC0F2F7DCF8AC
:10EE700003998646069812AB81421A931F9380F23B
:10EE8000E780DDE907014FF00009A1EB000B059ACF
:10EE90000BF1FF33DDF838A0D3180E94119C0C93BE
:10EEA000CDF82CE0CDF810B0DDE90732934224FA1A
:10EEB00005F180F2B080059B09F1FF321A440C9BEA
:10EEC00003EB090004E0454421FA08F190422ED0FA
:10EED0003378A7EB050C0B4033FA0CF318BF1AF884
:10EEE0000330BD4202F8013FEDD300252146013633
:10EEF000ECE7FF221192384A00274FF008084FF440
:10EF0000807C0E92F0E6C0221192344A06274FF020
:10EF100002084FF0040C0E92E6E680221192304A6D
:10EF200007274FF001084FF0020C0E92DCE6049B1D
:10EF300009EB030B0B9B002B54D1049B099A5B44F8
:10EF40009A4226D90A9B039A1D44BDF84E30069971
:10EF5000013201331BB2914206EBD506039205F054
:10EF60000705ADF84E3001D0D9469DE70E9CBDF99E
:10EF70004A209A4209D00222013B20461AA9ADF844
:10EF80004E308DF87820FEF725FA0598F7F770FCDB
:10EF900038E602230E981AA98DF87830FEF71AFA8F
:10EFA0000A9B039A1D44BDF84E30013201331BB257
:10EFB000ADF84A30ADF84E30069B06EBD5069342CD
:10EFC000039205F00705E0D04FF0000BD9466BE740
:10EFD000FC3604106CD800200C370410F8360410EE
:10EFE000F4360410059BBDF94E20994448460D9B0C
:10EFF000BDF94810F1F78EFE8DF8780000289CD1FD
:10F0000048460D99F7F764FF97E78C4500F801EB48
:10F010007FF479AE84E6CB468CE70B9A0692CDE678
:10F020004FF0000E0846CDF834A0CDF81CE099E66C
:10F0300000220392B6E6099ACDF828E010920892D1
:10F040009FE6054AD2F8042142457FF456AE67E6B2
:10F05000BDF94E308BE700BF6CD800202DE9F04F92
:10F06000C9B01D460393B1F902300C460292002B41
:10F0700000F0A1811146227A022A40F29C81B1F966
:10F0800000708346B5F90000B1F902108742B5F966
:10F09000022002D1914200F08E81002503EBD37350
:10F0A000C3F34F038742D4BFC3EB070CC3EB000C81
:10F0B0008742ACBFDE191E18AE469142D4BFC3EBE7
:10F0C0000107C3EB02079142ACBF5B189B186CF3BE
:10F0D0000F050CA966F30F0E67F31F4563F31F4E70
:10F0E0000846DBF808200C95CDF834E0F5F732FC43
:10F0F000002800F06081029BB3F902A0039BB3F9E2
:10F100000250DBF80830AA4504930CABCBF808306A
:10F11000B4F9023000F03482029AB2F90090039AF6
:10F12000B2F90080C14500F04B81AA4505DA2946B5
:10F1300042465546C8468A469146A9EB0802114602
:10F14000AAEB0500089282EAE272A2EBE17280EA81
:10F15000E071A1EBE0718A4206910592DABF51019C
:10F16000069A4901B1FBF2F13F27944E0B90765C71
:10F17000002016FB0376C6F3CF13C145D4BFC3EB03
:10F18000090CC3EB080C07466CF30F00C145ACBF7C
:10F1900003EB090C03EB080C6CF30F07AA45D4BF73
:10F1A000C3EB0A0CC3EB050CAA45ACBF53445B1977
:10F1B0006CF31F4063F31F470EA9CDE90E070CAA9D
:10F1C0000846F711F5F7C6FB002800F0EC80DDE9F2
:10F1D000053107F0010202EB26228B4292B2C6F300
:10F1E0000F2640F3D582ABB2981801B208981FFAE7
:10F1F0008AF79B1B3A441BB2BF1B0028059116B22D
:10F2000006933FB240F39E821A460023019318AB47
:10F210001846079341464B460097F1F735FF059A8C
:10F2200000960123019323AB1846069341464B46B3
:10F23000F1F72AFF00210798F1F712FD002109904C
:10F240000698F1F70DFD637A0A9013F0100600F0AE
:10F25000C8824FF0FF38CDF81480BDF83C70BDF87F
:10F2600038300137FF1AEFF751FAF4F763FD8146A2
:10F270000EA8F5F725FB81453FB200F2AD82484666
:10F28000F7F73EFA8246BDF83A304946BDF93E509E
:10F29000ADF83E30F7F772FE1C2111A8F7F718FE03
:10F2A0000EAB119316932388BDF93A60ADF84C303C
:10F2B000237AB5428DF85C3032462B46CDF850A00B
:10F2C00042DB0B9400253C46CDF820801F460BE026
:10F2D00025442A1991451CD9BDF83E200132ADF8CC
:10F2E0003E200136B7422ADB0AEB0508234640469A
:10F2F000BDF9381032B2F1F70DFD8DF85400002839
:10F30000E6D1214640462544F7F7E2FD2A1991450A
:10F31000E2D84FF00203584611A98DF85430FEF799
:10F3200059F8BDF83E204946013212B25046ADF8B8
:10F330003A20ADF83E200025F7F720FED1E7DDF8B2
:10F3400020800B9CBDF93A20BDF93E30934209D094
:10F35000013BADF83E300223584611A98DF85430D8
:10F36000FEF738F85046F7F783FA0798F1F7E6FD0D
:10F370000698F1F7E3FD059B013302D02EA8F1F7C3
:10F38000DDFDB8F1FF3F02D03AA8F1F7D7FD0998AB
:10F39000F1F720FD0A98F1F71DFD0598F1F71AFD28
:10F3A0004046F1F717FD637A13F00C0F40F0AF8081
:10F3B000049BCBF8083049B0BDE8F08F1438041036
:10F3C0004FF0000CAA45D646B8BFAE46AA45D04677
:10F3D000A8BFA8466546013B03F001061FFA89F75E
:10F3E00006EB6306BE1B07EB63070DF1B8090EF1D0
:10F3F000FF3E66F30F0C67F30F0568F31F4C6EF3C7
:10F400001F45494648460CAACDF8B8C02F95F5F7D8
:10F41000A1FA0028C7D0B4F906204846002A00F017
:10F420009F81B4F90420002A00F09A813AADF1F7E7
:10F43000FBFD1C212846F7F74BFD0123228805938D
:10F44000ADF8F020227ACDF8E8908DF80021BDF8D3
:10F45000BC70BDF8B8200137BF1A3FB2BDF8BA2062
:10F460003846BDF9BE80ADF8BE20F7F749F9059BD7
:10F470008246BDF9BA60CDF8FC903D90002B00F0BB
:10F480005B81B4F90630B4F90420B045134496FB0F
:10F49000F3F903FB19690FFA89F915DA4EE10FFA4E
:10F4A00083F929465846FDF795FFBDF8BA30013675
:10F4B0000133ADF8BA30BDF8BE30464503F1010363
:10F4C000ADF8BE3000F33A8139465046F7F756FDA5
:10F4D0003B465046BDF9B81032B2F1F71BFC09F1BA
:10F4E00001038DF8F8000028D9D0B4F90420B4F94C
:10F4F00006309145C8BF00201344994509F1010128
:10F500008DF8F800C0F2E9814FF00109C9E73AAD82
:10F510002846F2F72BFD47F6FF73B4F90260ADF809
:10F52000E830F74323887610ADF8EC30237A07F003
:10F5300001078DF8EB30637A5A0700F17D811B07D4
:10F540007FF536AF0023039A294615885288B6B254
:10F55000B018941B05EB060CAD1B1E46ACEB070C5C
:10F5600065F30F03C71B6CF30F0664F31F4367F3C8
:10F570001F4658462EAA2E932F96F2F71DFD17E729
:10F5800000270299013BB1F900C0039903F001057E
:10F59000B1F90010E0468C45B8BF88461FFA8AF6DC
:10F5A0008C4505EB6305A8BF8C46751B06EB63060F
:10F5B0003B4608F1FF380DF1B8096CF30F0768F30B
:10F5C0000F0365F31F4766F31F43494648460CAADD
:10F5D0002E972F93F5F7BEF900283FF4E4AEB4F967
:10F5E00006204846002A00F04D81B4F90420002A84
:10F5F00000F048813AADF1F717FD1C212846F7F7D6
:10F6000067FCB4F90420B4F9061001231144BDF9D4
:10F61000B820BDF8BC6092FBF1F01E44B61A01FBA5
:10F62000102217B22288BDF9BEA0ADF8F020227AD0
:10F6300005938DF80021BDF8BA20CDF8E89036B2D8
:10F64000ADF8BE203046F7F75BF8BDF9BA80CDF8CB
:10F65000FC90D04581463D9000F33B810697059F85
:10F6600013E029465846FDF7B5FEBDF8BA3008F15B
:10F6700001080133ADF8BA30BDF8BE30D04503F112
:10F680000103ADF8BE3000F3248131464846F7F758
:10F6900075FC33464846BDF9B8100FFA88F2F1F709
:10F6A00039FB8DF8F800002FDBD00028D9D0002ED0
:10F6B00040F30B810022069907E01FFA8EF301B296
:10F6C00001331AB2B24280F20081B4F904C093B29D
:10F6D0001FFA8CF000EB030E8C45AEEB010E00F12F
:10F6E0000100EADAB4F9060060448142B8BF0020A4
:10F6F00001F10101B6BF09F80200012109B2DFE7FB
:10F7000039465046F7F73AFC3B4632B2BDF9B810DD
:10F710005046F1F7FFFA29468DF8F8005846FDF7F4
:10F7200059FEBDF8BA3001360133ADF8BA30BDF834
:10F73000BE300133ADF8BE30B045E1DA5046F7F7E0
:10F7400097F830E60023019318AB0A461846079352
:10F7500041464B460096F1F797FC069A009760E504
:10F76000F1F762FC06463AAD1C212846F7F7B0FBDC
:10F770002288CDF8E890ADF8F020227A8DF80021AB
:10F78000002E40F0AD8029465846FDF723FE0AE6DC
:10F7900000231FFA88F101931FFA89F30F4605939E
:10F7A0001144134418AA10460792CDF800A02A4627
:10F7B0001BB209B2F1F768FC01230193059B23AA50
:10F7C0009B1BB91B10460692CDF800A02A461BB21F
:10F7D00009B2F1F759FC2DE50EA8F5F771F881464D
:10F7E0004DE50323BDF82070BDF82C1001937B1963
:10F7F0001BB20093A8EB01032A461BB20D462EA8AC
:10F800004146F1F741FC0223574401933FB2A9EB73
:10F81000050352461BB249463AA80097F1F734FC5B
:10F8200031462EA8F1F71CFA034631463AA8059353
:10F83000F1F716FA804610E500239846029A294609
:10F84000B2F800E0B2F802C0B2B20EEB020A02EB6C
:10F850000C09AEEB020EAAEB070AACEB020C6EF33E
:10F860000F03A9EB07096AF30F086CF31F4358460F
:10F870002EAA69F31F482E93CDF8BC80F2F79CFBAB
:10F88000637A5CE6F1F7D0FB06463AAD1C212846C8
:10F89000F7F71EFB2288CDF8E890ADF8F020227A29
:10F8A0008DF80021002E3FF46EAF0027BDF8BC603C
:10F8B000BDF8B8200136B61ABDF8BA20BDF9BEA011
:10F8C000059736B2ADF8BE20BCE602238DF8F830BD
:10F8D000C7E64846F6F7CCFF65E50FFA81F9E0E5A3
:10F8E00000230593B3E500BF022B40F27A812DE996
:10F8F000F04F16468BB0002A00F070819F008146C1
:10F9000038468A46F6F7FCFE0546002800F0668178
:10F91000326833460260321F00243A4407E0196817
:10F920000433934245F824101FFA8CF410D0B3F935
:10F930000000B3F9041004F1010C8842EFD1B3F9CF
:10F940000200B3F906108842E9D104339342EED1A4
:10F950003B1FB6F90010F25EF018914200F04681AC
:10F96000F35845F824300134A4B2022C40F2468109
:10F9700041F6FF77A64E2B46B446BE46A54A92E80E
:10F98000030006AA82E8030005EB8401B3F9002016
:10F9900004339645A8BF96469445B8BF944633F9BC
:10F9A000022C9742A8BF17469642B8BF1646994206
:10F9B000ECD1002398466EF30F036CF30F0867F346
:10F9C0001F4366F31F48D9F8082006A908A8069324
:10F9D000CDF81C80F4F7BEFF002800F01581284602
:10F9E00001230026D9F8082030F9021F039208AA43
:10F9F000C9F8082030F923208A42B8BF1EB203F1AB
:10FA00000103B8BF11469AB29442F3D82C2004FBEC
:10FA100000F0F6F775FE0290701E374606F10103FE
:10FA200000F1E0809C42D4BF2B4605EB830335F800
:10FA300026E0B3F800C005EB800105EB860235F83F
:10FA40002000B2F90220A0EB0E00ACEB0E0C4988AE
:10FA5000B3F802E093B2C91AAEEB030311FB0CF149
:10FA600013FB00F399424FF00008CDE9049ADDF84A
:10FA700008B075DB49E005EB8A03B3F9020006F133
:10FA80000109A145A8BF4FF00009904215DB11D034
:10FA900035F9271035F92A3099420BD00090012012
:10FAA00001905846F1F7F0FA58460299F1F7D8F864
:10FAB0000BF12C0B574608F1010844457AD005EBB1
:10FAC0008903B3F9020005EB8603B3F902208242F1
:10FAD00015DC11D035F9261035F9293099420BD0B3
:10FAE0000090002001905846F1F7CEFA584602994E
:10FAF000F1F7B6F80BF12C0B4E4608F1010844451E
:10FB000058D905EB8703B3F90220B7F1010AB2D542
:10FB1000A244B0E705EB8A03B3F9020005EB8603C4
:10FB2000B3F90220904215DB11D035F9261035F9D2
:10FB30002A308B420BD00090002001905846F1F7FC
:10FB4000A3FA58460299F1F78BF80BF12C0B5646A5
:10FB500008F1010844452DD905EB8703B3F90220CC
:10FB600007F10109A145ACBF2B4605EB8903B3F9A9
:10FB70000200A8BF4FF00009B6F1010A48BFA24435
:10FB8000904215DB11D0B3F9003035F927108B42C4
:10FB90000BD00090012001905846F1F775FA5846B5
:10FBA0000299F1F75DF80BF12C0B4F4608F10108B3
:10FBB0004445AFD106AADDE9049A51464846F2F71A
:10FBC000FBF9029C2046F1F717F92046F6F750FEA4
:10FBD0002846F6F74DFE039BC9F808300BB0BDE888
:10FBE000F08F7047204405EB830320E7B0F9022033
:10FBF000B6F9021091427FF4B3AEB6E628460BB0D8
:10FC0000BDE8F04FF6F734BE2846F6F731FEE5E7DB
:10FC100001E0FFFF383804102DE9F04FCB074FEA21
:10FC200061044FEA400A87B0054658BF04F1FF332C
:10FC300050469346009154BF03930394F6F760FD3A
:10FC4000002D014605FB05F240F300814FF000094D
:10FC50006B1E01EB4307E31802934B46039804F134
:10FC600001088044C8EBC8785E46D146CDE9042B34
:10FC70000BEB48089A468B4601972718B31E33F8BA
:10FC80001530009ADDE901C102FB03F38D42D8BFB4
:10FC900000202CF80239C8BF36F81100CA1B002A10
:10FCA000A3EB000301F1FF3206DD38F81100A14299
:10FCB000034405D01146E9E73088A1420344F9D155
:10FCC00030464A4659460AF1010AF6F75DFEAA4552
:10FCD0004E44C844D2D14FF47F57009BCA46B7FB6D
:10FCE000F3F75946DDE9042B0020DDF800C0ABF145
:10FCF000020636F8023F33B1B3F57F5F16BF93FBC0
:10FD0000FCF33780338001309042F2D3002D43DD85
:10FD10006B1E012D6FEA040405FB03F342D10D466F
:10FD20005E460098039FBBF800200BEB430C00FBE2
:10FD300002F2781CC31AE71B0CEB430E002AB8BF73
:10FD40004FF000082C4600EB0703A8BFC2F38F1842
:10FD500024F8028B002BD4BF33883EF817300028DC
:10FD6000A2EB03020ADC3EF8023BA94206F10206BE
:10FD70001A4400F101000CD02546DFE7BCF8003042
:10FD8000A94206F102061A440EF1020E00F101002A
:10FD9000F2D10B88ABF80030084607B0BDE8F04F51
:10FDA000F6F766BD0022D9460398029200FB055281
:10FDB000D21A52000592A4EB000B421C04920BFBDA
:10FDC00005F2CE4609EB430391460AEB0108019187
:10FDD0007446DDE90412A44600989E182288019F0B
:10FDE00000FB02F20EF1020E0394002AB4BF0024BD
:10FDF000C2F38F1401EB0B0027F8024B0028D4BF8D
:10FE0000BCF8000036F819008D42A2EB0000CCBF10
:10FE100032881A884745D4440244564401F101010E
:10FE2000E3D1039C019A32F8021B424521805444DD
:10FE3000F9D1029A02330132AA420292C8D1019941
:10FE4000084607B0BDE8F04FF6F712BD4FF47F57F4
:10FE5000009BB7FBF3F7002A7FF446AF9CE700BF97
:10FE6000CB78022B40F278812DE9F04F13689BB0DC
:10FE7000049353680F460593B1F920300646012BD1
:10FE8000B2F90050B2F90240B2F90400B2F906101A
:10FE900022DD97F82230FC2B1ED9B7F90030DBB1F8
:10FEA0004FF0000C97F82330C3F3C0021544C3F39E
:10FEB0000012821AC3F38000C3F34003CB1A6146D9
:10FEC000204465F30F0C62F30F0160F31F4C63F3E2
:10FED0001F41CDF810C00591B26804A909A8F4F734
:10FEE00039FD002800F03581FB7B04A813F00703DF
:10FEF0001D460CBFBC88FC8800937B89A34208BFC9
:10FF000000250095F1F790F8002315931993CDE99A
:10FF10001333CDE916331893BB7882468DF86530DC
:10FF200097F803B0B7F90030ADF8544010B9002B82
:10FF300000F07481BDF81480BDF81020BDF8169053
:10FF400008F10108A8EB0208BDF8122009F1010927
:10FF5000A9EB0209BBF1FD0F0FFA88F80FFA89F936
:10FF600028BF4FF0FF0BC1454A46A8BF424652107A
:10FF70009A42A8BF1A46BDF92810BDF924004C1CAE
:10FF8000241A002A24B2019203DCBAF1000F00F017
:10FF900011812046F6F7B4FB0DAA05461046002352
:10FFA000019A04A90290F1F779FC00210298F0F778
:10FFB00057FE0346FF220393BDF824304146ADF8B7
:10FFC0002C30BDF828308DF86420ADF830304A462A
:10FFD0000BABB81D1695139318931EF095F8804639
:10FFE00018B1009B022B00F00081BAF1000F40F025
:10FFF000B480019BBDF91200002BBDF9161040F32F
:020000041002E8
:100000000A81009B012B00F015814FF0000ADDF8FA
:10001000049080B289B2CDF808801FFA8AF707EB06
:100020000008BDF926C00FFA88F8CF1BC445024668
:100030000B463FB203DDBDF92AC0BC4530DB22468A
:1000400059462846F6F7C6FE234642462846BDF9DD
:100050002C10F0F75FFE012808BF0220BDF9263002
:100060008DF85C00434507DC304613A9ADF82E80BF
:10007000ADF83280FDF7AEF9BDF92A30BB4207DB9F
:10008000304613A9ADF82E70ADF83270FDF7A2F925
:10009000BDF91200BDF9161080B289B202460B46B6
:1000A0000AF1010AD145B8D1DDF8088000210F46D8
:1000B000BDF804A0BDF810E0BDF814C05244A3EB95
:1000C0000A036EF30F016CF30F0763F31F4762F32C
:1000D0001F4106A807970691F0F7A6FFBDF91690F5
:1000E000BDF91270002840F01281009B8DF864B0B9
:1000F000002B00F05881019BA9EB0309FC18012398
:10010000A1458DF85C300FDB009B012B00F03381A3
:1001100023B2304613A90134ADF82E30ADF8323099
:10012000FDF758F9A145F3DA15B12846F6F7A0FB1B
:10013000039B013307D00DAB02930398F0F74AFEFF
:100140000298F0F7FBFEB8F1000F02D040461EF017
:100150001FF91BB0BDE8F08F7047BDF92670BDF9DF
:100160002A309F42E0DC009B012B00F029814FF0F8
:10017000020A0FFA87F9224659462846ADF82E9012
:10018000ADF83290F6F726FE23464A462846BDF9DA
:100190002410F0F7BFFD012800F0AC808DF85C0062
:1001A00013A93046FDF716F9BDF92A300137BB42D5
:1001B000DFDAB9E7FF23ADF82C00ADF830108DF889
:1001C000643041460BAB4A46B81D139318931DF09B
:1001D0009BFF8046002800F02881009B5546022B9B
:1001E0004FF0FF3303937FF404AFBDF91030BDF936
:1001F0002420D21AD8F8083003EB42031493BAF142
:10020000000F40F01E81019BBDF91200002BBDF9CB
:1002100016103FF7FAAEC246A8460DE1002D7FF456
:1002200089AE04AB304613A913938DF864B0FDF783
:10023000D1F88EE74FF0000A80B289B21FFA8AF730
:1002400000EB0709BDF926C00FFA89F9CF1BCC4591
:1002500002460B463FB203DDBDF92AC0BC4543DB75
:10026000224659462846F6F7B5FD23464A46284613
:10027000BDF92C10F0F74EFD012808BF0220BDF992
:1002800026308DF85C004B4511DCBDF91230ADF81D
:100290002E90ADF83290A9EB0309D8F8083030461B
:1002A00033F8193013A9ADF85430FDF793F8BDF9C0
:1002B0002A30BB4210DBBDF91230ADF82E70ADF81C
:1002C0003270FF1AD8F80830304633F8173013A9C7
:1002D000ADF85430FDF77EF8BDF91200BDF91610E7
:1002E00080B289B202460B46019F0AF1010A5745C6
:1002F000A4D1DBE6304613A98DF85CA0FDF76AF8BF
:10030000BDF92A3001379F427FF733AF0CE7019BDD
:100310008DF864B0A9EB03091F4401234F458DF804
:100320005C303FF701AF0FFA87FA2246594628465C
:10033000F6F750FD234652462846BDF92410F0F743
:10034000E9FC009B8DF85C00012BADF82EA0ADF808
:1003500032A008D1BDF91230D8F80820FB1A32F8C3
:100360001330ADF85430304613A90137FDF732F899
:100370004F45D8DDD8E63B4601E0BDF91230D8F84C
:100380000820E31A32F813303046ADF8543013A980
:1003900023B20134ADF82E30ADF83230FDF71AF843
:1003A000A145EADAC0E65744A9EB0A09304613A989
:1003B0001693ADF82E70ADF83290FDF70BF8B3E65A
:1003C0004FF0020A0FFA87F9224659462846ADF83F
:1003D0002E90ADF83290F6F7FDFC23464A46BDF963
:1003E00024102846F0F796FC012814BF8DF85C0015
:1003F0008DF85CA0BDF91230D8F80820FB1A32F84D
:100400001330304613A9ADF85430FCF7E3FFBDF9C3
:100410002A300137BB42D5DA15B12846F6F728FA5B
:10042000039B01333FF492AE87E64FF0FF33BDF9F3
:100430001200BDF916100393454682B2D0468BB226
:1004400034E6BDF92670BDF92A309F427FF78FAEA2
:100450006AE600BF2DE9F0470C4692B00546164605
:10046000FFF7FEFC236913B1A37E022B02D812B062
:10047000BDE8F0873146AA6806A8F4F76BFA0028B1
:10048000F5D006ABAF682069AB60EEF737FF022806
:10049000216909D0084605A9F2F710FD01285CD0B2
:1004A000AF6012B0BDE8F0874FF0000841F6FF736F
:1004B000CDE90138CDF800804346626905A8F8F718
:1004C00017FBC4464046B6F80490318809F101098B
:1004D0007288B6F806E0A9EB0109BDF91460C9F30A
:1004E000C03A0AFA89F906EBD67AA1EB6A0101EB68
:1004F00069010EF1010EBDF91630AEEB020E89B2A4
:10050000013E0E4461F30F0CCEF3C03101FA8EFEB2
:1005100003EBD371A2EB610202EB6E0292B2013BDC
:10052000134466F30F0062F31F4C63F31F40CDE9E1
:1005300008C00AA8EEF7FCFECDF80080D4E904322A
:100540000A92228B2846ADF83420A27E0AA98DF8A3
:10055000422008AAEEF704FFA2E70AA8EEF71EFD64
:100560009DF83430A278BDF8160062F303038DF8CD
:100570003430638BC0F34A105BBAADF83230238B52
:1005800094F81C80ADF83030B6F90230421EB6F94E
:1005900006E092B299B2B8F1000F48D00A44734510
:1005A000ADF82620ADF822303FF77AAF059AC2F3B6
:1005B0008A2CB6F90420B6F9001001F1FF38C444C2
:1005C0009142ADF82010ADF824C02BDC236908AAB5
:1005D00028460AA9EEF7F4FC059BBDF82420C3F3D6
:1005E0008A2CBDF8203062446344ADF82420B6F96B
:1005F00004201BB29342ADF82030E7DDBDF81600B1
:10060000BDF82230C0F34A10BDF92610B6F906E055
:1006100003441BB201449E45ADF82230ADF82610CC
:10062000C9DA3DE703441BB27345FBDD38E72369B4
:1006300044460EF1010CC646B6F80490368809F11E
:100640000109DDF81480A9EB0609C9F3C03A0AFADA
:1006500089F9C8F3C92AA6EB0A0606EB6906C8F3AE
:100660008A28ACEB010CB6B208F1FF38B04466F34F
:100670000F04CCF3C036A1EB500006FA8CFC00EB63
:100680006C0080B2024468F30F0E60F31F4462F303
:100690001F4E28460AA908AACDE9084EEEF790FC9D
:1006A000FEE600BF2DE9F04FA7B09DF8CC409DF8C5
:1006B000C86083460846029490460C461F46BDF922
:1006C000C0900196F0F7B0FC0546002864D157EAC7
:1006D000090361D10DF17C0A1C215046F6F7F8FBA5
:1006E000BDF8C4302168B8F90250B8F90420B4F953
:1006F0000490ADF8843019AB1F9308B26B1EB5EBB4
:10070000214F8DF89460ADF86A300192B4F906700B
:10071000B8F90660B8F900301991ADF868904FEA61
:100720002142029080F21E83384631460131B742A1
:10073000ADF86A00ADF8661080F2E6839542ACBF72
:10074000B8F90220B4F90220B742ADF86620B8F833
:100750000010ACBFB8F90620B4F906200139ADF895
:100760006A20029AADF8681021889342ADF86410AF
:1007700080F2C583B8F80430A2880133ADF8643044
:10078000019BADF86820994503DB51465846FCF7BC
:1007900021FE27B0BDE8F08F2146DBF808200FA826
:1007A000F4F7D8F80028F4D0BDF84060BDF83C302C
:1007B0000136F61A33B21E460DF17C0A1C21504652
:1007C0000993F6F785FB3046F5F79AFF002F229044
:1007D00000F3CA804FF0FF3305934A460123414698
:1007E00019A8F1F75BF8002119A8F0F739FA019B75
:1007F000B4F906208DF89430029BB8F902108DF8F8
:100800009530BDF8C4300890ADF88430B4F90230AA
:10081000B8F9060003EB070989450493A2EB070327
:10082000B8BF89468342A8BF034607921BB211AAEC
:10083000039106901F9224920FFA89F90193002DDB
:1008400040F09E80B8F90400B4F90020B8F90030F7
:1008500006460A90D0199842B8BF1846B4F9041059
:1008600084460291C91BB142A8BF314630460FFAF7
:100870008CF60B9693420EB20C962EDB064602982F
:10088000864240F3CA8001218DF88C10DDE9031007
:1008900081422ADADDE90610814240F3D38119460C
:1008A000104609930139019BADF84400ADF848109A
:1008B000584651460D92ADF84A30ADF84690FCF7D7
:1008C00089FD0A9B029A9342099B0D9A40F3D880B6
:1008D000BDF93C00BDF94010ECE001218DF88C1011
:1008E000DDE903108142C0F2A98109930B9B5846B0
:1008F000ADF844300C9B0D92ADF84830049BADF838
:100900004630039B591EADF84A105146FCF762FD74
:10091000DDE906329342099B0D9A40F3038293422C
:1009200080F20E830A990298814240F3A9800B99C4
:10093000BDF93C004D1EBDF94010C0F101048D42CF
:10094000A8BF0D462C440FFA84F8B8F1000FADF89B
:100950004400ADF84850A4B240F39E81BDF93E502A
:10096000A94500F3C08091E100233A46214613A82F
:10097000F0F794FF002113A8F0F772F905902CE727
:10098000BDF83C30BDF93E40ADF84430BDF84030D4
:10099000ADF84830BDF942309C4229DC07998842C5
:1009A00040F36A82DDE90357099EBD4201DAA145A1
:1009B0001BDC019BA3421BDB0FFA84F83146229813
:1009C000ADF84680ADF84A80F6F7D8FA334642468D
:1009D000BDF93C102298F0F79DF951468DF88C0036
:1009E0005846FCF7F7FCBDF942300134A342DCDA8B
:1009F00019A8F0F7A3FA0898F0F7ECF9059B013372
:100A000005D013A8F0F79AFA0598F0F7E3F92298C1
:100A1000F5F72EFF27B0BDE8F08FDDE90306B04201
:100A200080F2598101218DF88C10DDE90610814298
:100A300000F3738209930B9B5846ADF844300C9B2E
:100A40000D92ADF84830079BADF84A30069B591C13
:100A5000ADF846105146FCF7BDFCB8F90010019BFB
:100A60000139ADF848102188ADF84690ADF84A300C
:100A7000ADF8441051465846FCF7ACFC099B0D9A62
:100A8000B8F90410B4F9040009930131019BADF8E1
:100A90004800ADF84410584651460D92ADF84A3022
:100AA000ADF84690FCF796FCBDF93C00BDF940104E
:100AB000099B0D9A0B9CADF84400651E8D42A8BFA2
:100AC0000D46C0F101042C440FFA84F8B8F1000F70
:100AD000ADF84850A4B24FDD9342C0F23682BDF962
:100AE0003E50A9451FDD174609932EB22146229894
:100AF000ADF84660ADF84A60F6F740FA4346324634
:100B0000BDF944102298F0F705F901358DF88C00F5
:100B100051465846FCF75EFC4D45E6D13A46099BE6
:100B20009342C0F2B380019ABDF9423001329A4239
:100B30001EDC019D6E1C37B221462298ADF846702E
:100B4000ADF84A70F6F71AFA43463A46BDF9441032
:100B50002298F0F7DFF851468DF88C005846FCF7E4
:100B600039FC2B46BDF9422002339A423546E1DA80
:100B7000BDF93C00BDF940100C9B4C1C0133834275
:100B8000B8BF0346E41A0FFA84F8B8F1000FADF8C5
:100B90004810ADF84430A4B249DD0A9B029A934252
:100BA00000F38B80BDF93E504D451CDA2EB2214634
:100BB0002298ADF84660ADF84A60F6F7DFF9434693
:100BC0003246BDF944102298F0F7A4F801358DF8AB
:100BD0008C0051465846FCF7FDFB4D45E6D10A9B7B
:100BE000029A934272DC019DBDF942306A1C9A421E
:100BF0001DDC6F1C3EB221462298ADF84660ADF870
:100C00004A60F6F7BBF943463246BDF944102298D4
:100C1000F0F780F851468DF88C005846FCF7DAFB67
:100C20002B46BDF9422002339A423D46E1DA19A82B
:100C3000F0F784F90898F0F7CDF8E2E6DDE9061060
:100C4000814202DCDDE9061070E00A9902988142D7
:100C50007FF71AAF0B99BDF93C004D1EBDF940104E
:100C6000C0F101048D42A8BF0D462C440FFA84F850
:100C7000B8F1000FADF84400ADF84850A4B27FF7CA
:100C80007BAFDDE90310814280F25481DDE9063259
:100C900093427FF748AF6BE70C9B4C1C01338342B8
:100CA000B8BF0346E41A0FFA84F8B8F1000FADF8A4
:100CB0004810ADF84430A4B2B9DDDDE90332934207
:100CC00004DBBDF93E50A9453FF770AFDDE90632C0
:100CD000934288DDABE7DDE90606B04205DC013171
:100CE000A1EB0C0109B2312949DD012109930B9BCC
:100CF0008DF88C10ADF844300C9B5846ADF8483058
:100D0000049B0D92ADF84630039B591EADF84A1076
:100D10005146FCF75FFBDDE906329342099B0D9AD1
:100D200000F30E81B8F90610B4F9060009930B9B85
:100D30000131ADF844300C9BADF84A00ADF84610D7
:100D4000584651460D92ADF84830FCF743FB099BDD
:100D50000D9A934280F2F4800A99029881423FF7FB
:100D600079AF8DE651465846CDE90332FCF732FBA8
:100D7000DDE90332B8F90610B4F90600D6E4013B08
:100D8000ADF848300123019E51465846ADF8442045
:100D9000ADF846908DF88C30ADF84A60FCF71AFB40
:100DA000B8F8043051460133ADF84430B4F904309A
:100DB0005846ADF84690ADF84830ADF84A60FCF7BB
:100DC00009FBB8F90290B4F90280BDF94030A9EBF3
:100DD0000809B945B8BFB946ADF848300FFA89F9E6
:100DE000BDF83C30B9F1000FADF844307FF71FAFCC
:100DF0004746099E09E0BDF94230434533DA0135E3
:100E00004D453FF414AFB4F90270B4F80680ABB2AC
:100E10001F44A8EB0308BDF93E303FB2BB420FFAB6
:100E200088F803DDBDF942304345E8DB31462298BE
:100E3000F6F7A4F833463A46BDF944102298EFF786
:100E400069FFBDF93E308DF88C00BB42D3DC5146C2
:100E50005846ADF84670ADF84A70FCF7BBFABDF9DC
:100E600042304345CBDB51465846ADF84680ADF89D
:100E70004A80FCF7AFFAC2E7DDE903218A42099E06
:100E80001FDB25B231462298ADF84650ADF84A50E6
:100E9000F6F774F833462A46BDF93C102298EFF76E
:100EA00039FF51468DF88C005846FCF793FABDF98E
:100EB00042300134A342E4DA9AE50134A342FFF65A
:100EC00097AD4C4525B2F8DB31462298ADF8465037
:100ED000ADF84A50F6F752F833462A46BDF93C10B1
:100EE0002298EFF717FF51468DF88C005846FCF713
:100EF00071FABDF9423001349C42E2DD78E5514699
:100F00005846FCF767FA35E451465846CDE90332B6
:100F1000FCF760FADDE9033210E4ADF844200D92ED
:100F2000019A591EADF84690ADF84A200993ADF8E4
:100F300048109FE5BDF93E504D45FFF6D4ADEFE5B5
:100F4000B4F90000B8F90010ABE4DDE90310814208
:100F5000FFF69CAEBDF93E504D45FFF6C4AD95E69B
:100F60002DE9F04FB1F92E308B4681469246ADB057
:100F7000002B00F00F8391F83620022A099240F2EC
:100F80000983012BB1F9348000F00D84099ABAF875
:100F90000060FE2A28BFFF220992BBF830201FFA0A
:100FA00088F8164402EB0804BAF80420BBF8325063
:100FB000BAF802701444BAF806202F44B6B2454479
:100FC000154403EBD373A6EB0802C3F34F03013AB6
:100FD000D21ABFB2ADF85020A7EB0802591C013A53
:100FE000D31A89B2A4B2ADB2ADF852306318294415
:100FF000ADF85610D9F8082014A916A8ADF8543049
:10100000F3F7A8FC0B90002800F0C4824FF0FF32E9
:10101000DAF8043011461993DAF8003018A818935A
:10102000F3F75EFC08F101039BB2ED1B1C442B445B
:10103000A5B2A81B00B21AB29042A8BF10469FB238
:10104000BDF86430BDF86040BDF8661001331B1B6D
:101050004410BDF86200BBF900200131091A944226
:101060001BB209B2A8BF14468B42A8BF0B465B1047
:101070009342A8BF1346BBF92E100C93214401FBE9
:1010800001F040000691F5F73BFB711BBBF92E50B8
:101090000A9005EBD572C2F34F0265F001031344C9
:1010A000234401329BB292B21944ADF87C30BB1894
:1010B000ADF87810ADF87A20ADF87E30224624A83D
:1010C00000231EA905F0010607901096F0F7E6FB35
:1010D000012D2C4400F04D832046F5F711FB002C28
:1010E00001464FEA650540F3FB87671E0F44630026
:1010F00022B2CDE90EBACDF83490002689469A4640
:10110000DDF82880DDF81CB00592089707E040461E
:1011100051460136F5F7DCFEB442D0442EDD2146BF
:101120004846F5F72BFF00214846059B249FCDF844
:1011300000B032B2B8470028E9D099F80030012C4D
:101140004FEA831393FBF5F3A8F8003016D04B4613
:101150004046089F9C4613F8012F9CF800C091015F
:10116000944500F0188391FBF5F19F4220F8021F8F
:10117000F0D108970136B442D044D0DC4946DDE9CD
:101180000D9B0846DDF83CA0F5F772FB0798EFF7DA
:10119000D5FE012D00F0408629460A9A0598FEF7F3
:1011A0003BFD109B04FB04F42B4419B201299DB2B2
:1011B00019DD4FF47F57B7FBF5F784B10A9B03EBBA
:1011C0004406023E023B33F8022F90012AB1FF2A67
:1011D00016BFB0FBF5F01F801880B342F3D105981D
:1011E0000A9AFEF719FD5CB10A9A02EB4404931EB9
:1011F000A01E013A33F8021F834202F8011FF9D101
:1012000014A8EFF711FF28B9BBF80230B3F57F4FF0
:1012100000F0F38601230C9A18A91EA8F0F73EFBF4
:1012200000211EA8EFF71CFD002310900B93BDF8C2
:101230005400BDF850300130C01A00B2F5F760FA22
:1012400004461C2108900798F5F742FEBDF954307A
:10125000BDF85610ADF86C3001339AB2BDF952307A
:101260000131ADF86A309BB2C91ABDF8500027941D
:10127000C1F3C03404FA81F103EB61015D1E131A5E
:10128000C3F3C03404FA83F3BDF8184000EB6300E5
:10129000131B00B21BB28342B8BF0346621912B2DD
:1012A000ADF868300BB293420593A8BF1346ADF872
:1012B0006E30BBF82C308AB2ADF898309BF83630DF
:1012C0000DF168088DF8A8309BF802300D900F9250
:1012D0004146D9F808201CA8CDF89080CDF8A4800C
:1012E0008DF8A930F3F736FB002840F0AB83BDF949
:1012F00054300D9AADF86C3001331B1B1BB2934276
:10130000B8BF1346ADF86830BDF95630059AADF850
:101310006E3001331B1B01321BB29342B8BF134620
:101320000E924146D9F808201CA8ADF86A30F3F7B0
:1013300011FB002840F02F83BDF95230059AADF81B
:101340006A30013B23441BB29342A8BF1346ADF859
:101350006E30BDF8503041462344ADF86830BDF8DA
:101360005430D9F808201B1B1CA8ADF86C30F3F7DB
:10137000F1FA002840F0BE82BDF956300E9AADF861
:101380006E3001331B1B1BB29342B8BF1346ADF83E
:101390006A30BDF8503041462344ADF86830BDF89E
:1013A0005430D9F808201B1BADF86C309BF8363050
:1013B0001CA88DF8A830F3F7CDFA002840F0488239
:1013C0009BF83600BDF85220BDF95430BDF85610D8
:1013D00022448DF8A8000598ADF86C3012B20133A4
:1013E0001B1B091B90421BB209B202DA0F9A013291
:1013F00012B2ADF86A20059A1CA88A42B8BF0A4604
:101400000D99ADF86E208B42B8BF0B46D9F8082075
:101410004146ADF86830F3F79DFA002840F0CC81E2
:10142000069B002B1CDD012B4FEA630603F1FF3501
:1014300016D000209C460A9F3D442B467A1E12F887
:10144000011F93F800E082F800E003F80119E91A9F
:10145000B142F4DB013000B2844567446544ECDC02
:10146000BDF85220BDF95030BDF856100598224401
:10147000ADF8683012B2013B2344091B90421BB205
:1014800009B202DA0F9A013212B2ADF86A200D9A4F
:101490001CA8571E059A8A42B8BF0A46BB42A8BF7D
:1014A0003B46ADF86E204146D9F80820ADF86C30C7
:1014B000F3F750FA002840F06584BDF95030059AE2
:1014C000ADF86830013B23441BB2BB42A8BF3B468A
:1014D000ADF86C30BDF952304146ADF86A30013B91
:1014E00023441BB29342A8BF13461CA8D9F8082076
:1014F000ADF86E30F3F72EFA002840F0E883BDF91E
:1015000050300E9AADF86830013B23441BB2BB4209
:10151000A8BF3B46ADF86C30BDF956304146ADF83A
:101520006E3001331B1B1BB29342B8BF13461CA87D
:10153000D9F80820ADF86A30F3F70CFA002840F02B
:101540007183089B41462793BDF85030D9F8082095
:101550002344ADF86830BDF854301CA81B1BADF80F
:101560006C30BDF852302344ADF86A30BDF85630C7
:101570001B1BADF86E30F3F7EDF9002840F0168331
:101580000B9B002B00F00B830A98F5F771F9089874
:10159000F5F76EF9524659464846FEF761FCDBF80E
:1015A00010301BB19BF81A30022B72D89BF8221016
:1015B000022964D9BBF92020002A60D09BF823407F
:1015C00014F03E0F5BD0E50759D4BAF80470BAF8AE
:1015D0000650BAF800C0BAF802607B1C681CA3EB86
:1015E0000C03801B1BB200B28342A8BF0346BBF9A9
:1015F00000005B108342A8BF0346C4F3440E92B2BE
:10160000240748BF144698B25EBF14186442A4B2BF
:101610001EF0080FA44411BF144614186442A4B26B
:101620001EF0020FA7EB040711BF14461418644202
:10163000A4B21EF0010F264414BF14461418A0EBE8
:10164000020212B222EAE272009202919BF80210A8
:1016500008BF64420391BBF81E1008BFA4B22D1B43
:10166000ADF804104846514624AAADF890C0ADF834
:101670009470ADF89260ADF89650FFF713F89BF8B0
:101680002A20022A02D9BBF9263013BB2DB0BDE8AF
:10169000F08F5146D9F808201CA8F3F75BF9002811
:1016A00084D01CABD9F80840DBF81000C9F808302A
:1016B000EDF724FE0228DBF8101000F01B8208462C
:1016C0001AA9F1F7FBFB012800F09C84C9F8084037
:1016D0006CE70292BBF824209BB2ADF80420BBF863
:1016E0002860BAF80010013EB6B2BAF90220C1F182
:1016F0000104891BBAF90470BAF9065089B2ADF831
:10170000781092B2C91AADF8901037443544C2F13E
:101710000101BFB2ADB2344431443C44294424B247
:1017200009B28C42A8BF0C46ADF87E501D44ADF8FE
:101730009650BBF900506410AC42A8BF2C46921BD7
:1017400092B2ADF87A20D21AADF892209BF802201E
:10175000ADF87C701F442344039248461EAA24A976
:1017600000941BB2ADF89470FEF79CFF2DB0BDE85D
:10177000F08F2046F4F7C4FF002C01463FF7B5ACCC
:10178000F5F776F80798EFF7D9FB04FB04F4002C83
:101790003FF436AD42E302889F4220F8022F7FF4E7
:1017A000D9AC0897E6E4B8F1000F3FF7EFAB0A6B4E
:1017B000002A7FF4EBABEDE60C9A18A91CA8F3F70E
:1017C00001FB00287FF42CAE0698BDF95430BDF91A
:1017D00070201B1A0133D31A411E00FB01330A99F2
:1017E000CF18BDF8743001339B1A9AB21EB20B9B0E
:1017F0000992002B40F09F84089B002E27937FF7CF
:101800000FAE4FF00202BDF87030BDF97250ADF866
:101810006830BDF874308DF8A020ADF86C30BDF99B
:101820007630AB42FFF6FCAD0B9B002B00F0C18382
:10183000079E31464846ADF86A50ADF86E50FBF74A
:10184000C9FD0135BDF976302DB2AB42F1DAE7E5DD
:101850000C9A18A91CA8F3F7B5FA064600287FF4DD
:10186000AFADBDF97420BDF97010531C5B1A1FB2E7
:10187000002F9BB211937FF7A3AD0B98BDF96E308B
:10188000BDF97650002840F0EC84ADF86C20089A41
:10189000ADF868102792BDF97220AA423FF790ADCB
:1018A0005E1B069A0A9B02FB0636ADF86A50ADF83D
:1018B0006E503178119A0898F5F78CFA3B462A4613
:1018C000BDF970100898EFF725FA01280CBF022324
:1018D0008DF8A0000799484608BF8DF8A030FBF7A7
:1018E00079FD069B013D1E44BDF972302DB2AB421D
:1018F000DBDD65E50C9A18A91CA8F3F763FA00284C
:101900007FF43AADBDF97420BDF97010531C5B1A19
:1019100098B21FB20B9BBDF97250BDF96A6011906D
:10192000002B40F01884002F7FF726AD089BADF800
:1019300068102793BDF97630ADF86C20AB42FFF606
:101940001BAD0A9B069AAE1B02FB0636ADF86A5029
:10195000ADF86E503178119A0898F5F73BFA3B468E
:101960002A46BDF970100898EFF7D4F901280CBF8A
:1019700002238DF8A0000799484608BF8DF8A030D3
:10198000FBF728FD069B01351E44BDF976302DB2CC
:10199000AB42DBDAF0E40C9A18A91CA8F3F712FAB0
:1019A00000287FF4C9ACBDF87430BDF97060BDF992
:1019B000762001339B1B1FB21192BDF954300B9A54
:1019C0001293BDF96E30002A40F0A583002F7FF7F7
:1019D000B3AC4FF00201089ABDF976502792BDF8DA
:1019E00070208DF8A010ADF86820BDF87420ADF817
:1019F0006C20BDF97220AA423FF79EAC119A06995D
:101A00009B1A129A521A0132B61A01FB03660A9BFC
:101A10001E440B9B002B00F0A6820F461194079CDE
:101A200021464846ADF86A50ADF86E502796013D04
:101A3000FBF7D0FCBDF972202DB2AA423E44EFDD87
:101A4000119C79E40C9A18A91CA8F3F7BBF900289B
:101A50007FF44DACBDF87430BDF97060BDF9522013
:101A600001339B1B1FB20E92BDF954300B9A119398
:101A7000BDF97230002A40F06683002F7FF737AC43
:101A80004FF00201089ABDF972502792BDF87020FC
:101A90008DF8A010ADF86820BDF87420ADF86C206A
:101AA000BDF97620AA42FFF622AC0E9A06999B1A3F
:101AB000119A521A0132B61A01FB03660A9B1E44A0
:101AC0000B9B002B00F029820F460E94079C2146A9
:101AD0004846ADF86A50ADF86E5027960135FBF7D1
:101AE00079FCBDF976202DB2AA423E44EFDA0E9C75
:101AF000FFF7FDBB002541F6FF73CDE901350095E9
:101B00002B46DBF814201AA8F6F7F2FFBAF80410F7
:101B1000BAF800300131BDF96870C91AC1F3C03C90
:101B20000CFA81FC07EBD771BAF80660A3EB6101F0
:101B3000BAF8022001EB6C0189B27B1E0136BDF9B7
:101B40006A000B44B61AADF87C30C6F3C03303FA12
:101B500086F600EBD073A2EB630202EB660292B250
:101B6000431E134424A8ADF87810ADF87A20ADF8E0
:101B70007E30EDF7DDFB0095DBF81430484624930A
:101B8000BBF8183024A9ADF89C309BF81A301EAA77
:101B90008DF8AA30DBF81030EDF7E2FB96E51EA8D1
:101BA000EFF7CCF91098EFF715F9EDE40C9A18A9B6
:101BB0001CA8F3F707F900287FF4E2ACBDF97430F4
:101BC000BDF970205D1CAD1A2EB2002EADB27FF7AC
:101BD000D7ACBDF97240ADF86C30BDF97630ADF8D8
:101BE0006820A342FFF6CCACDDE9078729463846DA
:101BF000ADF86A40ADF86E40F5F7C0F933462246BD
:101C0000BDF970103846EFF785F841468DF8A00011
:101C10004846FBF7DFFB0134BDF9763024B2A3421E
:101C2000E4DAADE40C9A18A91CA8F3F7CBF8002865
:101C30007FF487ACBDF97620BDF874300592BDF90C
:101C40006820BDF97060013309920B9A9B1B1FB28B
:101C5000BDF96E30002A40F06682089A002F279264
:101C60007FF76FAC4FF00201BDF87020BDF97650E0
:101C7000ADF86820BDF874208DF8A010ADF86C2088
:101C8000BDF97220AA423FF75CAC059A9B1A099AEB
:101C9000B61A069A02FB03660A9B1E440B9B002B96
:101CA00000F0158117460594079C21464846ADF87B
:101CB0006A50ADF86E502796013DFBF78BFBBDF9DE
:101CC00072202DB2AA423E44EFDD059C39E40C9A05
:101CD00018A91CA8F3F776F800287FF410ACBDF91A
:101CE0006A20BDF87430BDF970600992BDF96820B2
:101CF00001339B1B0D920B9A1BB20593BDF97230F9
:101D0000002A40F00082089A2792059A002A7FF75D
:101D1000F6AB4FF00201BDF87020BDF97250ADF87E
:101D20006820BDF874208DF8A010ADF86C20BDF9C6
:101D30007620AA42FFF6E3AB099A9B1A0D9AB61ACF
:101D4000069A02FB03660A9B1E440B9B002B00F0C5
:101D5000988005940997069C2F46079D294648467A
:101D6000ADF86A70ADF86E702796FBF733FBBDF9DE
:101D700076107B1C1FB2B9422644EFDA059C099FFE
:101D8000FFF7BDBB0C9A18A91CA8F3F71BF8002895
:101D90007FF493ABBDF970200698BDF96830411E01
:101DA000D31A00FB01330A99CB180993BDF874309C
:101DB00001339B1A9AB21EB20B9B0D92002B40F07E
:101DC0009B81089B002E27937FF777AB4FF0020291
:101DD000BDF87030BDF97250ADF86830BDF87430A0
:101DE0008DF8A020ADF86C30BDF97630AB42FFF62F
:101DF00064AB0B9B0BB3079E31464846ADF86A5067
:101E0000ADF86E50FBF7E6FA0135BDF976302DB22C
:101E1000AB42F1DAFFF751BB04FB04F40A9B03EB7E
:101E20004404A01E9A1E591E32F8023F9B098242AA
:101E300001F8013FF8D1FFF7E3B90D9ADDE9080198
:101E4000ADF86A50ADF86E50F4F79EFD33462A4661
:101E5000BDF970100898EEF75DFF01280CBF022352
:101E60008DF8A0000799484608BF8DF8A0300135CD
:101E7000FBF7B0FABDF976302DB2AB42DDDAFFF7F1
:101E80001CBB3146069A0898ADF86A50ADF86E5002
:101E9000F4F77AFD059B2A46BDF970100898EEF715
:101EA00039FF01280CBF02238DF8A000079948468E
:101EB00008BF8DF8A030FBF78DFA069B01351E4454
:101EC000BDF976302DB2AB42DBDAFFF718BB3146F5
:101ED000069A0898ADF86A50ADF86E50F4F754FDC4
:101EE0003B462A46BDF970100898EEF713FF01280B
:101EF0000CBF02238DF8A0000799484608BF8DF853
:101F0000A030FBF767FA069B013D1E44BDF9723015
:101F10002DB2AB42DBDDFFF714BB3146069A0898C1
:101F2000ADF86A50ADF86E50F4F72EFD3B462A46E8
:101F3000BDF970100898EEF7EDFE01280CBF0223E2
:101F40008DF8A0000799484608BF8DF8A030FBF730
:101F500041FA069B01351E44BDF976302DB2AB42E5
:101F6000DBDAFFF7C4B93146069A0898ADF86A5033
:101F7000ADF86E50F4F708FD3B462A46BDF97010E7
:101F80000898EEF7C7FE01280CBF02238DF8A000C9
:101F90000799484608BF8DF8A030FBF71BFA069B4F
:101FA000013D1E44BDF972302DB2AB42DBDDFFF7BF
:101FB000C3B93946099A0898ADF86A50ADF86E5021
:101FC000F4F7E2FC33462A46BDF970100898EEF7A4
:101FD000A1FE01280CBF02238DF8A00007994846F6
:101FE00008BF8DF8A0300135FBF7F4F9BDF9763064
:101FF0002DB2AB42DDDAFFF713BA4FF0FF33109387
:10200000FFF715B924AB18460793ECF7C7FF9DF807
:102010009C309BF80220BDF86A0062F303038DF840
:102020009C30BBF81A30C0F34A105BBAADF89A3056
:10203000BBF818309BF81C10ADF89830BAF9023094
:10204000451EBAF90660ADB29AB2002900F0D680FA
:102050002A44B342ADF87E20ADF87A303FF736AB74
:102060001A9ABAF90410079DC2F38A22BAF90070CD
:1020700007F1FF3C62448F42ADF87870ADF87C20E8
:1020800000F34B812946DBF810301EAA4846ECF7D6
:1020900097FF1A9ABDF87C10BDF87830C2F38A22F7
:1020A00011441344ADF87C10BAF904101BB28B42F2
:1020B000ADF87830E6DDBDF86A00BDF97E60BDF8A8
:1020C0007A30C0F34A1006440344ADF87E60BAF992
:1020D00006601BB2B342ADF87A30C7DDFFF7F6BA3F
:1020E000F4F7C6FB0798EEF729FF012D3FF44DAB3F
:1020F00023B20593FFF750B80C9A18A91CA8F2F761
:10210000ABFE099B5EE60C9A18A91CA80F93F2F788
:10211000A3FE0F9BF7E50C9A18A91CA81393F2F7DE
:102120009BFE139B52E40C9A18A91CA80D93F2F77E
:1021300093FE0D9B91E50C9A18A91CA8F2F78CFE52
:102140003B46FFF75ABB0C9A18A91CA81293F2F74A
:1021500083FE129B91E40C9A18A91CA8F2F77CFE4E
:10216000002F7FF709A900232793BDF97430BDF92B
:102170007270ADF86C30BDF87030ADF86830BDF9F4
:102180007630BB42FFF6F8A80A9B069AAD1B02FB0D
:102190000535099B1646FF2B1CD02B4625461C46B1
:1021A000ADF86A70ADF86E7021789BF8363048460D
:1021B00013FB01F307991B128DF8A8300137FBF7C9
:1021C00009F9BDF976303FB2BB423444E8DA2C4617
:1021D000FFF7D2B8ADF86A70ADF86E702B7848464C
:1021E00007998DF8A8300137FBF7F4F8BDF9763080
:1021F0003FB2BB423544EDDAFFF7BEB8BAF804701F
:10220000A2EB5003BAF8000001360137B61A3F1AA4
:102210001A9AC7F3C03C0CFA87F7C2F3C92CA0EB9B
:102220000C0000EB6700C2F38A2280B2013A02443C
:10223000ADF87C20C6F3C03202FA86F603EB6603E3
:102240009BB21D44ADF87800ADF87A304846079946
:10225000DBF810301EAAADF87E50ECF7B1FEFFF7A8
:1022600035BA0C9A18A91CA81193F2F7F5FDBDF91F
:1022700074202796ADF86C20BDF87020BDF976600B
:10228000ADF86820BDF97220119BB2423FF798A8C3
:102290000A9A06995B1B01FB0325099BFF2B22D0A1
:1022A00033460F4626461C460C9A18A91CA8ADF8C2
:1022B0006A40ADF86E40F2F7CFFD29789BF83620E2
:1022C000484612FB01F2079912128DF8A820FBF77D
:1022D00081F8BDF97220631E1CB2A2423D44E3DDC9
:1022E0003446FFF76DB80C9A18A91CA8ADF86A60BF
:1022F000ADF86E60F2F7B0FD2B78484607998DF87F
:10230000A830FBF767F8069B013E1D44BDF972300B
:1023100036B2B342E7DDFFF753B803441BB2B34212
:102320003FF7D4A903441BB29E42FBDAFFF7CEB9B4
:102330002DE9F04F4FF48034A1B0BDF9A8006FF043
:1023400009060490BDF9AC00A84F0B902C980A9296
:10235000B0F9005040880995B4FBF0F0079028468A
:102360006D42994687FB0523ED17C5EBA30505FBD9
:1023700006F69DF8B4302C9A1593B2F90430B2F9F0
:102380000620361A28B28A4613910C920D93F3F761
:102390008FFF03466C1C20B29846F3F789FF044672
:1023A00005F15A0000B2F3F783FF034605F15B0025
:1023B00000B21D46F3F77CFF06FB04F406FB00F3B6
:1023C000C6F10A0606FB084406FB053387FB040139
:1023D00087FB0307E417C4EBA104BAF80620DB1758
:1023E0006111C3EBA703BAF90260BAF904400132E4
:1023F000059159110D9B921BBAF9005018021891C2
:102400000C9B11B2621C521B0E9000294FEA032054
:1024100093B212B210910F90029240F3B181520028
:10242000591E11922F9A8BB202EB03082E9A0020AC
:1024300002EB4302159B0190043B12933346039237
:10244000019A47461344099A1791DDF814802946EA
:102450004D46002A75D1079AB2F5807F00F093812E
:102460000D9A0C98891A1B1AA21A07980E9C0F9E97
:1024700000FB014100FB036300FB02420998029C40
:10248000012C40F39080179C521A1202000292FB1A
:10249000F4FB90FBF4F903F1800A2C9B01F1800618
:1024A0001B7DDC0700F13281129A102A29D8DFE85F
:1024B00012F07E00FC007E00280028002800280082
:1024C00028002800280028002800280028002800CC
:1024D0002800C80006EB22231B1208D4059D0AEB36
:1024E000202CAB4203DA5FEA2C2C40F1518100230F
:1024F00001F8013F8F425A4404F102044844E9D1F3
:10250000059D2E9A119902980A442E922F9A019BAA
:1025100002442F92039A01330A440392109A0193C2
:102520001BB29A42074440F32B81139AB2F902304E
:10253000B2F90010B2F90440019A1344099A002A32
:1025400089D00C98189E1B1A03FB08F006FB03F3B6
:102550000D9A891AA21A02FB06F402FB083201FB4B
:10256000083306FB01F1241A091A0798B0F5807F99
:1025700000F0FA80064602FB00F0324606FB01F14D
:1025800004FB02F20E9C06FB03F304EBA12104EB17
:10259000A222029C0F9E8012012CA0EBA32006EB2E
:1025A000A3233FF770AF4FF00009CB4673E7ECF77A
:1025B000ADF8036802992F981C8FF4F7DFFC029B9B
:1025C000002B9EDD159B062B0B9B00F0F281012B4F
:1025D00040F0DF83DDE92E100024CDF81480224680
:1025E000A446DDF80C8006971AE000BF67666666B1
:1025F0009D420AEB242E17DD5FEA2E2E14D4049F91
:102600007344774510DD0A9F884537F813305A44E4
:102610000B8000F101004C4401F102030ED0194679
:1026200006EB22231B12E3D5884580F800C05A44EC
:1026300000F101004C4401F10203F0D1DDE905870E
:102640005FE7029B002B7FF75CAF00200B9B0246ED
:10265000012B2F9B2E9CDDF810E003F1FF31059537
:102660001DD037E7059D0AEB202C9D421BDD5FEA5C
:102670002C2C18D4E645634415DD0A9D35F813C0AB
:10268000A4F800C005EB4E0C1CF8033001F8013F24
:102690008F425A4404F1020448443FF431AF06EB40
:1026A00022231B12DED50023F0E7029B002B7FF7CD
:1026B00028AF00200B9B0246012B2F9B2E9C03F181
:1026C000FF311DD0C0E19D420AEB202C1CDD5FEAEA
:1026D0002C2C19D4634403EB430E049B634513DD98
:1026E0000A9B33F80EC07344A4F800C09B7801F82D
:1026F000013F8F425A4404F1020448443FF401AFC1
:1027000006EB22231B12DED50023F0E74FF0000377
:10271000129AADF86C30102A3FF6F3AE01A353F8CD
:1027200022F000BF172C02107F2A0210B3270210DC
:1027300003250210032502100325021003250210B1
:1027400003250210032502100325021003250210A1
:102750000325021003250210032502100325021091
:1027600003250210BF27021090100E9AA0EBA300C1
:1027700002EBA10102EBA4020F9C04EBA3037EE693
:1027800021B0BDE8F08F099809021B02220276E60B
:10279000F445BFF6ACAE0B9D0CFB05330EFB05FC00
:1027A0000A9D05EB4C0C35F8135025801CF80330BE
:1027B0009EE6EBF7ABFF03681B8FADF86C30029B16
:1027C000002B7FF79EAE01231F930021DDE92E43EE
:1027D0006A1E1D92B4460A46CDE90575CDF878808B
:1027E000CDF82090CDF850A00CEB222E5FEA2E20E1
:1027F00065D4069D854262DD149E06EB21285FEAC2
:1028000028265CD4049DB54259DD1EF0800F5FFA86
:102810008EF95FFA88FA40F09E80C9F17F094FEA8D
:1028200049054FF0FF39199518F0800F40F08B8063
:10283000CAF17F0A4FEA4A051A954FF0FF351695FF
:102840000B9D09EB000806FB05FA0A9D0AEB000E3A
:1028500005EB4E05B8F1FF3F1C9500F08980069D01
:10286000A8453BDA169F07EB0608B8F1FF3F35D0C5
:10287000049DA84532DA4FEA49050B9E16951F9D27
:1028800007FB06FA002D00F0DA81159D142D00F0EB
:10289000AA82062D00F01083FF2018700A98169D5A
:1028A00030F81E601C9830F81AE030F80580D0E14E
:1028B00004980138B04202D11698012830D04FF068
:1028C00000001870059D08989D4201445A4404F187
:1028D000020403F1010046D0034685E70A9D35F85E
:1028E0001EE0159DA4F800E0062D00F09F80142D39
:1028F0005AD1049D0B9F07FB05FE0A9D05EB4E0E6A
:10290000D6441EF80080002847D01D9D85420FD078
:10291000002ECDD11698013002D004980128CED1D6
:102920001A98C0F1FF0010FB08F000121870C9E7F8
:10293000B9F1010FECD11998C0F1FF0010FB08F0BC
:1029400000121870BEE7AAF1800A4FEA4A051A95EC
:102950000125169574E7A9F180094FEA49051995F3
:102960004FF0010960E72F46DDF87880069DC8E545
:102970000A98159D30F81E00062D20804CD0142D8D
:1029800002D04FF0FF08D6E70B9D049805FB00F03E
:102990000A9D05EB400010F80A80B9F1FF3FCAD04C
:1029A00006980128B4D1C6E74FF0FF080028ACD143
:1029B000F6E74FF0000E012B2E9BCDF818807046E5
:1029C000F4462F99DDF80C80A3F1020208971CD081
:1029D0003EE2AB420AEB2E271BDA3F1219D43B44EE
:1029E0000593049B9F4214DA0A9B059F33F8173026
:1029F000538032F8023F5844A34208BF81F800C018
:102A00009045CE4401F101011AD006EB20231B12A0
:102A1000DFD581F800C0ECE7BDF86C80B8EB0008AA
:102A200018BF4FF0FF385FFA88F884E7BDF86C8074
:102A3000B8EB0E0818BF4FF0FF385FFA88F862E76E
:102A4000DDF81880089F5CE5AE4606EB22231B12DA
:102A50000AD473450AEB202C06DA5FEA2C2C03D447
:102A6000049DAC45C0F2DE80002301F8013F8F4297
:102A70005A4404F102044844E7D1754641E5029BFB
:102A8000002B7FF73EADDDE92E134FF0000CE6463C
:102A9000CDE905966A1E1A92CDF86C80CDF820A07B
:102AA000069A02EB2E20021200F12181AA4280F246
:102AB0001E81089C04EB2C285FEA282400F1178172
:102AC000049EB44280F213815FFA80FA00065FFA36
:102AD00088F900F11A81CAF17F0A4FEA4A0016907C
:102AE0004FF0FF3018F0800F149040F019814FF034
:102AF000FF3AC9F17F094FEA490019900B98149EDB
:102B000000FB042002EB06080A9E00EB4000B8F12F
:102B1000FF3F06EB000900F03481454540F30D818D
:102B200004EB0A08B8F1FF3F00F0D480049E46454C
:102B300040F302810B9A0AFB02FA0AEB4A0A09EBFC
:102B40000A0292F8028099F80220424508D0199EA4
:102B5000C6F5807414FB02F416FB0844C4F307287E
:102B6000149C04EB440414944C44A478A24209D06D
:102B7000169EC6F5807616FB02F2169E16FB0424FE
:102B8000C4F3072408EB040252101A70002A00F064
:102B9000B1800A9A39F80A40105A149AA04239F8BA
:102BA000022000F0828102EB0248199A00EB0040FB
:102BB00002F10409169A04EB044404324FEAD20AE3
:102BC000BC4A4FEAD90910401440241A08EA020806
:102BD000A8EB000809FB04F40AFB08F800EB541406
:102BE000144000EB581044EA1444104040EA1040EE
:102BF0004FEA044818FA84F44FEA004818FA80F0C3
:102C000014401040001BC0F35A002044104040EA1A
:102C1000104008806EE0029B002B7FF772AC00230F
:102C20001F93D2E50B9D0CFB05330A9D03EB430379
:102C300035F803C02B44A4F800C09B7815E70A9828
:102C400030F81E601C9830F8198030F81AE0FF2028
:102C50001870B64500F0F6801A9806EB064600F1AB
:102C6000040A19980EEB0E4E00F10409914808EB86
:102C7000084806400EEA000EAEEB060E4FEADA0AEE
:102C800008EA0008A8EB06080AFB0EFE4FEAD9097D
:102C900009FB08F806EB5E1E0EEA000E06EB58165E
:102CA0004EEA1E4E064046EA16464FEA0E4818FA0D
:102CB0008EFE4FEA064818FA86F60EEA000E064027
:102CC000A6EB0E06C6F35A067644064046EA1646BA
:102CD0002680F7E5305A088099F8020092BB012D52
:102CE00047D0BAF1FF3F39D0049A012A36D04FF0CD
:102CF00000021A70059A9F429444DE4401F10201D9
:102D000003F1010214D01346CAE6AAF1800A4FEA81
:102D10004A001690012018F0800F14903FF4E7AE9F
:102D2000A9F180094FEA49004FF0010A1990E5E640
:102D3000DDF86C80FFF7E5BB0A9E305A088099F8F1
:102D400002001AB31A9EB24210D0002CC9D0049AC5
:102D5000013A9442CBD1BAF1010FC8D1199AC2F10C
:102D6000FF0212FB00F212121A70C3E7149A012A32
:102D7000EBD1169AC2F1FF0212FB00F212121A7086
:102D8000B8E7325A0A8099F80200F2E7012DDCD147
:102D9000EFE70020DDE92E420146844605951BE061
:102DA000059DAB421CDA0AEB202E5FEA2E2E17D4CB
:102DB000049DAE4514DA0B9D0EFB05330A9D35F8D4
:102DC000133023809742594404F10204484402F12D
:102DD00001033FF495AB1A4606EB21231B12DFD506
:102DE00082F800C0EEE73546049E0A9F05FB06F612
:102DF00007EB460605FB086818F8000016F80E8079
:102E00007644404516F809904DD01A9D10FB05F008
:102E1000C5F5807616FB0806C6F307200546C145B2
:102E200008D0199819FB00F6C0F5807010FB0860F7
:102E3000C0F30728284640444010187000287FF44B
:102E40002DAD3FE5F0457FF407AFA4F8008039E5EC
:102E500005951CE0059DAB421DDA0AEB2E273F12BB
:102E600019D4049DAF4216DA0B9D07FB05330A9D6A
:102E700035F81330538032F8023F5844A34208BF5C
:102E800081F800C09045CE4401F1010106D006EB67
:102E900020231B12DED581F800C0ECE7DDF8188096
:102EA000089FFFF72DBB4546B9E790427FF47BAE04
:102EB000AFE600BF1FF8E0070A98BDF86C6030F875
:102EC0001E00B04209D01C9D35F81A00B04204D053
:102ED0001698285AB0427FF4DFAC00201870F1E455
:102EE00083880288581C801A00B27047C3884288C1
:102EF000581C801A00B270472DE9F04F0F4685B07C
:102F000000219146012202938246BDF938800F9E2E
:102F1000E8F726FB0422002104465046E8F720FB90
:102F2000FB789A0715D5DD0709D542F2D17324B293
:102F30009C4209D09A4BDFF86CB200930FE042F24A
:102F4000D17300B2984206D1FB7823F00203FB70E4
:102F5000DBB2D907EED4934BDFF844B200930023E1
:102F600049465046C6E90233B38033613360EAF71D
:102F7000D7FB4D460446002800F0FC8020468A49D5
:102F8000E2F702FF00284DD0FB785A0733D4013511
:102F900029465046EAF7C4FB0446002800F0C780E3
:102FA000A945EBD04FF40001E2F7E8FE0028E5D098
:102FB000B6F90430002B25DC32690299002A18BFCB
:102FC0000B464D45738029D1DAF80820FB7812684A
:102FD0005B0752F825404CBF05F1FF350135ECB1D8
:102FE0002046D847034620463380009B984701235C
:102FF0007080B36012E0013DCAD5B6F90430002BF1
:1030000040F3A78032690299A3EB08031BB2B38097
:10301000002A18BF0B464D457380D5D0284605B011
:10302000BDE8F08F614B01461A882046E8F798FA10
:1030300010F0FF0316D0B28830694244B280327D6E
:103040000130D20730611DD42046D847B6F9003090
:10305000984202DD2046D84703463380B3680133E7
:10306000B36091E7009B20469847FA78B6F90430A0
:10307000910703D502991A188A429BDC4344034402
:10308000B380E1E700EB800080000393F3F738FBA7
:10309000039B0190002849D0F16859B1326903932C
:1030A00002EB82029200143AF3F76EFCF068F3F739
:1030B000DFFB039B3269019902EB820201EB820282
:1030C000F97842F8144C11F001011ABF02220021D4
:1030D000052220460393E8F743FA3269019902EB8F
:1030E000820201EB8202F978039B11F0010100B228
:1030F00022F8100C1ABF0021032206222046039357
:10310000E8F72EFA32690199039B02EB820201EB88
:10311000820242F8083C12F8043C00B223F001039A
:1031200022F80E0C02F8043CF1608DE7FEE7B6F9D8
:103130000430002B14DD3169029AA3EB08031BB2A3
:10314000002908BF1A462846B380728005B0BDE842
:10315000F08F3269002A3FF45EAF029B73805DE717
:10316000326902992846002A18BF0B46738005B0C1
:10317000BDE8F08FB6F90430002B0BDD3169029AFF
:10318000A3EB08031BB2002908BF1A464D46B380C3
:10319000728043E73269002ADFD14D4673803DE7F4
:1031A000156E0010216E001001000600721A012039
:1031B0002DE9F04FA24FA9B07A8800218346E8F7A5
:1031C000CFF90446E343C4F3800603F001039DF8FE
:1031D0007F50C4F3C00443EA460343EA840325F066
:1031E000070503F007032B43BA88002158468DF8E2
:1031F0007F30E8F7B5F9FA880021C4B25846E8F7FD
:10320000AFF94FF0000364F3070360F30F233A892B
:10321000002158469946E8F7A3F91622C7B20021C3
:1032200058468DF87E70E8F79BF99DF87F80C3B211
:10323000039318F0010608F00103029340F0B480F4
:10324000152231465846E8F78BF9142203B231466D
:1032500058460D93E8F784F903B258460A93E3F70A
:1032600003FE0B90322200215846E8F779F910222C
:10327000002105465846BBF81640E8F771F9ADB293
:103280002B1858461C44E6F703F8A4B2241A12225D
:1032900000215846ADF87840BBF81440E8F760F9D3
:1032A00005445846E5F7ECFF2C44A4B2241A24B296
:1032B000ADF87A40002E00F08A80012200215846A5
:1032C000E8F74EF9042203B2002158461593E8F7B7
:1032D00047F942F2D17302B29A42189200F09881F3
:1032E000039B012B00F09B801EAB0893002F00F086
:1032F0008B80DBF8083018F004025B6808F0040AE1
:1033000040F09B80934240F39F84002548462C4622
:10331000B946DDF82C80DDF834A00A9F22AE1DE00E
:103320009DF89CC043462CF0010C1FA9ADF87C0011
:10333000CDE9007658468DF89CC0FFF7DDFD0246CA
:10334000DBF80810BDF888304968534423449142A3
:10335000BDF87C001CB205F1010501DD002ADFDAB1
:103360009DF87F804F4608F0010381461E46029378
:10337000002D67D00D9B5846E41A24B2002E40F071
:103380008181E3F753FD03462AB2012A08F0040ABB
:1033900063DD013F042F00F29F81DFE817F0980101
:1033A0006100AF01A0018F01142200215846E8F707
:1033B000D7F8152203B2002158460D93E8F7D0F84C
:1033C00003B258460A93E3F731FD0B904AE7012216
:1033D00031465846E8F7C4F8042205B2314658464B
:1033E0001595E8F7BDF842F2D17302B29D421892EA
:1033F00000F02881039B012B00F02E810DF17A0350
:103400000893002F7FF475AFDBF8083018F0040F35
:10341000BE465B6800F0508103F1FF3A38E0002FB0
:1034200000F04081DBF8083018F004025B6808F017
:10343000040A00F0A1831EAA08925A1E62E700BF88
:10344000721A012008F0040A002E00F02481584668
:10345000E3F70AFD002503462A46F91E022998D8FB
:103460004FF0000E08991B1B0A8803EBD37302EB85
:1034700063030B800AF0FF03BAF1000F40F0C9822A
:10348000039A9A46DBF80830012A5B6800F0CA828A
:10349000534540F327834D46CDF84CE0CDF824B09A
:1034A000BAF1000FC0F21C8322AB01930A9B524673
:1034B00000934FF00003ADF88830ADF88A30002358
:1034C000CDE925339DF89C30099843F001038DF830
:1034D0009C301FA90B9BADF87C50FFF70DFDDDE97B
:1034E00025979DF87F30BDF98820149303F00103E0
:1034F0000293039BBDF87C50012BBDF98AB00C9060
:10350000119200F01681BDF97A300E93BDF9783032
:103510000F93029B002B40F005818D4B17938D4B31
:1035200010938D4B12931FFA8BF4002F5AD05046F4
:10353000A846BDF88CE007EB870CA4EB0E0E0FFA43
:103540008EFE09EB8C0C4D467146002205E0EB68BF
:1035500014351344AC451AB208D02B7CDE07F6D5DF
:103560002B891435C91AAC4509B2F6D14FF0000ABF
:103570004B465646CDE90404CDE906EC1D7C0136E8
:10358000E80722D4002A00F0C68091FBF2F4B3F8D9
:103590000CC0B3F9060014FB0CF424B2A042A8BF7F
:1035A0002046B3F904E0A2EB0C027045B8BF7046A8
:1035B000A04218BF4FF0010A45F00105A1EB000140
:1035C00012B218BF1D74188109B2B74203F1140377
:1035D000D4D1DDE90404DDE906ECBAF1000FB2D183
:1035E00082464546162200210998E7F7B9FF249B39
:1035F000EEB21AB2012A40F3B380013E042E00F26B
:103600004283DFE816F00103B100F302E602DA02BA
:103610009BF8233013F004037FF462AE039A012A6F
:1036200000F0848218F0040800F0AC82DBF8082077
:10363000526802F1FF3A524540F383829E461EAB28
:10364000089328E79BF8233013F0080F039B00F042
:103650005B82012B7FF4D2AEDBF808305B68002F71
:1036600000F07B82012F00F0D68218F0040208F0EF
:10367000040A40F09682002B40F300830DF17A0398
:10368000089342E6E3F7F0FB03467DE63C4601275C
:103690000DF17A0308935846E3F7C8FB002503466B
:1036A0002A46DAE6DBF808301EAA18F0040F5B6839
:1036B000BE4608927FF4B0AEF246E9E61B1B6A1ED6
:1036C0001BB212B293FBF2F30FFA83FED2E6089913
:1036D0000A8813441B1B0B804FF0000ECAE61B1B0D
:1036E0001BB293FBF2F308990FFA83FE0A88C3F327
:1036F000C033734402EB63020A80BBE61A1B6B1CE7
:1037000012B21BB292FBF3F308990FFA83FE0A88F8
:103710001A440A80AEE6FEE7BDF97A300E93BDF991
:1037200078300F930D4B17930B4B1093094B12935B
:10373000F9E6029B002BEFD11146089A13885B1A19
:103740001380BDF97A300E93BDF978300F93E4E61B
:103750007D480110ED2E0210E12E0210714801107B
:10376000F11E02293FF649AF0B9BA3EB0B0B002385
:103770000BEBDB7B4BF34F0B0693029AC3B2169312
:1037800012B1012B00F0658251460998E9F7C8FF94
:103790000446002800F0C980D846C5F307230793E4
:1037A000029B1B9783F001031C9307EB87031D9378
:1037B000ADF86A500C9B534500F0B5802046A349F4
:1037C000E2F7E2FA9DF87F600546C6F3800600281E
:1037D00040F09D809E4B01461A882046E7F7C0FEC8
:1037E000C0B2002840F0298194F8233023F00C0364
:1037F00084F82330079B012B00F00281022B40F05C
:10380000FC80129B04F114009847119B5F1C27F069
:1038100001073F1A07EBD777C7F34F030593029BC6
:103820001FFA88F853B1169B012B07D1109B04F1A6
:1038300014009847A8EB00031FFA83F86B220021BD
:103840002046E7F78DFE6C22054600212046E7F76B
:1038500087FE014620460FFA81FB0491E3F7DAFA6E
:103860002FB2199005F4C0452046E3F7D9FAB5F513
:10387000005F049900F0AB8001F4C041B1F5005F36
:1038800000F08F800E9BA18A0F9A591AE38A39445F
:10389000D31A029A5B4489B29BB2002A70D0059A6F
:1038A00041441A440FB28DB293B20FFA82FB1FB992
:1038B000BBF1000F1CD03D4620460493E3F7F8FF10
:1038C000A28A049B2A44A282228B20461544E28AC3
:1038D00025831A44E282628B13446383E3F7E8FF93
:1038E00000235A4639462046E3F75AFB029B1BB198
:1038F000169B012B00F0EC80109B04F114009847FC
:103900000A9B069AC318134443440FFA83F84EB334
:10391000BAF1010A07D4099B9B681B6853F82A4037
:10392000002C7FF447AFBDF86A504846F2F7A0FF7D
:103930000398089B01281B88BDF83410BDF84C2063
:1039400000F00381119801440A4413441BB2089A01
:103950001380099B0C9A9B685B68934240F3C0807C
:1039600092469DE5099B0AF1010A9B685A689245B7
:10397000D9DA1B6853F82A40002C7FF41BAFD2E73A
:10398000059A03EB080B11440FB21FFA8BF38DB2AB
:103990000FFA8BFB002F8FD1BBF1000FACD0029D33
:1039A0008AE72BF4C041B1F5FA6F3FF76BAFB1F581
:1039B0007A7FC8BFC1F57A7101FB00F0254B83FB0C
:1039C0000012C017C0EB62120FFA82FB5AE727F40D
:1039D000C045B5F5FA6F3FF74FAFB5F57A7F199A45
:1039E000C8BFC5F57A7505FB02F21A4B83FB02537B
:1039F000D217C2EB63131FB23EE7002305930EE715
:103A0000129B04F114009847119B1F1ABBB2059337
:103A100005E7DBF80830039A5B68012A03F1FF3AF7
:103A20007FF436AD029A002A7FF432AD089A1288EC
:103A3000144424B2089A14802AE51B9B002B00F042
:103A400010812B4649461D980AE000BF0100060080
:103A5000721A01201F85EB51834201F1140151D0EC
:103A600059F8232005339442F6D1B1F90870149B1C
:103A700094F823201C99DB0003F0080322F00C02C9
:103A800043EA8103134304F1140584F823302846E4
:103A9000109B9847B8423FF4ADAE2046E3F708FFCD
:103AA000A36939462193636928462093179B984759
:103AB00020AA29212046F5F7E7FD2046E9F72CFE4C
:103AC00022462221F5F7E0FD2046E3F7F1FE91E6DC
:103AD0000A9B069A1344A8EB03080FFA88F816E726
:103AE000DDF824B042F2D173159A9A4229D0189A7F
:103AF0009A4226D000222B21584629B0BDE8F04F2B
:103B0000F5F7C2BD0027B2E7012BDBF808305B6890
:103B100000F08C8018F0040F47D003F1FF3A5345B2
:103B20000FDD0DF17A03B6460893B4E418F00408EB
:103B300028D0DBF80820526802F1FF3A9245FFF6E0
:103B40007DAD5846E4F780F9D4E7029800287FF469
:103B5000F9AE9B1A5B1A1BB2F9E618F0040F08F0D5
:103B6000040A19D1002B7FF791AD0DF17A033A4683
:103B700008930127FFF7C9BB002B74DD1EAB089328
:103B8000FFF7C3BBDBF808305B68002BD9DD1EAB49
:103B9000C246C64608937EE40DF17A0201270892D8
:103BA0004BE40DF17A02089247E4002BC9DD0DF1D8
:103BB0007A03B246B64608936DE40B9A591E121B5F
:103BC00013B20AB293FBF2F31BB24FF0000B069351
:103BD000D3E50B9B1B1B1BB293FBF2F31AB2C3F38F
:103BE000C03B934406924FEA6B0BC6E50B9A013338
:103BF000A2EB040B0FFA8BFB1BB29BFBF3FB0FFA40
:103C00008BFBCDF818B0B8E50B9B1C1B00230FFAFB
:103C100084FB0693B1E518F0040200D05A1E9246C8
:103C20000DF17A024FF0000E089203E718F0040F2E
:103C300008F0040AB0D1002B1ADD0DF17A033246E8
:103C4000039F0893FFF761BB0024002E7FF4FFABB6
:103C500021E50998E3F7EAF800EB0B030FFA83FB81
:103C600092E51F4603E71EAB14460893FFF7EFBB30
:103C70000DF17A033446039F08930CE50DF17A03A6
:103C80001446089307E500239B46069375E500BF9D
:103C900010B500210F48E2F7C1FF03460E4C00208B
:103CA0006381F3F7DFF9034604206380F3F7DAF961
:103CB00003460420A380F3F7D5F903460420E380EC
:103CC000F3F7D0F9034604202381F3F7CBF92080E2
:103CD00010BD00BFB1310210721A012038B5044680
:103CE000064D0A4600236988E8F736FB20466989B5
:103CF0000022BDE83840E9F7C9B800BF721A0120B8
:103D0000F8B50C461746224604461E460B4D0023C6
:103D1000A988E8F721FB3A462046E9880023E8F71E
:103D20001BFB3246204629890023E8F715FB204675
:103D300069890022BDE8F840E9F7A8B8721A0120A5
:103D400010B504460A46064900230988E8F704FB33
:103D50002046E9F7E1FCBDE81040E2F747BF00BFAD
:103D6000721A0120024B0A465988F3F727BA00BF9E
:103D7000721A0120024B0A469988F3F71FBA00BF56
:103D8000721A0120024B0A46D988F3F717BA00BF0E
:103D9000721A0120024B0A461989F3F70FBA00BFC5
:103DA000721A0120024B0A461988F3F707BA00BFBE
:103DB000721A01208C461346024A51886246E8F77F
:103DC000CBBA00BF721A01208C461346024A918872
:103DD0006246E8F7C1BA00BF721A01208C4613464A
:103DE000024AD1886246E8F7B7BA00BF721A0120CA
:103DF0008C461346024A11896246E8F7ADBA00BF05
:103E0000721A01208C461346024A11886246E8F76E
:103E1000A3BA00BF721A01202DE9F04F414D0021D5
:103E20002A8893B08146E7F79BFB04460021484669
:103E30006A88E7F795FB002C00F03E82002800F02E
:103E40003B8200214846E9F76BFC002800F08E8495
:103E5000344B00215A884846E7F782FB41F6FF744D
:103E6000B0F900308046A34200F0CA840246002325
:103E700032F9021F0133A142FAD158001093F2F730
:103E80003FFC109B0C905800F2F73AFC0E901098F3
:103E9000002800F0B984A8F10206B2464FF0000BEA
:103EA000CDE90186039641F69A755E46D34603E056
:103EB0000136864280F012823BF9022FAA42F7D1E6
:103EC0000027DFF8688000E001374846E9F738FC52
:103ED000874280F0F48139464846E9F721FC1249CF
:103EE0000446E1F751FF82460028EDD10D4B2046F4
:103EF00051469A88E7F734FBC0B20128E4D1094B58
:103F000051462046DA88E7F72BFBC0B2B042DBD13E
:103F10002046E2F785FF4045D6DB2046E2F780FFEA
:103F20008046D1E77E1A01200100060001E0FFFF74
:103F300099F82330484603F00408E2F795FFC94B8F
:103F40000021DA8904464846E7F70AFB109A0E9DDD
:103F50000C99B8F1000F40F0F8844346A1F80080B6
:103F6000012A11D00C4605EB4207B1F90030B6B278
:103F7000043FA81E30F802CFB44463441BB2B842D9
:103F800024F8023FF6D10B8802F10040013831F8E5
:103F9000102035F810100A44D31AADF846300C2121
:103FA00008A8F2F795FF322200214846E7F7D8FA31
:103FB0001222002104464846E7F7D2FAA4B21022A2
:103FC000002125184846E7F7CBFAB9F81430044425
:103FD000ADB248461D44E5F753F9ADB2B9F8163015
:103FE0002D1AA4B248461C44ADF82850E5F750F904
:103FF000D9F80830A4B25A68241A4FF0000BADF873
:104000002A40002A00F032811B68974953F82B4060
:104010002046E1F7B9FE0546002840F01A81914F8D
:1040200001463A892046E7F79BFABA8806462946B0
:104030002046E7F795FA10F0FF0700F00A8116F026
:10404000FF0600F00681874B29465A892046E7F78C
:1040500087FA844BC2B2294601922046DA88E7F7F4
:104060007FFA804B5FFA80FA1A8A29462046E7F7E2
:1040700077FAC3B204937B4B29465A8A2046E7F766
:104080006FFA019B0D991E4406F10046013E31F87E
:1040900016100290DDE90BC03CF81660574431441D
:1040A0003CF8136007F10047891B8BB20E99013F62
:1040B00030F8176031F8171030F81A003144091A37
:1040C0001622059320468BB229460393E7F748FA58
:1040D000278BA28AB4F81A800137BF1AE28AC0B2CD
:1040E00008F10108A8EB020801280B99049B3FB2D4
:1040F0000FFA88F800F01B83019A022B31F8126046
:1041000000F02183032BBDF9142000F07683012BEE
:1041100040F014830021D21B02EBD27206EB620244
:1041200096B294F823309DF8082061F3C30384F815
:1041300023300C9B022A33F81AA000F04F83032A85
:10414000BDF90C3000F05683012A07D1A3EB080318
:1041500003EBD3730AEB63031FFA83FA94F823305B
:10416000204665F3820384F82330E2F753FEB84219
:1041700000F02D83A36920460793636904F11405B9
:104180000693E3F795FB39462846F0F771FB414665
:104190002846F0F773FB2046E3F78AFB292106AA9D
:1041A0002046F5F771FA2046E9F7B6FA22462221B1
:1041B000F5F76AFA6B2200212046E7F7D1F90021D2
:1041C00005466C222046E7F7CBF9024620460FFA57
:1041D00082F80192E2F71EFE2FB2029005F4C0456C
:1041E0002046E2F71DFEB5F5005F019A00F0D98286
:1041F00002F4C042B2F5005F00F0BD82BDF8282095
:10420000A18ABDF82A30521A1644E28A3E449B1A0B
:104210009A44C244B6B21FFA8AFA56EA0A0318D080
:104220002046E3F745FBA38A20463344A382238B31
:1042300033442383E38A5344E382638B534463838D
:10424000E3F736FB002320460FFA8AF231B2E2F799
:10425000A7FED9F808300BF1010B5A689345FFF41B
:10426000D3AE03E07E1A0120010006000B98F2F79E
:10427000FFFA0C98F2F7FCFA0D98F2F7F9FA0E989B
:10428000F2F7F6FA012200214846E7F769F904221D
:10429000044600214846E7F763F942F2D17324B29D
:1042A0009C4200B200F03F82984200F03C82002223
:1042B0002B214846F5F7E8F913B0BDE8F08FB8F1C7
:1042C000000FB8BF00220E991098ACBF21F81680DD
:1042D00021F8162001368642FFF4EEADDDE9018AB1
:1042E000039E002800F09082002206EB4000154655
:1042F00041F69A760E9904E050453D4401F10201E1
:1043000013D03AF9023F94B2A3F5FC57B342A7F198
:104310001B07F1DC0BBF0A88E21812190B8050450D
:1043200094B201F1020112B2EBD1142200214846ED
:10433000E7F716F907464846E2F796FD109E001B80
:10434000731E13FB07F3C01A00B220EAE0703EB3FD
:1043500000244FF0FF3E41F69A772246DDF838C040
:10436000A8F1020838F9021FA1F5FC53B942A3F1E4
:104370001B0307DD9CB210FB04F3B3FBF5F3964679
:104380002CF8123001329642ECD1BEF1FF3F07D03B
:104390002B1B00FB03F3B3FBF5F3C01A2CF81E0034
:1043A0009B4B00211A884846E7F7DAF8804641F629
:1043B000FF744846E2F73AFDB8F900300290A34294
:1043C00000F028824246002332F9021F0133A14245
:1043D000FAD158000F93F2F793F90B900F98400021
:1043E000F2F78EF90F990D90002900F01082A8F1D4
:1043F0000206B3464FF0000ACDE9038641F69A75EE
:104400005646DA4602E001368E4246D23AF9022F8B
:10441000AA42F8D10027DFF80082CDF804A000E01E
:1044200001374846E9F78CF9874226D23946484693
:10443000E9F776F977490446E1F7A6FC82460028B9
:10444000EED1734B204651461A89E7F789F8C0B27E
:104450000128E5D16E4B514620465A89E7F780F88E
:10446000C0B2B042DCD12046E2F7D4FC4045D7DBF5
:104470002046E2F7CFFC8046D2E7B8F1000FB8BF84
:1044800000220D99DDF804A0ACBF21F8168021F8B8
:1044900016200F9901368E42B8D3DDE90386002934
:1044A00000F0B581002206EB4101154641F69A76EF
:1044B0000D9804E059453D4400F1020013D03BF94A
:1044C000023F94B2A3F5FC57B342A7F11B07F1DCFE
:1044D0000BBF0288E21812190380594594B200F10B
:1044E000020012B2EBD1152200214846E7F738F856
:1044F0000F9E029A731E13FB00F3D01A001B00B22A
:1045000020EAE0703EB300244FF0FF3E41F69A7778
:104510002246DDF834C0A8F1020838F9021FA1F5DF
:10452000FC53B942A3F11B0307DD9CB210FB04F35B
:10453000B3FBF5F396462CF8123001329642ECD1DB
:10454000BEF1FF3F07D02B1B00FB03F3B3FBF5F3DA
:10455000C01A2CF81E00152200214846E7F700F883
:104560001422002180464846E6F7FAFF1622002171
:1045700007464846E6F7F4FF012200215FFA80FB78
:104580004846E6F7EDFF042204B200214846E6F76C
:10459000E7FF42F2D1739C420FFA88F53EB20FFA60
:1045A00080FA3BD04846E2F741FC194B00219A893A
:1045B00001904846E6F7D4FF0D99C3B20B9A0F98C5
:1045C0000293043B022B00F2CE80012800F0B4815C
:1045D0000025AC46002800F0B48100231C46A1F160
:1045E000020E3EF8028F0134E044434484421FFA35
:1045F00083F81BB2F5D3029C062C00F29681DFE80B
:1046000014F04B014001380194012A011A010C01F8
:104610007E1A01200100060001E0FFFF484699F8DC
:104620002340E2F703FCBB4B00219A8901904846E6
:10463000E6F796FF04F0080403460D990F980B9ACD
:10464000002C40F084811480012814D0B2F900308D
:1046500096461C4601EB4008ADB2A8F10408A1F152
:10466000020C3CF8023F2B4423441CB2E0452EF8D8
:10467000024FF6D1148800F10045013D32F81530A3
:1046800031F81550BBF1010F2B44A3EB040424B205
:104690000FD10025BDF804C0023A023932F8023FBA
:1046A00031F802EF01357344ACEB0303854213800C
:1046B000F4D342F2D1739A45ADF844403FF438AC9C
:1046C0004846E2F7D1FB934B0021DA89044648467D
:1046D000E6F746FF109A0E9D0C99C0B2031F022BFD
:1046E0003ED8012A00F023810026B446002A00F0BB
:1046F0002A8100239E46A5F1020838F8027F0EF1B8
:10470000010E67443B4496459FB21BB2F5D3062881
:1047100000F20881DFE810F00201F300EC0006016E
:10472000DF00CF00C2004846E3F78EFBBFE553B180
:10473000022B03D0019A31F81260E3E4019B31F8B7
:1047400013600021EDE4019B059E31F813302046F3
:104750001E44E2F75FFBB6B2361A0021B6B2E0E4BF
:104760001FFA87FCC2E71FFA88FC33E71C210BA85D
:10477000F2F7AEFB13E428F4C042B2F5FA6F3FF74C
:104780003DADB2F57A7FC8BFC2F57A7202FB00F088
:10479000614A82FB0012C017C0EB62100FFA80F86A
:1047A0002CE527F4C041B1F5FA6F3FF721ADB1F523
:1047B0007A7F029FC8BFC1F57A7101FB07F7564B9C
:1047C00083FB0713FF17C7EB63173FB210E52046C3
:1047D000E2F726FB40457FF4CDACEBE4039B20469B
:1047E00053441FFA83FAE2F71BFBAAEB000A1FFAF5
:1047F0008AFAB3E498460125B0E41746012190E413
:1048000000200346FFF73ABB002425468DE500242F
:10481000254668E600200346DCE5019B00240CEBFE
:104820000305A5EB0805431E2DB21BB295FBF3F55E
:1048300014802DB208E7019B04B26344A3EB080384
:104840001BB293FBF4F31DB2C3F3C0342C446410C9
:104850001480A4B2F8E6019B0CEB0304A4EB08045B
:10486000431C24B21BB294FBF3F425B21580A4B20E
:10487000EAE6019B0CEB0304A4EB0804A4B2148049
:10488000E2E6019BA8EB0C0424B21C1B04EBD474DD
:1048900064101480A4B2D7E60024D4E60CEB040024
:1048A000C01B531E1BB200B290FBF3F0002306B2F4
:1048B0000B80FFF755BB0CEB0403DB1B1BB210B2E4
:1048C00093FBF0F31EB2C3F3C03333445B100B8091
:1048D0009BB2FFF745BB0CEB0403DB1B501C1BB268
:1048E00000B293FBF0F31EB20E809BB2FFF738BB11
:1048F0000CEB0403DB1B9BB20B80FFF731BBA7EB78
:104900000C031BB2E31A03EBD3735B100B809BB257
:10491000FFF726BB7E1A01201F85EB5100230B8079
:10492000FFF71EBB0B88FFF71BBB14888CE64FF00C
:10493000000C10466646DCE64FF0000C029065461F
:104940004BE6804657E61746E1E6C0B2C6E6DBB264
:10495000029336E610B500211B48E2F75FF90346E3
:104960001A4C0420A382F2F77DFB03460420238027
:10497000F2F778FB034604206380F2F773FB0346EB
:104980000420A381F2F76EFB03460420E381F2F7D3
:1049900069FB03460420A380F2F764FB034604206E
:1049A000E380F2F75FFB034604202381F2F75AFB12
:1049B000034604206381F2F755FB0346042023825B
:1049C000F2F750FB608210BD193E02107E1A0120E2
:1049D00070B50C46164622460446094D0023298828
:1049E000E7F7BAFC3246204669880023E7F7B4FCB3
:1049F0002046A98A0022BDE87040E8F747BA00BF08
:104A00007E1A012070B50C46154622460446064E15
:104A10000023B189E7F7A0FC2A462046F18900234C
:104A2000BDE87040E7F798BC7E1A01202DE9F047F9
:104A300004460F461E46184D9DF824A069890023A0
:104A40009DF820809DF82890E7F786FC5246204686
:104A5000E9880023E7F780FC3A462046298A0023AC
:104A6000E7F77AFC3246204629890023E7F774FCF1
:104A70004A462046A9880023E7F76EFC42462046B6
:104A8000698A0023E7F768FC2046E8F745FEBDE8A1
:104A9000F047E2F7ABB800BF7E1A0120024B0A468E
:104AA0005988F2F78BBB00BF7E1A0120024B0A46E1
:104AB0001988F2F783BB00BF7E1A0120024B0A4619
:104AC000D989F2F77BBB00BF7E1A0120024B0A4650
:104AD0009989F2F773BB00BF7E1A0120024B0A4688
:104AE0005989F2F76BBB00BF7E1A0120024B0A46C0
:104AF0001989F2F763BB00BF7E1A0120024B0A46F8
:104B0000D988F2F75BBB00BF7E1A0120024B0A4630
:104B10009988F2F753BB00BF7E1A0120024B0A4668
:104B2000198AF2F74BBB00BF7E1A0120024B0A46DE
:104B3000598AF2F743BB00BF7E1A01208C46134608
:104B4000024A51886246E7F707BC00BF7E1A01207F
:104B50008C461346024A11886246E7F7FDBB00BF48
:104B60007E1A01208C461346024AD1896246E7F735
:104B7000F3BB00BF7E1A01208C461346024A91897E
:104B80006246E7F7E9BB00BF7E1A01208C46134658
:104B9000024A51896246E7F7DFBB00BF7E1A012057
:104BA0008C461346024A11896246E7F7D5BB00BF1F
:104BB0007E1A01208C461346024AD1886246E7F7E6
:104BC000CBBB00BF7E1A01208C461346024A918857
:104BD0006246E7F7C1BB00BF7E1A01208C46134630
:104BE000024A118A6246E7F7B7BB00BF7E1A01206E
:104BF0008C461346024A518A6246E7F7ADBB00BFB6
:104C00007E1A0120F8B508460C46E8F785FD002815
:104C100000F02F812046C249E1F7E4F8054620461E
:104C2000002D44D0E8F778FDBE490646E1F7DAF8F2
:104C30000546002840F097803046E8F76DFDB949F9
:104C4000E1F7D0F8002840F0FE802046E8F77CFD30
:104C5000054640B92046E8F75FFDB349E1F7C2F8E1
:104C6000002840F0F7812046E8F76EFD012800F0AB
:104C7000DD812046E8F750FDAC49E1F7B3F80028A4
:104C800071D102462046AA4D29681831E6F740FE48
:104C9000296820464FF480320831E6F739FE29684A
:104CA0002046BDE8F840A34A1031E6F731BEA249DC
:104CB000E1F798F80646002856D09D4E2A463168FE
:104CC00020462031E6F724FE31682A462046283166
:104CD000E6F71EFE31682A462046D031E6F718FE78
:104CE0003168202220465831E6F712FE3168202232
:104CF0002046D831E6F70CFE316804222046A03168
:104D0000E6F706FE316820222046C831E6F700FEAD
:104D10003168012220463831E6F7FAFD31688022F9
:104D200060312046E6F7F4FD2046E8F7F5FC8349BC
:104D3000E1F758F878B131682046002201F5E871B2
:104D4000E6F7E6FD31682046BDE8F840202201F58F
:104D5000F071E6F7DDBD2046E8F7DEFC7849E1F7C3
:104D600041F80028E7D1F8BD20467649E1F73AF846
:104D7000054600285DD120467349E1F733F8064621
:104D80002046002E7AD0E8F7C7FC7049E1F72AF8F0
:104D90000646002840F015812046E8F7BDFC614931
:104DA000E1F720F80746002840F0C1812046E8F7E7
:104DB000B3FC5E49E1F716F85D4D0246296800280C
:104DC00040F0F18120461831E6F7A2FD296804225F
:104DD0002046A031E6F79CFD296808222046A8312C
:104DE000E6F796FD29684FF4A02220462031E6F729
:104DF0008FFD29682046564A6031E6F789FD29680B
:104E00002046544A5831E6F783FD20462968524A25
:104E10002831E6F77DFD29682046504AA031E6F7A3
:104E200077FD29682046BDE8F8404D4AA831E6F7ED
:104E30006FBD3F4B324619682046BDE8F84001F58A
:104E4000A871E6F765BD2A462046394E31688031A3
:104E5000E6F75EFD316820464FF480320831E6F710
:104E600057FD31682046BDE8F840324A1031E6F778
:104E70004FBD2F4D02462968204607E73949E0F724
:104E8000B1FF0546002873D120463749E0F7AAFF55
:104E90000646002800F0ED80254E2A46316820465F
:104EA0003031E6F735FD31682A462046B031E6F765
:104EB0002FFD316820460422A031E6F729FD316834
:104EC00020460822A831E6F723FD316820464FF43A
:104ED00000322831E6F71CFD316820464FF40032DD
:104EE000B031E6F715FD316820464FF44032F0311D
:104EF000E6F70EFD316820461C4AC831E6F708FD8A
:104F0000316820464FF44032D031E6F701FD316878
:104F10002046BDE8F840154AD831E6F7F9BC00BF95
:104F2000ACFE0310D83E04102C3F04105838041077
:104F300074D9002040000100803F0410143E04108A
:104F4000503D0410444004109C3F0410683E04107F
:104F50008000050020000500010005000400050098
:104F600008000500643F041098400410200003006E
:104F7000C44D3246296820463031E6F7C9FC29681D
:104F800032462046B031E6F7C3FC296820460422A9
:104F9000A031E6F7BDFC296820460822A831E6F7D3
:104FA000B7FC296820464FF400322831E6F7B0FC00
:104FB00029682046BDE8F8404FF40032B031E6F7EA
:104FC000A7BCB04E2A463168204601F5FC71E6F7D1
:104FD0009FFC31682A4620468831E6F799FC316803
:104FE0004FF4A02220462031E6F792FC316820469B
:104FF000A54A5831E6F78CFC31682046A34A603157
:10500000E6F786FC20463168A14A2831E6F780FCA5
:10501000316820469F4A3031E6F77AFC31682046F5
:10502000BDE8F8409C4A4031E6F772BC2046E8F7FC
:1050300073FB9A49E0F7D6FE00283FF41AAE914D73
:10504000002220462968E6F763FC296800222046F2
:1050500080311BE68B4E2A46316820464831E6F700
:1050600057FC31682A462046BDE8F8407031E6F723
:105070004FBC20468A49E0F7B5FE0546002800F0FF
:10508000B780804D3246296820461831E6F740FC4B
:105090002968324620466831E6F73AFC29683246EC
:1050A0002046B831E6F734FC296820460422A031B6
:1050B000E6F72EFC296820460822A831E6F728FCEE
:1050C000296820464FF480320831E6F721FC296830
:1050D0002046744A1031E6F71BFC296820464FF43D
:1050E000A0225031E6F714FC296820464FF4A02294
:1050F00001F5AC71E6F70CFC296820464FF4A022BC
:105100008031E6F705FC296820465F4A5831E6F70A
:10511000FFFB296820465F4A2831E6F7F9FB29683A
:105120002046BDE8F8405C4A3831E6F7F1BB554D02
:105130003246296820465031E6F7EAFB29682046C6
:105140000422A031E6F7E4FB29682046042201F599
:105150000C71E6F7DDFB296820464B4A5831E6F72B
:10516000D7FB296820464A4A3031E6F7D1FB296847
:105170002046474A01F50E71E6F7CAFB296820462A
:10518000444AA031E6F7C4FB29682046424AA831C8
:10519000E6F7BEFB29682046BDE8F8403D4A01F528
:1051A0000C71E6F7B5BB3A46204601F5C071E6F74B
:1051B000AFFB296804222046A031E6F7A9FB296845
:1051C00008222046A831E6F7A3FB29684FF4A02265
:1051D000204601F5C471E6F79BFB296820462A4A60
:1051E0005831E6F795FB29682046284A603110E6D9
:1051F00020462D49E0F7F6FD00285DD0214E2A46D5
:10520000316820468831E6F783FB31682046042266
:10521000A031E6F77DFB31682046244A6031E6F78D
:1052200077FB316820464FF4003201F59C71E6F7B8
:105230006FFB316820461E4A2831E6F769FB31686A
:1052400020461B4A01F5A071E6F762FB3168204653
:10525000184A5831E6F75CFB31682046154AC831D8
:10526000E6F756FB31682046124AD831E6F750FB84
:1052700031682046BDE8F8404FF40032D031E6F7FF
:1052800047BB00BF74D90020200005008000050046
:105290000100050004000500080005002C3F041073
:1052A000D040041040000100B83F0410800002000C
:1052B00001000200200002002046CD49E0F792FDE7
:1052C00000285CD0CB4D0022296820464831E6F703
:1052D0001FFB296800222046B031E6F719FB296838
:1052E00000222046E831E6F713FB29688022204699
:1052F0006031E6F70DFB296804222046A031E6F76D
:1053000007FB29682046BC4A2831E6F701FB2968DB
:105310004FF400322046B031E6F7FAFA2968204609
:10532000B64A6031E6F7F4FA29684FF44032204675
:10533000F031E6F7EDFA29684FF44032204650315B
:10534000E6F7E6FA29684FF44032204601F5A471E9
:10535000E6F7DEFA29682046A94A6031E6F7D8FA6E
:1053600020462968A44AD831E6F7D2FA29682046AF
:10537000BDE8F8404FF40032D831E6F7C9BA20460C
:10538000A049E0F72FFD0646002842D0994D20465F
:10539000296800221831E6F7BBFA29682046002266
:1053A0007831E6F7B5FA29682046002201F59471B4
:1053B000E6F7AEFA296820464FF480320831E6F766
:1053C000A7FA29682046904A1031E6F7A1FA296821
:1053D00020464FF4A02201F58871E6F799FA296872
:1053E00020464FF4003201F58C71E6F791FA2968F6
:1053F00020464FF4C02201F59071E6F789FA29683A
:105400002046BDE8F8404FF4E02201F58871E6F748
:105410007FBA20467D49E0F7E5FC074668B3754D45
:105420003246296820461831E6F772FA2968324672
:105430002046E031E6F76CFA296832462046903182
:10544000E6F766FA2968324620469831E6F760FAB0
:10545000296804222046A031E6F75AFA2968082272
:105460002046A831E6F754FA4FF4802229682046F6
:10547000BDE8F8402831E6F74BBA20466449E0F72A
:10548000B1FC064648B35B4D3A46296820461831C0
:10549000E6F73EFA29683A4620467831E6F738FAC8
:1054A00029683A462046D031E6F732FA29682022A8
:1054B0002046D831E6F72CFA2968202220465831B8
:1054C000E6F726FA296804222046A031E6F720FAFA
:1054D000296808222046A83146E720464D49E0F7D2
:1054E00081FC074600283BD0424D324629682046C1
:1054F0001831E6F70DFA296832462046C031E6F742
:1055000007FA2968324620469031E6F701FA296801
:105510003246204601F59871E6F7FAF929684FF40A
:10552000803220460831E6F7F3F929682046364AEA
:105530001031E6F7EDF929684FF48022204650310A
:10554000E6F7E6F92968344A20462831E6F7E0F91B
:10555000324A29682046BDE8F8405831E6F7D8B904
:1055600020462F49E0F73EFC064600B3214D3A465F
:105570002968204601F58071E6F7CAF929682046B6
:105580004FF4003201F58071E6F7C2F92968204630
:105590004FF4003201F58471E6F7BAF92968204624
:1055A000BDE8F8404FF44032F031E6F7B1B920469B
:1055B0001C49E0F717FC0546B0B30E4D324629688A
:1055C000204601F58071E6F7A3F9296820464FF4DB
:1055D000003201F58071E6F79BF929682046BDE8A5
:1055E000F8404FF4003201F58471E6F791B900BF3D
:1055F000B440041074D900200100020080000200B1
:1056000080000300F8380410400001007C400410C2
:10561000F03F0410D43F04100100040020000400F7
:10562000483F0410BC3E04102046BF49E0F7DAFBB7
:105630000646B0B1BD4E2A46316820461831E6F71D
:1056400067F931682A462046B031E6F761F93168DA
:105650002046BDE8F8404FF4003201F5B471E6F79A
:1056600057B92046B249E0F7BDFB054600283CD0BB
:10567000AE4D3246296820461831E6F749F92968C7
:10568000324620467831E6F743F9296820468022E1
:105690006031E6F73DF9296820460422A031E6F79B
:1056A00037F9296820460822A831E6F731F9296838
:1056B00020464FF480320831E6F72AF9296820465F
:1056C0009C4A1031E6F724F9296820469A4A01F5E8
:1056D000B871E6F71DF929682046BDE8F8404FF497
:1056E000002201F5BC71E6F713B920469349E0F7B3
:1056F00079FB70B18D4E2A46316820461831E6F7A5
:1057000007F931682A462046BDE8F8406831E6F7D7
:10571000FFB820468A49E0F765FB002850D12046B3
:105720008849E0F75FFB0546002849D120468649B5
:10573000E0F758FB064600284CD07C4E2A4620460F
:105740003168E6F7E5F833793168012B0CBF783121
:10575000703100222046E6F7DBF83168042220464B
:10576000A031E6F7D5F8316808222046A831E6F7DF
:10577000CFF831684FF4A02220462031E6F7C8F870
:1057800031682046714A6031E6F7C2F831684FF45B
:10579000A02220465031E6F7BBF831684FF4A02232
:1057A000204601F50271E6F7B3F831682046684AF1
:1057B0005831E6F7ADF831682046664A483125E4AD
:1057C0005A4B204619680022BDE8F84001F5C8711F
:1057D000E6F79EB820466049E0F704FB0546A8B905
:1057E00020465E49E0F7FEFA0646E8B14F4E2A46EB
:1057F000316820464831E6F78BF831682A46204662
:10580000BDE8F84001F50871E6F782B8474D324629
:10581000296820461831E6F77BF829683246204689
:1058200001F50471FFF732BA20464D49E0F7DAFA84
:10583000054618B33D4D3246296820465031E6F7FB
:1058400067F829683246204601F50671E6F760F8E8
:105850002968042220462831E6F75AF829680422EC
:10586000204601F50871E6F753F829682022204602
:1058700001F50871E6F74CF820226AE6204639491E
:10588000E0F7B0FA064678B1284E2A46316820463D
:105890001831E6F73DF831682A462046BDE8F84061
:1058A00001F5D071E6F734B820462F49E0F79AFAAF
:1058B000054638B11D4D32462968204601F5D8719C
:1058C000FFF7E4B920462949E0F78CFA064638B1DB
:1058D000164E2A463168204601F5DC71FFF7B8BA4A
:1058E00020462349E0F77EFA002843D00F4D324688
:1058F0002968204601F5D471E6F70AF829682022C4
:10590000204601F5F071E6F703F8296821222046C8
:105910003031E5F7FDFF2968012220463031E5F7F7
:10592000F7FF0422A2E500BF303E041074D9002026
:10593000EC40041040000100020007005838041039
:10594000C0380410DC380410303904108000050021
:105950002000050001000500E03C0410FC3C0410A0
:10596000183D04106C3D0410F83D0410343D041043
:10597000A43D041020467A49E0F734FA28B92046BD
:105980007849E0F72FFA064648B1774B2046196868
:105990000022BDE8F84001F5E471E5F7B9BF204603
:1059A0007249E0F71FFA054638B16F4D3246296853
:1059B000204601F5E071FFF769B920466C49E0F730
:1059C00011FA064648B1684B2A4619682046BDE8D8
:1059D000F84001F5EC71E5F79BBF20466549E0F71B
:1059E00001FA054648B1604B324619682046BDE8C9
:1059F000F84001F5F471E5F78BBF20465E49E0F70A
:105A0000F1F9074678B920465C49E0F7EBF906461C
:105A1000C8B1554B3A4619682046BDE8F84001F533
:105A20000071E5F775BF504E2A463168204618319F
:105A3000E5F76EFF31682A462046BDE8F84001F5DB
:105A4000F871E5F765BF20464D49E0F7CBF905460B
:105A5000D8B1454D3246296820461831E5F758FF40
:105A60002968324620467831E5F752FF296804223A
:105A70002046A031E5F74CFF296808222046A831CE
:105A8000E5F746FF4FF4E022F0E420463D49E0F719
:105A9000A9F928B1344E2A4620463168FFF7D8B913
:105AA00020463949E0F79EF910B12F4DFFF7F0B8C5
:105AB00020463649E0F796F968B12B4D2046296813
:105AC0000022E5F725FF29682046BDE8F8400022BE
:105AD0006831E5F71DBF20462D49E0F783F90546FB
:105AE00040B1214B204619680022BDE8F840C03182
:105AF000E5F70EBF20462749E0F774F90646E8B1FE
:105B0000194E2A463168204601F5CC71E5F700FFB1
:105B100031682A4620468031E5F7FAFE3168204692
:105B20004FF440325031E5F7F3FE31682046BDE8CE
:105B3000F8404FF440328031E5F7EABE204616497E
:105B4000E0F750F900283FF40EA9074B32461968D8
:105B50002046BDE8F84001F51071E5F7D9BE00BF59
:105B6000143E0410503D041074D90020883D0410E8
:105B7000C03D0410DC3D0410683E04104C3E04108F
:105B8000A03E0410F43E0410103F0410D83E041050
:105B90002C3F041014390410C43C0410124B70B58F
:105BA0009B6A0804114D10FA81F1161DDB0701EA0A
:105BB00005044FF012004FF002014FEAD6060FD550
:105BC000EFF77EFE030413FA80F02840001B06FB6B
:105BD00000F004EB5010284040EA104080B270BD45
:105BE000EFF75AFEEEE700BF74D900201FF8E00778
:105BF00008461146EFF78ABCF0B5BE4C83B0A36AE5
:105C0000DD0741F1AA8641F2A303A38505211220F5
:105C1000EFF742FE2086A36AD90701F179854FF696
:105C2000FF7302211220A386EFF736FE94F83A3074
:105C300020872068D030002B01F07785F1F7F8F944
:105C4000206894F83A30D830002B01F07785F1F7CE
:105C5000EFF9002546265023A74AA849A848CDE9D0
:105C60000065F1F7C3FB5023A34AA449A548CDE939
:105C70000055F1F7BBFB2068A149D0300CF0FCF8CF
:105C80002068A049D8300CF0F7F8206894F83A3032
:105C90000830002B01F05D86F1F7CAF9A36ADA0734
:105CA00041F1518602211220EFF70AFE01462068D9
:105CB00008300BF0BDFF206847F6FF7108300CF08C
:105CC000B7F8656926682846EEF7F2F8C0EBC00021
:105CD000EF2806F1080602F34B80012529463046DD
:105CE0000BF096FF294630460BF096FF29463046CA
:105CF0000BF086FF294630460BF086FF6669256863
:105D00003046EEF7D5F800EB8000EF2805F10805E6
:105D100002F31E80012128460BF02EFF2068662129
:105D200008300BF08FFF2068764908300CF0A4F89B
:105D3000206894F83A301030002B01F00086F1F71B
:105D400077F92068FF2110300BF07CFF94F83A308F
:105D50002068002B01F0EF85F1F76AF9FF21206838
:105D60000BF070FFA18D20680BF062FF2068218E80
:105D70000CF03CF823796669012B3046256802F067
:105D80006D86022B02F0B282EEF792F800EB8000F3
:105D90004000EF2803F3F380012128460BF040FF79
:105DA00023796669012B3046256802F0DB84022BDB
:105DB00002F07682EEF77CF800EB80004000EF28DE
:105DC00003F3ED80012128460BF02EFF206894F8A4
:105DD0003A301830002B01F0AA85F1F729F9237920
:105DE00025686669012B304605F1180501F0F98533
:105DF000EEF75EF8C000EF2801F3E48501212846A4
:105E00000CF016F82068FF2118300BF01BFF2068FB
:105E1000A18E18300BF00CFF2068218F18300BF08A
:105E20004DFF666925683046EEF742F84000EF28DE
:105E300005F1180501F30D87012128460BF04CFFF1
:105E40002068012118300BF04FFF2068218E183098
:105E50000BF0CCFF237926686569012B284606F1F3
:105E6000180602F03784022B02F02882EEF720F8A1
:105E70000001EF2803F364800125294630460BF02A
:105E8000C7FE294630460BF0C7FE294630460BF0C8
:105E9000B7FE304629460BF0B7FE237925686669C0
:105EA000012B304605F1180502F05485022B02F053
:105EB0002B82EDF7FDFF00EB80004000EF2803F39D
:105EC0004E80012128460BF0ABFE237925686669D8
:105ED000012B304605F1180502F01484022B02F064
:105EE0002182EDF7E5FF00EB80004000EF2802F390
:105EF0005C8709E074D9002011410110403804107A
:105F0000B0D90020C4D90020012128460BF08CFE16
:105F10002368122003F11805EFF7B4FC0146284668
:105F20000BF03CFF666925683046EDF7C1FFEF28AE
:105F300005F1180501F34087012128460BF01EFFEB
:105F4000206894F83A30A030002B01F0EC84F1F78F
:105F50006FF82068218BA0300BF0CEFE66692568B3
:105F60003046EDF7A5FF00EB4000EF2805F1A00556
:105F700001F33F87012128460BF0BAFE66692568C8
:105F80003046EDF795FF00EB4000EF2805F1A00546
:105F900001F31F87012128460BF0BCFE20687F21FA
:105FA000A0300BF0B3FE206894F83A30A830002BF4
:105FB00001F0B584F1F73CF82068618BA8300BF054
:105FC0009BFE666925683046EDF772FF00EB4000E6
:105FD000EF2805F1A80501F31C87012128460BF0E5
:105FE00087FE20687F21A8300BF090FE206894F88F
:105FF0003A302030002B01F08E84F1F719F8237924
:1060000025686669012B304605F1200502F0E7841A
:10601000022B02F0F980EDF74BFFC000EF2802F3EE
:10602000D486012128460BF003FF2068FF21203091
:106030000BF008FE2068218F20300BF0F9FDA06ADC
:1060400010F0010501F005872068218E20300BF04B
:10605000CDFE237926686569012B284606F12006C6
:1060600002F09084022B01F0D987EDF721FF0001A7
:10607000EF2802F3B9860125294630460BF0C8FD0A
:10608000304629460BF0C8FD237926686569012B47
:10609000284606F1200602F0EE84022B02F0CC80A6
:1060A000EDF706FF00EB80004000EF2802F3AB861F
:1060B0000125294630460BF0A3FD294630460BF05A
:1060C000A3FD666925683046EDF7F2FE00EB80001F
:1060D000EF2805F1200501F3AC86012128460BF0DD
:1060E000A3FD666925683046EDF7E2FE00EB80000F
:1060F000EF2805F1200501F39085012128460BF0DA
:106100008FFDCB49CB4A206894F83A306166E2664D
:106110005830002B01F0FB83F0F78AFF2068C64956
:1061200058300BF095FE2068232158300BF094FE78
:10613000206894F83A306030002B01F0E483F0F7E7
:1061400077FF2068BD4960300BF082FE20687F2118
:1061500060300BF081FE206894F83A30C030002B9C
:1061600001F0CD83F0F764FF20680121C0300BF00F
:1061700063FE20680121C0300BF0B6FD206894F862
:106180003A308030002B01F0B683F0F751FF2379CD
:1061900026686569012B284606F1800602F06A82AE
:1061A000022B02F00B81EDF783FE0001EF2802F3D2
:1061B0003A860125294630460BF02AFD294630460D
:1061C0000BF02AFD294630460BF01AFD30462946D1
:1061D0000BF01AFD237925686669012B304605F11D
:1061E000800502F05F82022B02F0B880EDF760FEBE
:1061F0000001EF2802F32686012128460BF010FD4E
:10620000237925686669012B304605F1800502F087
:106210001982022B02F01E80EDF74AFE0001EF28E2
:1062200002F31F86012128460BF0FEFC206894F83B
:106230003A307830002B01F05A83F0F7F9FE2379D9
:1062400026686569012B284606F1780602F07282FD
:10625000022B02F01780EDF72BFE00EB80004000D0
:10626000EF2802F30D860125294630460BF0D0FCBD
:10627000294630460BF0D0FC294630460BF0C0FCD6
:10628000304629460BF0C0FC237926686569012B4E
:10629000284606F1780602F00684022B02F05080B0
:1062A000EDF706FE00EB80004000EF2802F3F885D2
:1062B0000125294630460BF0B3FC304629460BF049
:1062C000B3FC206894F83A308830002B01F00B833F
:1062D000F0F7AEFE666925683046EDF7E9FD00EBA4
:1062E00080004000EF2805F1880501F30D860121AB
:1062F00028460BF095FC666925683046EDF7D8FD19
:1063000000EB80004000EF2805F1880501F3EC85E3
:10631000012128460BF088FC206894F83A30903030
:10632000002B01F0DC82F0F783FE666925683046B9
:10633000EDF7BEFD00EB80008000EF2805F1900531
:1063400001F3C285012128460BF066FD206894F810
:106350003A309830002B01F0BE82F0F769FE2068D9
:10636000022198300BF060FD206894F83A306830D4
:10637000002B01F0AC82F0F75BFE25680021683548
:1063800028460BF045FC002128460BF045FC002177
:1063900028460BF035FC002128460BF035FC206820
:1063A000002168300BF03CFC2068002168300BF0C5
:1063B0003BFC206894F83A307030002B01F0838267
:1063C000F0F736FE237926686569012B284606F129
:1063D000700602F0EF82022B01F09086EDF768FD67
:1063E0004000EF2802F3EB850125294630460BF0EB
:1063F0000FFC294630460BF00FFC294630460BF0C7
:10640000FFFB304629460BF0FFFB237925686669C0
:10641000012B304605F1700502F06682022B01F077
:106420002F86EDF745FD4000EF2802F3D78507E002
:10643000F15B02109D5B0210D8D90020E0D900204A
:10644000012128460BF0ECFB237925686669012BB6
:10645000304605F1700502F0D782022B01F0F68577
:10646000EDF726FD4000EF2802F392830121284634
:106470000BF0DAFB206894F83A302830002B01F05A
:106480001E82F0F7D5FD2068218B28300BF0D0FB61
:1064900020684FF0FF3128300BF0A8FC2068FF2166
:1064A00028300BF0CFFB206894F83A303030002BC6
:1064B00001F00182F0F7BCFD2068218B30300BF039
:1064C000B7FB2068218B30300BF090FC2068332123
:1064D00030300BF0B7FB206894F83A303830002B9E
:1064E00001F0E581F0F7A4FD2068618B38300BF0F6
:1064F0009FFB20684FF0FF3138300BF077FC2068AD
:10650000FF2138300BF09EFB206894F83A30403081
:10651000002B01F0C881F0F78BFD2068618B4030C3
:106520000BF086FB2068618B40300BF05FFC20682D
:10653000332140300BF086FB206894F83A30483025
:10654000002B01F0AC81F0F773FD2068218F4830FB
:106550000BF06EFB2068FF2148300BF073FB2068C6
:10656000218E48300BF042FC206894F83A305030CD
:10657000002B01F09081F0F75BFD2068A18E503078
:106580000BF056FB2068FF2150300BF05BFB2068BE
:10659000218E50300BF02AFC206894F83A30B0304D
:1065A000002B01F07481F0F743FD206847F6FF717E
:1065B000B0300BF03DFC206894F83A30B830002B36
:1065C00001F06181F0F734FD20680021B8300BF054
:1065D0002FFC206894F83A30C830002B01F04F812E
:1065E000F0F726FD666925683046EDF761FC00EBA3
:1065F0004000EF2805F1C80501F300850121284678
:106600000BF0DEFA666925683046EDF751FC00EBC9
:106610004000EF2805F1C80501F3E0840121284678
:106620000BF0D2FA206894F83A30F030002B01F0E9
:106630002281F0F7FDFC2068218BF0300BF0F8FA96
:106640002068FF21F0300BF0FDFA656926682846C6
:10665000EDF72EFC00EB40004000EF2806F1F006BD
:1066600001F3AC840125294630460BF0D1FA2946C6
:1066700030460BF0D1FA294630460BF0C1FA2946D4
:1066800030460BF0C1FA206847F6FF71F0300BF08E
:10669000CFFB206894F83A30E030002B01F0E7801F
:1066A000F0F7C6FC2068C821E0300BF0DDFB206865
:1066B00094F83A30E830002B01F0D580F0F7B8FCC0
:1066C00020687821E8300BF0CFFB206894F83A304E
:1066D00000F58070002B01F0C280F0F7A9FC206863
:1066E000218F00F580700BF06FFB666925683046DE
:1066F000EDF7DEFBC0EB0010EF2805F5807501F328
:106700004D84012128460BF057FB2068012100F53C
:1067100080700BF055FB206894F83A3000F58470D7
:10672000002B01F09880F0F783FC2068218B00F5A6
:1067300084700BF049FB206894F83A3000F59870AB
:10674000002B01F08480F0F773FC20684FF4827115
:1067500000F598700BF024FA206894F83A3000F5B0
:106760009C70002B01F06F80F0F762FC6569266871
:106770002846EDF79DFB00EB4000EF2806F59C76E0
:1067800001F385820125294630460BF041FA29465E
:1067900030460BF041FA294630460BF031FA2946D3
:1067A00030460BF031FA666925683046EDF780FB1C
:1067B0004000EF2805F59C7501F35A820121284617
:1067C0000BF08AFA2068218B00F59C700BF076FAAA
:1067D0002068A18E00F59C700BF02AFA2068FF213A
:1067E00000F59C700BF02EFA237925686669012B61
:1067F000304605F59C7501F00C81EDF759FBC000A2
:10680000EF2801F3CC80002128460BF011FB206813
:1068100094F83A3000F5A070002B01F01080F0F7EA
:1068200007FC2068C94900F5A0700BF02DFA20681C
:106830004FF0FF3100F5A0700BF0D8FA2068E16945
:1068400000F5A0700BF0E0FA206894F83A3000F5FB
:10685000A470002B00F0EF87F0F7EAFB656926686B
:106860002846EDF725FB8000EF2806F5A47601F316
:1068700051824FF0FF35294630460BF0C9F92946C1
:1068800030460BF0C9F9294630460BF0B9F92946D4
:1068900030460BF0B9F920684FF0FF3100F5A470D5
:1068A0000BF0C6F9206894F83A3000F5A870002B78
:1068B00000F0BD87F0F7BCFB2068012100F5A8704F
:1068C0000BF05CFA2068218E00F5A8700BF066FAD8
:1068D000206894F83A3000F59470002B00F0A387FC
:1068E000F0F7A6FB2068002100F594700BF0FCF98E
:1068F000666925683046EDF7DBFA00EB8000400062
:10690000EF2805F5947501F3F581012128460BF078
:106910008BF92068218F00F594700BF03FFA206806
:1069200094F83A3000F58870002B00F07887F0F783
:106930007FFB666925683046EDF7BAFA00EB400048
:10694000EF2805F5887501F3C281012128460BF077
:1069500015FA666925683046EDF7AAFA00EB4000A3
:10696000EF2805F5887501F3A281012128460BF077
:106970005FFA656926682846EDF79AFAC000EF28A5
:1069800006F5887601F3FB820125294630460BF097
:10699000F3F8294630460BF0FBF866692568304667
:1069A000EDF786FA4000EF2805F5887501F3D882E7
:1069B000012128460BF038F9206894F83A3000F5A8
:1069C0008C70002B00F02787F0F732FB206847F629
:1069D000FF7100F58C700BF02BFA6569266828466C
:1069E000EDF766FAC000EF2806F58C7601F3A98270
:1069F0000125294630460BF0BFF8294630460BF0FA
:106A0000C7F82068218B00F58C700BF011F9206815
:106A1000FF2100F58C700BF015F9206894F83A30DE
:106A200000F59070002B00F0F286F0F701FB66692C
:106A300025683046EDF73CFAEF2805F5907501F32F
:106A40007382012128460BF099F92068218E00F508
:106A500090700BF0A3F9656926682846EDF728FACF
:106A60004000EF2806F5907600F3FC8701252946C3
:106A700030460BF0CDF8294630460BF0CDF82946CC
:106A800030460BF0BDF8294630460BF0BDF82368C0
:106A9000122003F59075EEF7F5FE014628460BF03F
:106AA000A5F9206894F83A3000F5D070002B00F07A
:106AB000AA86F0F7BDFA2568002105F5D0752846AD
:106AC0000BF0A6F8284600210BF0A6F82846002176
:106AD0000BF096F8284600210BF096F82568002167
:106AE00005F5D07528460BF09BF8002128460BF0E1
:106AF0009BF82068002100F5D0700BF099F9206810
:106B0000012100F5D0700BF097F92068002100F505
:106B1000D0700BF0E5F8206894F83A3000F5EC708E
:106B2000002B00F06C86F0F783FA237925686669FC
:106B3000012B304605F5EC7500F07C87EDF7B8F9D0
:106B4000C000EF2800F31C8702E000BFF8F103103B
:106B5000012128460BF06CF92068012100F5EC704A
:106B60000BF06AF92068FF2100F5EC700BF06AF871
:106B70002068A18E00F5EC700BF05AF82068218E89
:106B800000F5EC700BF032F9206894F83A3000F51B
:106B9000D470002B00F02F86F0F74AFA237926688C
:106BA0006569012B284606F5D47601F08586022B0F
:106BB00001F02984EDF77CF900EB80004000EF281C
:106BC00001F3F5870125294630460BF021F83046C0
:106BD00029460BF021F8237926686569012B2846A0
:106BE00006F5D47601F05086022B01F0FF83EDF715
:106BF0005FF900EB80004000EF2801F3E8870125F2
:106C0000294630460AF0FCFF304629460AF0FCFFD0
:106C1000237926686569012B284606F5D47601F0AC
:106C20001B86022B01F01684EDF742F900EB800081
:106C30004000EF2801F3DB870125294630460AF0A2
:106C4000EFFF294630460AF0EFFF666925683046B7
:106C5000EDF72EF9EF2805F5D47500F31287012121
:106C600028460BF039F82068192100F5D4700BF094
:106C70002FF82068218E00F5D4700BF01FF82068E3
:106C8000002100F5D4700BF02BF8206894F83A300E
:106C900000F5D870002B00F0AA85F0F7C9F9256837
:106CA000002105F5D87528460AF0B2FF28460021D4
:106CB0000AF0B2FF284600210AF0A2FF2846002170
:106CC0000AF0A2FF2568002105F5D87528460AF0CC
:106CD000A7FF284600210AF0A7FF6669256830460D
:106CE000EDF7E6F8EF2805F5D87500F3D786012112
:106CF00028460AF0F1FF2068192100F5D8700AF043
:106D0000E7FF2068218E00F5D8700AF0D7FF2068D1
:106D1000082100F5D8700AF0E3FF206894F83A30B3
:106D200000F5DC70002B00F05E85F0F781F9256836
:106D3000002105F5DC7528460AF06AFF2846002187
:106D40000AF06AFF284600210AF05AFF284600216F
:106D50000AF05AFF2568002105F5DC7528460AF07F
:106D60005FFF284600210AF05FFF206894F83A3060
:106D700000F5E470002B00F03285F0F759F9237923
:106D800026686569012B284606F5E47601F0F8844B
:106D9000022B01F06C83EDF78BF800EB80004000D4
:106DA000EF2801F334870125294630460AF030FFE9
:106DB000304629460AF030FF237926686569012BA1
:106DC000284606F5E47601F03285022B01F02A838D
:106DD000EDF76EF84000EF2801F3298701252946D9
:106DE00030460AF00DFF304629460AF00DFF2379A0
:106DF00026686569012B284606F5E47601F083864E
:106E0000022B01F0AB81EDF753F800EB800040005E
:106E1000EF2801F31B870125294630460AF000FFC1
:106E2000304629460AF000FF206894F83A3000F511
:106E3000E870002B00F0CF84F0F7FAF82379266889
:106E40006569012B284606F5E87601F0F285022BEC
:106E500001F0C281EDF72CF84000EF2801F306871E
:106E60000125294630460AF0D3FE304629460AF06D
:106E7000D3FE237926686569012B284606F5E87656
:106E800001F07186022B01F08F81EDF711F84000BF
:106E9000EF2801F3FA860125294630460AF0B0FEB4
:106EA000294630460AF0B0FE2068002100F5E8705F
:106EB0000AF04EFF2068002100F5E8700AF0C2FEDB
:106EC0002068218E00F5E8700AF090FF206894F8A1
:106ED0003A3000F5E070002B00F07984F0F7A8F864
:106EE0002568002105F5E07528460AF091FE284640
:106EF00000210AF091FE2568002105F5E07528467D
:106F00000AF08EFE284600210AF08EFE206894F8D2
:106F10003A3000F5F070002B00F05584F0F788F857
:106F20002068332100F5F0700AF08CFE23681220EF
:106F300003F5F075EEF7A6FC014628460AF078FE48
:106F4000206894F83A3000F5F470002B00F0378494
:106F5000F0F76EF82068002100F5F4700AF072FE78
:106F6000237926686569012B284606F5F47601F039
:106F7000E585022B01F00081ECF79AFF4000EF2835
:106F800001F392860125294630460AF039FE304643
:106F900029460AF039FE206894F83A3000F5B070BE
:106FA000002B00F00884F0F743F866692568304646
:106FB000ECF77EFF00EB8000EF2805F5B07500F3DD
:106FC0007A85012128460AF0D9FE2068218E00F535
:106FD000B0700AF0E3FE656926682846ECF768FFA2
:106FE00000EB80008000EF2806F5B07600F3838583
:106FF0000125294630460AF0BFFD294630460AF0F1
:10700000C7FD666925683046ECF752FFC0EB0010FB
:10701000EF2805F5B07500F35E85012128460AF0DA
:10702000F7FD206894F83A3000F5B470002B00F0BA
:10703000BF83EFF7FDFF206847F6FF7100F5B470DE
:107040000AF0F6FE2068218E00F5B4700AF0F0FD1B
:107050002068FF2100F5B4700AF0F4FD6569266828
:107060002846ECF725FFC0EB0010EF2806F5B476B4
:1070700000F37A850125294630460AF07DFD304629
:1070800029460AF085FD206894F83A3000F5AC7086
:10709000002B00F08A83EFF7CBFF66692568304646
:1070A000ECF706FFEF2805F5AC7500F350850121DC
:1070B00028460AF011FE2068218F00F5AC700AF016
:1070C000FDFD2068032100F5AC700AF009FE206880
:1070D00094F83A3000F5B870002B00F06383EFF7B6
:1070E000A7FF2068218E00F5B8700AF0E7FD6669F9
:1070F00025683046ECF7DCFE4000EF2805F5B87552
:1071000000F31685012128460AF0E6FD6669256828
:107110003046ECF7CDFEEF2805F5B87500F3FB849B
:107120004FF0FF3128460AF073FD2068042100F576
:10713000B8700AF0D5FD20684FF4C87100F5B8703A
:107140000AF092FE206894F83A3000F5BC70002BEB
:1071500000F02583EFF76CFFA36A2568DB0705F5D0
:10716000BC7540F1168302211220EEF7A9FB0146FF
:1071700028460AF03BFE206894F83A3000F5C070CB
:10718000002B00F00383EFF753FF2379266865692E
:10719000012B284606F5C07601F0F781022B01F09D
:1071A000CF81ECF785FE00EB80004000EF2801F373
:1071B0008A850125294630460AF02AFD29463046AF
:1071C0000AF02AFD294630460AF01AFD30462946C3
:1071D0000AF01AFD237926686569012B284606F511
:1071E000C07601F0FF82022B01F07481ECF760FEA3
:1071F00000EB80004000EF2801F37585002529464B
:1072000030460AF00DFD304629460AF00DFD206893
:1072100094F83A3000F5C470002B00F0B482EFF718
:1072200007FF666925683046ECF742FEEF2805F552
:10723000C47500F3A984012128460AF04DFD206899
:10724000218F00F5C4700AF039FD2068A18E00F589
:10725000C4700AF0EDFC2068332100F5C4700AF018
:10726000F1FC206894F83A3000F5C870002B00F06B
:107270008782EFF7DDFE237926686569012B2846B2
:1072800006F5C87601F0BB82022B01F01581ECF700
:107290000FFE00EB80004000EF2801F33885012548
:1072A000294630460AF0B4FC304629460AF0B4FCC0
:1072B000237925686669012B304605F5C87501F00C
:1072C0004C81022B01F02F81ECF7F2FD00EB8000E6
:1072D0004000EF2801F32B85012128460AF090FC9D
:1072E000237925686669012B304605F5C87501F0DC
:1072F0009481022B01F04A80ECF7DAFD4000EF2880
:1073000001F32585012128460AF07EFC23792668B1
:107310006569012B284606F5C87601F00383022B28
:1073200000F0DE86ECF7C4FD00EB80004000EF28A3
:1073300001F31C850125294630460AF071FC3046D0
:1073400029460AF071FC206894F83A3000F5CC70B8
:10735000002B00F01282EFF76BFE6669256830465D
:10736000ECF7A6FD00EB80004000EF2805F5CC759A
:1073700000F34384012128460AF01EFD206894F89A
:107380003A3000F5FC70002B00F0F481EFF750FE6E
:10739000656926682846ECF78BFD8000EF2806F526
:1073A000FC7600F31B840125294630460AF030FCA8
:1073B000294630460AF030FC294630460AF020FCC7
:1073C000304629460AF020FC206894F83A3000F54F
:1073D000F870002B00F0CB81EFF72AFE206842F214
:1073E000640100F5F8700AF0CFFB206894F83A3099
:1073F00000F50070002B00F0B781EFF719FE23684D
:10740000122003F50075EEF73DFA014628460AF012
:107410000FFC20687F2100F500700AF013FC206843
:1074200094F83A3000F50270002B00F09A81EFF7E3
:10743000FFFD2068002100F502700AF06FFC23793F
:1074400025686669032B304605F5027501F06182F7
:10745000012B00F02D86ECF72BFDC000EF2801F387
:107460009584012128460AF0E3FC206894F83A301C
:1074700000F50E70002B00F07181EFF7D9FD206848
:10748000218B00F50E700AF019FC666925683046FC
:10749000ECF70EFD4000EF2805F50E7500F38F8325
:1074A000022128460AF018FC2068012100F50E7020
:1074B0000AF016FC206894F83A3000F50C70002BA6
:1074C00000F04981EFF7B4FD666925683046ECF7B6
:1074D000EFFC4000EF2805F50C7500F362834FF0D8
:1074E000FF3128460AF016FC206894F83A3000F57F
:1074F0000470002B00F02C81EFF79AFD23792668A9
:107500006569012B284606F5047601F05381022BAC
:1075100000F0BA87ECF7CCFC0001EF2801F3D2842D
:107520000125294630460AF073FB294630460AF009
:1075300073FB2568002105F5047528460AF060FBF9
:10754000284600210AF060FB2568002105F5047536
:1075500028460AF065FB002128460AF065FB2068F2
:10756000012100F504700AF067FC206894F83A30B5
:1075700000F50670002B00F0E880EFF759FD666912
:1075800025683046ECF794FCEF2805F5067500F306
:107590005483012128460AF09FFB2068218F00F5C3
:1075A00006700AF08BFB2068012100F506700AF0D6
:1075B00097FB237926686569012B284606F5067630
:1075C00001F01380022B00F0A087ECF771FC00EBB8
:1075D00080004000EF2801F38484012529463046CD
:1075E0000AF016FB294630460AF016FB29463046BB
:1075F0000AF006FB304629460AF006FB2379256887
:107600006669012B304605F5067500F0D687022B1A
:1076100000F06D87ECF74CFC00EB80004000EF2899
:1076200001F36F84012128460AF0FEFA206894F8DD
:107630003A3000F50870002B00F08480EFF7F8FC7A
:10764000237925686669012B304605F5087501F038
:107650004282022B00F06A85ECF72AFC0001EF2839
:1076600001F35F84012128460AF0AAFA206894F801
:107670003A3000F51070002B00F07F81EFF7D8FC56
:107680002068FF2100F510700AF0DCFA20684FF046
:10769000FF3100F510700AF0CBFA2368122003F5D1
:1076A0001075EEF7EFF8014628460AF0CFFA206889
:1076B00047F6FF7100F510700AF0BAFB666925689D
:1076C0003046ECF7F5FBC0EB0010EF2805F5107520
:1076D00000F32F83012128460AF020FB20684FF099
:1076E000FF3100F510700AF029FB6569246828460F
:1076F000ECF7DEFB00EB8000EF2804F5107400F3DC
:1077000047830121204603B0BDE8F0400AF012BBD8
:1077100042F6861342F646122068238794F83A30E0
:10772000A286D030002B7EF489AAEFF77DFC20687A
:1077300094F83A30D830002B7EF489AAEFF774FC25
:10774000FEF787BAEFF770FC7AE7EFF76DFC16E704
:10775000EFF76AFCD2E6EFF767FCB5E6EFF764FCFB
:107760008DE6EFF761FC64E6EFF75EFC47E6EFF7C6
:107770005BFC33E6EFF758FC0AE6EFF755FCECE567
:10778000EFF752FC77E5EFF74FFC4AE5EFF74CFCDB
:10779000FBE401211220EEF77FF80146E8E4EFF761
:1077A00043FCD9E4EFF740FC9BE4EFF73DFC74E4C5
:1077B000EFF73AFC3FE4EFF737FCFFF7F6BBEFF7E4
:1077C00033FCFFF7C7BBEFF72FFCFFF7A9BBEFF7C1
:1077D0002BFCFFF785BBEFF727FCFFF72FBBEFF77D
:1077E00023FCFFF7CCBAEFF71FFCFFF7A0BAEFF7C7
:1077F0001BFCFFF754BAEFF717FCFFF7CFB9EFF711
:1078000013FCFFF792B9EFF70FFCFFF754B9EFF74E
:107810000BFCFFF70CB9EFF707FCFFF7D7B8EFF752
:1078200003FCFFF786B8EFF7FFFBFFF75BB8EFF756
:10783000FBFBFFF741B8EFF7F7FBFFF70FB8EFF7E8
:10784000F3FBFEF7EEBFEFF7EFFBFEF78FBFEFF7AF
:10785000EBFBFEF77ABFEFF7E7FBFEF766BFEFF74C
:10786000E3FBFEF73CBFEFF7DFFBFEF729BFEFF7C7
:10787000DBFBFEF717BFEFF7D7FBFEF7DCBEEFF73A
:10788000D3FBFEF7AFBEEFF7CFFBFEF79DBEEFF7E2
:10789000CBFBFEF78ABEEFF7C7FBFEF76EBEEFF736
:1078A000C3FBFEF752BEEFF7BFFBFEF736BEEFF7A6
:1078B000BBFBFEF719BEEFF7B7FBFEF7FDBDEFF719
:1078C000B3FBFEF7E0BDEFF7AFFBFEF77BBDEFF7D5
:1078D000ABFBFEF752BDEFF7A7FBFEF740BDEFF79E
:1078E000A3FBFEF722BDEFF79FFBFEF7F3BCEFF71C
:1078F0009BFBFEF7A4BCEFF797FBFEF748BCEFF746
:1079000093FBFEF731BCEFF78FFBFEF71ABCEFF7E6
:107910008BFBFEF703BCEFF787FBFEF770BBEFF7BF
:1079200083FBFEF749BBEFF77FFBFEF712BBEFF7D8
:107930007BFBFEF754BAEFF777FBFEF70FBAEFF7D2
:1079400073FBFEF7FEB91220EDF79CFF0146FEF730
:10795000AEB9EFF769FBFEF7A1B904211220EDF7EC
:107960009BFFA36AA085D8073EF550A904211220E9
:10797000EDF7A6FF2086FEF74EB9EFF755FB7FE641
:107980003046ECF795FA5021D94B01EBC00183FB4F
:107990000123C917C1EBA31109B2FFF7DAB83046CA
:1079A000ECF786FA5021D24B01EBC00183FB012397
:1079B000C917C1EBA311C1F3C03303FA81F1491018
:1079C000FEF722BF3046ECF773FA5021C84B01EBAB
:1079D000C00183FB0123C917C1EBA31109B2FEF754
:1079E0000EBAECF765FA00EB40008000EF287EF756
:1079F00005AA3046ECF75CFA0C22502100FB02117C
:107A0000BB4B83FB0123C917C1EBA31109B2FEF7DE
:107A1000F6B9ECF74DFA00EB40008000EF287EF756
:107A2000F2AE3046ECF744FA0C225021B04B00FB8A
:107A30000211BBE7ECF73CFA00EB40008000EF28B6
:107A40007FF786A83046ECF733FA0C22502100FB72
:107A50000211A74B83FB0123C917C1EBA31109B284
:107A6000FFF777B82846ECF723FA5025A04B05EB33
:107A7000400083FB0023C517C5EBA3152DB2FEF70D
:107A8000F6BF3046ECF714FA994B503083FB0023D5
:107A9000C117C1EBA31109B2FFF7E2B83046ECF70A
:107AA00007FA934B503083FB0023C117C1EBA3119E
:107AB00009B2FFF71DB93046ECF7FAF9052250215B
:107AC00000FB02118A4B83FB0123C917C1EBA311F1
:107AD00009B2FFF777BA3046ECF7EAF90F225021E6
:107AE00000FB0211824B83FB0123C917C1EBA311D9
:107AF00009B2FFF793BA2846ECF7DAF950251422B9
:107B000000FB02507A4BC51783FB0023C5EBA3157E
:107B10002DB2FFF76EBA3046ECF7CAF9744B50300D
:107B200083FB0023C117A1EBA31109B2FFF7FABA37
:107B30003046ECF7BDF950216D4B01EB400183FB62
:107B40000123C917C1EBA31109B2FFF7DCBA304614
:107B5000ECF7AEF9664B503083FB0023C117C1EB45
:107B6000A31109B2FFF7A4BA2846ECF7A1F95025F2
:107B70000F2200FB02505E4BC51783FB0023C5EBB1
:107B8000A3152DB2FFF777BA3046ECF791F9584BB1
:107B9000503083FB0023C117C1EBA31109B2FFF7DB
:107BA0004BBB3046ECF784F95021514B01EB4001BF
:107BB00083FB0123C917A1EBA31109B291E430465D
:107BC000ECF776F950214A4B01EB400083FB002390
:107BD000C117C1EBA311490009B262E42846ECF7D2
:107BE00067F95025424B05EB800083FB0023C51746
:107BF000C5EBA3152DB2FFF7D7BB3046ECF758F90C
:107C00000A22502100FB0211394B83FB0123C917C3
:107C1000C1EBA31109B2FFF7AEBB3046ECF748F950
:107C20000522502100FB0211314B83FB0123C917B0
:107C3000C1EBA31109B2FEF761BA3046ECF738F98F
:107C40002B4B503083FB0023C117C1EBA31109B2AA
:107C5000A0E43046ECF72CF95021254B01EB400114
:107C600083FB0123C917C1EBA31109B2FEF7E5B8E5
:107C70003046ECF71DF950211D4B01EB400183FB11
:107C80000123C917C1EBA31109B2FEF798BD28461D
:107C9000ECF70EF95025032200FB0250144BC517D8
:107CA00083FB0023C5EBA3152DB2FEF76CBD304658
:107CB000ECF7FEF80322502100FB02110C4B83FB72
:107CC0000123C917C1EBA31109B2FEF74FBE30461D
:107CD000ECF7EEF80322502100FB0211044B83FB6A
:107CE0000123C917C1EBA31109B2FEF72FBE00BFD4
:107CF000676666663046ECF7DBF80A22502100FB27
:107D00000211DE4B83FB0123C917C1EBA31109B29A
:107D1000FEF7FCBD2846ECF7CBF85025D74B05EB1A
:107D2000800083FB0023C517A5EBA3152DB2FEF73A
:107D3000A2BD3046ECF7BCF80F22502100FB021127
:107D4000CE4B83FB0123C917C1EBA31109B2C2E4D7
:107D50003046ECF7ADF80522502100FB0211C74B6D
:107D600083FB0123C917C1EBA31109B2FDF7D3BFF0
:107D70002846ECF79DF85025072200FB0250BF4B28
:107D8000C51783FB0023C5EBA3152DB2FDF7A6BFD6
:107D90002846ECF78DF80522502100FB0211204601
:107DA000B64B83FB0123C917C1EBA31109B203B082
:107DB000BDE8F04009F0BEBF3046ECF779F8AF4BB4
:107DC000503083FB0023C117C1EBA31109B2FEF7AA
:107DD000B4B83046ECF76CF80322502100FB0211D6
:107DE000A64B83FB0123C917C1EBA31109B2FEF710
:107DF000D2B83046ECF75CF80322502100FB0211A8
:107E00009E4B83FB0123C917C1EBA31109B2FEF7F7
:107E1000B2B83046ECF74CF80322502100FB0211B7
:107E2000964B83FB0123C917C1EBA31109B2FEF7DF
:107E3000D5B83046ECF73CF80522502100FB021182
:107E40008E4B83FB0123C917C1EBA31109B2FEF7C7
:107E500045B92368122003F12006EDF713FD014612
:107E6000304609F06BFF28462668ECF721F800EB56
:107E70004000EF2806F1200601F3DD8001213046A5
:107E800009F04CFF20687F21203009F061FF0020BD
:107E900026686769ECF70CF83B2806F1200641F3E9
:107EA000AC800020ECF704F8744B00F1140583FB60
:107EB0000523ED17D5EB231541F0A0802946304668
:107EC00009F034FFFEF7C0B83046EBF7F1FF14229B
:107ED000502100FB0211694B83FB0123C917C1EB41
:107EE000A31109B2FEF72FBA3046EBF7E1FF0A22E1
:107EF000502100FB0211614B83FB0123C917C1EB29
:107F0000A31109B2FEF705BA3046EBF7D1FF0A22FA
:107F1000502100FB0211594B83FB0123C917C1EB10
:107F2000A31109B2FEF7E4B93046EBF7C1FF534B9A
:107F3000503083FB0023C117C1EBA31109B2FEF738
:107F400081BD2846EBF7B4FF50254C4B05EBC00034
:107F500083FB0023C517C5EBA3152DB2FEF749BD62
:107F60003046EBF7A5FF5021444B01EB400183FB6A
:107F70000123C917C1EBA31109B2FEF71ABD2846A8
:107F8000EBF796FF50253D4B05EBC00083FB00232C
:107F9000C517C5EBA3152DB2FEF7F7BC3046EBF7BE
:107FA00087FF0F22502100FB0211344B83FB01237A
:107FB000C917C1EBA31109B2FEF7A4BB2846EBF722
:107FC00077FF5025062200FB02502C4BC51783FB80
:107FD0000023C5EBA3152DB2FEF745BB3046EBF7EA
:107FE00067FF0322502100FB0211244B83FB012376
:107FF000C917C1EBA31109B2FEF711BB3046EBF76D
:1080000057FF0322502100FB02111C4B83FB01236D
:10801000C917C1EBA31109B2FEF7F1BAEBF748FF9C
:1080200000EB80008000EF287EF725A82846EBF7BC
:108030003FFF5025142200FB0255104B83FB052304
:10804000ED17C5EBA3152DB2FEF716B8EBF730FF11
:1080500000EB40004000EF287EF708AA3046EBF71F
:1080600027FF0622502100FB0211044B83FB012352
:10807000C917C1EBA31109B2FEF7F9B967666666C5
:10808000EBF716FF00EB40004000EF287EF7D8A981
:108090003046EBF70DFF0622502100FB0211E04BAA
:1080A00083FB0123C917C1EBA31109B2FEF7C9B9BC
:1080B000EBF7FEFE00EB40008000EF287FF7D1A930
:1080C0003046EBF7F5FE0C22502100FB0211D44B99
:1080D00083FB0123C917C1EBA31109B2FFF7C2B992
:1080E000EBF7E6FE00EB40008000EF287FF722A9C7
:1080F0002846EBF7DDFE0C2200F03CBEEBF7D8FE85
:1081000000EB40004000EF287EF76EA92846EBF711
:10811000CFFE5025062200FB0255C14B83FB0523F1
:10812000ED17C5EBA3152DB2FEF75FB9EBF7C0FE57
:1081300000EB80008000EF287FF794AA3046EBF731
:10814000B7FE1422502100FB0211B54B83FB012323
:10815000C917C1EBA31109B2FFF785BAEBF7A8FE67
:1081600000EB40008000EF287EF755AE2846EBF785
:108170009FFE0C2200F06EBDEBF79AFE00EB400074
:108180004000EF287EF7FEAE2846EBF791FE502523
:10819000062200FB0255A24B83FB0523ED17C5EB1E
:1081A000A3152DB2FEF7EFBEEBF782FE00EB400009
:1081B0004000EF287EF76FAE2846EBF779FE50259A
:1081C000062200FB0255964B83FB0523ED17C5EBFA
:1081D000A3152DB2FEF760BEEBF76AFE00EB400080
:1081E0004000EF287EF73CAE2846EBF761FE5025B5
:1081F000062200FB02558A4B83FB0523ED17C5EBD6
:10820000A3152DB2FEF72DBEEBF752FE00EB40009A
:108210008000EF287DF705AF3046EBF749FE0C22D2
:10822000502100FB02117E4B83FB0123C917C1EBD8
:10823000A31109B2FDF7F6BEEBF73AFE00EB4000E2
:108240008000EF287DF734AF2846EBF731FE0C2293
:1082500000F0DDBDEBF72CFE00EB80008000EF2886
:108260007DF7E0AF3046EBF723FE1422502100FBF0
:1082700002116B4B83FB0123C917C1EBA31109B298
:10828000FDF7D1BFEBF714FE00EB40008000EF28B4
:108290007DF7E9AF2846EBF70BFE0C2200F0F4BDAA
:1082A000EBF706FE00EB40008000EF287DF78AAD7B
:1082B0003046EBF7FDFD0C2200F075BEEBF7F8FD44
:1082C00000EB80008000EF287DF7D6AD2846EBF765
:1082D000EFFD5025142200FB0255514B83FB052373
:1082E000ED17C5EBA3152DB2FDF7C7BDEBF7E0FD0C
:1082F00000EB40008000EF287DF74EAD3046EBF7F5
:10830000D7FD0C2200F03FBEEBF7D2FD00EB4000A2
:108310008000EF287DF7D5AD3046EBF7C9FD0C2284
:1083200000F021BEEBF7C4FD00EB40008000EF2819
:108330007DF7EAAD3046EBF7BBFD0C2200F039BD0E
:10834000EBF7B6FD00EB40008000EF287DF7B0AF03
:108350002846EBF7ADFD0C2200F0A6BDEBF7A8FD1B
:1083600000EB80008000EF287DF746AF3046EBF74A
:108370009FFD1422502100FB0211294B83FB012396
:10838000C917C1EBA31109B2FDF737BFEBF790FD99
:1083900000EB40004000EF287EF7B4AF3046EBF72B
:1083A00087FD0622502100FB02111D4B83FB012398
:1083B000C917C1EBA31109B2FEF7A5BFEBF778FD12
:1083C00000EB80008000EF287DF7F3AE2846EBF746
:1083D0006FFD5025142200FB0255114B83FB052332
:1083E000ED17C5EBA3152DB2FDF7E4BEEBF760FD6D
:1083F00000EB40008000EF287EF701AC2846EBF749
:1084000057FD0C22E7E3EBF753FD00EB4000800043
:10841000EF287EF7D7AB2846EBF74AFD0C22CAE3DC
:1084200067666666EBF744FD00EB40004000EF280E
:108430007EF7D4AC2846EBF73BFD5025062200FB27
:108440000255DB4B83FB0523ED17C5EBA3152DB2BE
:10845000FEF7C5BCEBF72CFD00EB40008000EF28D9
:108460007EF7EAAB2846EBF723FD0C22C3E3EBF7DC
:108470001FFD00EB40008000EF287EF794AC2846FB
:10848000EBF716FD0C22C6E3EBF712FD00EB8000C4
:108490008000EF287FF744A82846EBF709FD502518
:1084A000142200FB0255C24B83FB0523ED17C5EBDD
:1084B000A3152DB2FFF735B8EBF7FAFC00EB40003F
:1084C0008000EF287EF7EBAE2846EBF7F1FC0C229C
:1084D00000F021BCEBF7ECFC00EB40008000EF2843
:1084E0007EF78CAE2846EBF7E3FC0C22FFE3EBF7BC
:1084F000DFFC00EB40008000EF287FF793A83046B8
:10850000EBF7D6FC0C2200F000BDEBF7D1FC00EB42
:1085100040008000EF287FF760A82846EBF7C8FCF2
:108520000C2200F0E2BCEBF7C3FC00EB4000800043
:10853000EF287EF7D1AE3046EBF7BAFC0C22FAE317
:10854000EBF7B6FC00EB40008000EF287EF731AE81
:108550002846EBF7ADFC0C22B9E3EBF7A9FCC0EB26
:10856000C0004000EF287EF7B7AE3046EBF7A0FC26
:108570000E22502100FB02108D4BC11783FB0023FC
:10858000C1EBA31109B2FEF7A8BEEBF791FCC0EB5B
:10859000C0004000EF287EF70CAE2846EBF788FCC1
:1085A00050250E2200FB0250814BC51783FB002390
:1085B000C5EBA3152DB2FEF7FDBDEBF779FCC0EBC3
:1085C000C0004000EF287FF72DA83046EBF770FC85
:1085D0000E22502100FB0210754BC11783FB0023B4
:1085E000C1EBA31109B2FFF71EB8EBF761FCC0EBBA
:1085F000C0004000EF287EF7F0AF2846EBF758FCAC
:1086000050250E2200FB0250694BC51783FB002347
:10861000C5EBA3152DB2FEF7E1BFEBF749FCC00097
:10862000EF287EF76FAE3046EBF742FC5021604BEF
:1086300001EBC00083FB0023C117C1EBA31109B2FA
:10864000FEF761BEEBF734FC00EB4000C000EF2802
:108650007DF7E8AD3046EBF72BFC1822502100FBEC
:108660000210534BC11783FB0023C1EBA31109B2C6
:10867000FDF7D9BDEBF71CFC00EB4000C000EF2874
:108680007DF797AD2846EBF713FC5025182200FB29
:108690000250474BC51783FB0023C5EBA3152DB232
:1086A000FDF788BDEBF704FC00EB4000C000EF28AD
:1086B0007DF7A2AD3046EBF7FBFB1822502100FB03
:1086C00002103B4BC11783FB0023C1EBA31109B27E
:1086D000FDF793BDEBF7ECFB00EB4000C000EF288B
:1086E0007DF7CAAB2846EBF7E3FB5025182200FBC9
:1086F00002502F4BC51783FB0023C5EBA3152DB2EA
:10870000FDF7BBBBEBF7D4FBC0EBC0004000EF288C
:108710007DF7FAAB3046EBF7CBFB0E22502100FB86
:108720000210234BC11783FB0023C1EBA31109B235
:10873000FDF7EBBBEBF7BCFBC0EBC0004000EF2844
:108740007DF791AD2846EBF7B3FB50250E2200FBD9
:108750000250174BC51783FB0023C5EBA3152DB2A1
:10876000FDF782BDEBF7A4FBC0EBC0004000EF2893
:108770007DF728AB3046EBF79BFB0E2200F013BCD5
:10878000EBF796FBC0EBC0004000EF287EF70BAB89
:108790002846EBF78DFB50250E2200FB0250044BC0
:1087A000C51783FB0023C5EBA3152DB2FEF7FCBA5A
:1087B00067666666EBF77CFB00EB4000C000EF28C5
:1087C0007EF7AEAE2846EBF773FB5025182200FB70
:1087D0000250D94BC51783FB0023C5EBA3152DB25F
:1087E000FEF79FBEEBF764FBC0EBC0004000EF2834
:1087F0007EF704AD2846EBF75BFB0E2277E2EBF742
:1088000057FBC0EBC0004000EF287EF748AD28467C
:10881000EBF74EFB50250E2200FB0250C64BC5174E
:1088200083FB0023C5EBA3152DB2FEF739BDEBF793
:108830003FFBC000EF287EF7D1AA2846EBF738FBB4
:108840005025BD4B05EBC00083FB0023C517C5EBCE
:10885000A3152DB2FEF7C3BAEBF72AFBC0EBC0009D
:108860004000EF287EF7E8A92846EBF721FB5025CA
:108870000E2200FB0250B04BC51783FB0023C5EB53
:10888000A3152DB2FEF7D9B9EBF712FBC0EBC00070
:108890004000EF287EF7B3A92846EBF709FB5025E7
:1088A0000E2200FB0250A44BC51783FB0023C5EB2F
:1088B000A3152DB2FEF7A4B9EBF7FAFAC0EBC0008E
:1088C0004000EF287EF77EA92846EBF7F1FA502505
:1088D0000E2200FB0250984BC51783FB0023C5EB0B
:1088E000A3152DB2FEF76FB9EBF7E2FAC000EF283F
:1088F0007DF7A6AD3046EBF7DBFA50218E4B01EB4E
:10890000C00083FB0023C117C1EBA31109B2FDF71F
:1089100098BDEBF7CDFAC000EF2800F37983002172
:10892000FEF7A0BDEBF7C4FAC0EBC0004000EF2893
:108930007EF700AD2846EBF7BBFA50250E2200FB70
:1089400002507D4BC51783FB0023C5EBA3152DB249
:10895000FEF7F1BCEBF7ACFAC0EBC0004000EF282B
:108960007DF7AFAA3046EBF7A3FA0E22502100FBA9
:108970000210714BC11783FB0023C1EBA31109B295
:10898000FDF7A0BAEBF794FA00EB4000C000EF2827
:108990007DF771AB2846EBF78BFA5025182200FBC8
:1089A0000250654BC51783FB0023C5EBA3152DB201
:1089B000FDF762BBEBF77CFAC000EF287DF714AD42
:1089C0002846EBF775FA50255B4B05EBC00083FB9F
:1089D0000023C517C5EBA3152DB2FDF706BDEBF7B8
:1089E00067FA0001EF287DF71CAB3046EBF760FA21
:1089F0005021514B01EB001083FB0023C117C1EB49
:108A0000A31109B2FDF70EBBEBF752FAC000EF2835
:108A10007DF72CAD3046EBF74BFA5021464B01EB7E
:108A2000C00083FB0023C117C1EBA31109B2FDF7FE
:108A30001EBDEBF73DFAC000EF287EF711AA2846CD
:108A4000EBF736FA50253C4B05EBC00083FB0023C7
:108A5000C517C5EBA3152DB2FEF703BAEBF728FA3D
:108A6000C0EBC0004000EF287DF796A93046EBF739
:108A70001FFA0E2287E2EBF71BFAC0EBC0004000A2
:108A8000EF287DF715AB2846EBF712FA50250E229A
:108A900000FB0250284BC51783FB0023C5EBA31531
:108AA0002DB2FDF706BBEBF703FAC0EBC0004000A8
:108AB000EF287DF7FDAB2846EBF7FAF950250E229B
:108AC00000FB02501C4BC51783FB0023C5EBA3150D
:108AD0002DB2FDF7EEBBEBF7EBF900EB4000C00069
:108AE000EF287EF7BFAD3046EBF7E2F918225021B0
:108AF00000FB0210104BC11783FB0023C1EBA31135
:108B000009B2FEF7B0BDEBF7D3F9C0EBC0004000EF
:108B1000EF287EF780A92846EBF7CAF950250E22E8
:108B200000FB0250044BC51783FB0023C5EBA315C4
:108B30002DB2FEF771B900BF67666666EBF7B8F94C
:108B4000C000EF287EF71EAA2846EBF7B1F95025A2
:108B5000DB4B05EBC00083FB0023C517C5EBA3155A
:108B60002DB2FEF710BAEBF7A3F9C000EF287EF79D
:108B700092A92846EBF79CF95025D14B05EBC00094
:108B800083FB0023C517C5EBA3152DB2FEF784B9EF
:108B90003046EBF78DF95021C94B01EB400183FBC7
:108BA0000123C917C1EBA31109B2FDF760BC284628
:108BB000EBF77EF90A22502500FB0255C04B83FBE0
:108BC0000523ED17C5EBA3152DB2FDF7FCBF284615
:108BD000EBF76EF90A22502500FB0255B84B83FBD8
:108BE0000523ED17C5EBA3152DB2FEF709B82846EE
:108BF000EBF75EF90A22502500FB0255B04B83FBD0
:108C00000523ED17C5EBA3152DB2FEF716B82846C0
:108C1000EBF74EF90A22502500FB0255A84B83FBC7
:108C20000523ED17C5EBA3152DB2FEF7BDB82846F9
:108C3000EBF73EF95025A24B05EB400583FB0523DE
:108C4000ED17C5EBA3152DB2FEF7C9B82846EBF713
:108C50002FF90A22502500FB0255994B83FB05236F
:108C6000ED17C5EBA3152DB2FEF7D6B82846EBF7E6
:108C70001FF95025924B05EB400583FB0523ED17AB
:108C8000C5EBA3152DB2FEF7ECB82846EBF710F9AB
:108C900050258B4B05EB400583FB0523ED17C5EBFA
:108CA000A3152DB2FEF7F8B82846EBF701F95025C9
:108CB000834B05EB400583FB0523ED17C5EBA3159F
:108CC0002DB2FEF760B92846EBF7F2F80A225025DC
:108CD00000FB02557A4B83FB0523ED17C5EBA3156B
:108CE0002DB2FEF767BA2846EBF7E2F80A225025C4
:108CF00000FB0255724B83FB0523ED17C5EBA31553
:108D0000C5F3C03303FA85F56D10FEF778BA28462F
:108D1000EBF7CEF80A22502500FB0255684B83FB87
:108D20000523ED17C5EBA3152DB2FEF7B9BA3046F2
:108D3000EBF7BEF80A22502100FB0211604B83FBC7
:108D40000123C917C1EBA31109B2FEF7C6BA304619
:108D5000EBF7AEF850215A4B01EB400183FB0123A6
:108D6000C917C1EBA31109B2FEF7CDBA2846EBF73C
:108D70009FF80A22502500FB0255514B83FB052327
:108D8000ED17C5EBA3152DB2FEF7D5BA3046EBF7BC
:108D90008FF850214A4B01EBC00183FB0123C91717
:108DA000C1EBA31109B2FEF75DBB3046EBF780F8CB
:108DB0000A22502100FB0211414B83FB0123C917FA
:108DC000C1EBA31109B2FDF7A0B83046EBF770F87C
:108DD00050213B4B01EBC00183FB0123C917C1EBC1
:108DE000A31109B2FDF71EB92846EBF761F850252B
:108DF000334B05EB001583FB0523ED17C5EBA315DE
:108E00002DB2FDF739B92846EBF752F80A22502562
:108E100000FB02552A4B83FB0523ED17C5EBA31579
:108E20002DB2FDF746B92846EBF742F85025244B02
:108E300005EB001583FB0523ED17C5EBA3152DB23C
:108E4000FDF7B8B93046EBF733F850211C4B01EB76
:108E5000001183FB0123C917C1EBA31109B2FDF770
:108E6000CCB93046EBF724F85021154B01EB00113B
:108E700083FB0123C917C1EBA31109B2FDF7D3B9D5
:108E80002846EBF715F80A22502500FB02550C4B3B
:108E900083FB0523ED17C5EBA3152DB2FDF7E4B950
:108EA0002846EBF705F80A22502500FB0255044B33
:108EB00083FB0523ED17C5EBA3152DB2FDF7F9B91B
:108EC000676666662846EAF7F3FF5025694B05EBAF
:108ED000001583FB0523ED17C5EBA3152DB2FEF797
:108EE00020BB2846EAF7E4FF0A22502500FB025582
:108EF000604B83FB0523ED17C5EBA3152DB2FEF7E1
:108F00006DBB3046EAF7D4FF0A22502100FB021164
:108F1000584B83FB0123C917C1EBA31109B2FEF71C
:108F200082BB3046EAF7C4FF5021524B01EB0011DF
:108F300083FB0123C917C1EBA31109B2FEF793BB51
:108F40002846EAF7B5FF50254A4B05EB001583FB91
:108F50000523ED17C5EBA3152DB2FCF78EBF3046E8
:108F6000EAF7A6FF0A22502100FB0211414B83FBC6
:108F70000123C917C1EBA31109B2FCF7A3BF304607
:108F8000EAF796FF0A22502100FB0210394BC11765
:108F900083FB0023C1EBA31109B2FCF7FEBE3046F0
:108FA000EAF786FF0A22502100FB0210314BC1175D
:108FB00083FB0023C1EBA31109B2FCF704BF2846D1
:108FC000EAF776FF50252B4B05EB400583FB052385
:108FD000ED17C5EBA3152DB2FDF707BA3046EAF73A
:108FE00067FF5021234B01EB400183FB0123C9178D
:108FF000C1EBA31109B2FDF724BA01253846EAF7FF
:1090000057FF05FB00F0EF2825DC0121FEF757BFD5
:109010003046EAF74DFF5021164B01EBC00183FBB0
:109020000123C917C1EBA311C1F3C03303FA81F1C6
:109030004910FEF717BA2846EAF73AFF03225021F3
:1090400000FB02110B4B83FB0123C917C1EBA311DA
:1090500009B2FEF714BF3846EAF72AFF05FB00F015
:10906000044B503083FB0023C017C0EBA31001B2A8
:10907000FEF725BF676666662DE9F047DFF8A0A01A
:109080001E46DAF80030054689469046089F214C76
:10909000002B35D0EAF748FEEAF74CFEB0F5A07F8A
:1090A00024DC032323711C4BC4E90777A4F8189030
:1090B0006561A4F81A806762A360A662FCF79CFD54
:1090C0005DB12846EFF7A4FF144B834205D001237E
:1090D000124884F83A30BDE8F0870020E3F7C4F87E
:1090E00001230E4884F83A30BDE8F087EAF71CFE09
:1090F000EAF720FEB0F5347FB4BF02230123D1E7A5
:109100004FF4127084F83A30EDF738FACAF80000DC
:109110002060BFE774D90020054C02107CD90020E4
:1091200024180020034B04481B68002B08BF184676
:10913000704700BF241800207CD90020024B18681B
:10914000003818BF012070472418002070B504466D
:10915000F0F7D4FA05462046F0F7D8FA436BB3F59A
:10916000A02F00D070BD816B0446062932D80022A2
:109170000369DA7083F822204FF40042284689B24E
:109180000CF038FAA8B9A16B4FF48042284689B296
:109190000CF030FA0028E5D0FF232669284686F82F
:1091A0002230E5F7CDFE2269F083138C013313845E
:1091B00070BD662326692846F370E5F7C1FEB080CE
:1091C00028460CF0E5F9A16B8842DDD1B222236973
:1091D000DA70D9E74022284689B20CF00BFA08B9B8
:1091E000A16BC9E7002223691220DA7083F82220DC
:1091F0006669ECF747FBA16BB081BDE770B505462A
:109200004FF44041406A0CF0E5F895F92EC0AA8D64
:10921000BCF1020F95BF012000200C2300232C4C31
:10922000101A63442B49A4FB00C4C3EB43133E3B19
:10923000A1FB0313411C01EB900101EBD411264E5D
:10924000A1EB541101EBD301A6FB01368B1B06EBFE
:109250005306B6082B6BC6EBC6068E1B23B3A88E2F
:1092600010B3002405E00134A3B283421CD22B6B5F
:10927000AA8D33F8241003EB84039142F3D193F9C0
:10928000021095F92E209142EDD193F90310B31DF0
:109290001944686A4FF4004289B20BF09BFF013415
:1092A000A88EA3B28342E2D3D5E90A23534033F018
:1092B0007F4300D070BD95F92B10686A06313144A8
:1092C0004FF48042BDE8704089B20BF083BF00BF0D
:1092D0001F85EB51ABAAAAAA25499224014610B5D5
:1092E0000348DCF7FDFD0446DCF76EFE204610BDAA
:1092F0005838041000F138020B1D9A420FD0D1E902
:109300000023C0E90E23D1E90223C0E91023D1E9EB
:109310000423C0E912238B690365DEF7C9BA0B6821
:1093200083634B68C3638B680364CB6843640B69D6
:1093300083644B69C3648B690365DEF7B9BA00BF08
:1093400070B505460C4680F82A2004854FF440414C
:10935000406A85F82B300CF03DF895F92EC0AA8DA7
:10936000BCF1020F95BF012000200C2300232C4CE0
:10937000101A63442B49A4FB00C4C3EB43133E3BC8
:10938000A1FB0313411C01EB900101EBD411264E0C
:10939000A1EB541101EBD301A6FB01368B1B06EBAD
:1093A0005306B6082B6BC6EBC6068E1B23B3A88EDE
:1093B00010B3002405E00134A3B283421CD22B6B0E
:1093C000AA8D33F8241003EB84039142F3D193F96F
:1093D000021095F92E209142EDD193F90310B31D9F
:1093E0001944686A4FF4004289B20BF0F3FE01346D
:1093F000A88EA3B28342E2D3D5E90A23534033F0C7
:109400007F4300D070BD95F92B10686A0631314456
:109410004FF48042BDE8704089B20BF0DBBE00BF64
:109420001F85EB51ABAAAAAA2549922400295FD037
:1094300070B50B4605464FF44041406A2B63AA863F
:109440000BF0C8FF95F92EC0AA8DBCF1020F95BF95
:10945000012400240C2300232C4E141B63442C49AC
:10946000A6FB04C6C3EB43133E3BA1FB0313611CE5
:1094700001EB940101EBD6112648A1EB561101EB4B
:10948000D301A0FB0103C81A03EB50039E082B6B0A
:10949000C6EBC6068E1B23B3A88E10B3002405E0CE
:1094A0000134A3B283421CD22B6BAA8D33F8241053
:1094B00003EB84039142F3D193F9021095F92E2026
:1094C0009142EDD193F90310B31D1944686A4FF42A
:1094D000004289B20BF07EFE0134A88EA3B2834213
:1094E000E2D3D5E90A23534033F07F4301D070BD66
:1094F000FEE795F92B10686A063131444FF480423B
:10950000BDE8704089B20BF065BE00BF1F85EB510E
:10951000ABAAAAAA254992242DE9F04F01230E46B1
:109520004FFA82FB83B0402180F82EB0868580F808
:109530002F300446406A0BF04DFF0025A9B24022AF
:10954000606A01350BF046FE072DF7D1B1B2BBF1D1
:1095500001030A4600F1FD800B2BCABFABF10D03DE
:109560000846481C012B00F0FB808E4D85FB03054F
:10957000D8171D44C0EBA500C0EBC0001B1A03F0B8
:10958000010848BFC8F10008C8F11F085FFA88F851
:10959000BBF1020F95BF012700270C23002382484F
:1095A000CF1B5B44A0FB0705C3EB4313DFF80CC2E2
:1095B000A3F13E00ACFB00C07B1C03EB970303EB65
:1095C000D513A3EB5513794E03EBD003A6FB03068B
:1095D000981B06EB5006B608C6EBC6069E1BCDE9E7
:1095E00000B135469346F7B206F14609C7F1010AC4
:1095F000B04404EB89095FFA8AFA0AEB050348468E
:1096000004216B4ADBB2013508F08EFA454509F1B9
:109610000409F2D35A46DDF800B00199BBF1020308
:109620007BD40B2BC4BFABF10E034A1C012B7AD0A9
:109630005C4981FB0321DA171944C2EBA102C2EB9A
:10964000C2029B1A03F0010948BFC9F10009C9F120
:109650001F095FFA89F9D1445FFA89F9DEB107255C
:109660000736A9F10709B6B25FFA89F904F58C7AD1
:1096700009EB0503042150464D4ADBB208F054FAC9
:10968000294601354022606AADB20BF0A3FDB54218
:109690000AF1040AECD108F14606454604EB8606B9
:1096A000C8F1010808EB050304213046404A08F0E0
:1096B0003BFAE91D4022606A89B201350BF08AFD50
:1096C0002A2D06F10406EDD12046FFF797FD606ACA
:1096D0000BF05EFF4FF6FF73984204D0F91D606AED
:1096E000C9B20BF04DFD2046DEF7E2F82046E4F764
:1096F00027F8064670B1002529462046E4F710F801
:10970000636A834203D022461C21EFF7BDFF013577
:10971000AE42F1D103B0BDE8F08F0BF10A03012B8B
:1097200001F1FF3284D1930733D1224B03FB02F2C4
:1097300003F18043013BB3EBB20F30D31E4BB3EBCD
:10974000321F2CBF4FF001094FF0000909F11C092D
:1097500081E70BF10B03012B01F1FF307FF405AF23
:10976000850713D1134B03FB00F003F18043013B4A
:10977000B3EBB00F10D3104BB3EB301F2CBF4FF037
:1097800001084FF0000808F11C0801E74FF01C0821
:10979000FEE64FF01C095EE74FF01D08F8E64FF0BB
:1097A0001D0958E7932449921F85EB5125499224BE
:1097B000FCF10310295C8FC20AD7A300ABAAAAAAA6
:1097C0002DE9F0410D4600242F46324BA821C5E972
:1097D0000A332C63AC8605F58C70EDF779FB2E4BC4
:1097E000A44647F8383F01204FF078083C462B4EFE
:1097F0002B49431C13F0070F0CF146020CF1010E2C
:109800003FD006283FD905F822805FFA8EFC05EB91
:109810008202382B44F8042F01D01846E9E7214B87
:109820002846C5F814310BF08BFC394668620BF002
:1098300093FC686A4FF408710BF050FD00231A2264
:109840001949686AEFF790FF686A42F26401DDF730
:1098500007F928460121FAF741FA686A0121FAF767
:109860006FFAA98D284695F92E20FFF755FE284658
:10987000FFF7C4FC686A4FF48041BDE8F041DCF7B3
:10988000DDB93246C5E751F82020184644F8042FC8
:10989000AFE700BFE407010100F2031070F003100E
:1098A0007438041084F603104D910210406A70471A
:1098B000283070472C307047006B7047808E70479F
:1098C00070B50446406A0D460BF062FE4FF6FF731A
:1098D00098421BD0666A30460BF05AFE014630466D
:1098E0000BF058FE03784278303BDBB23AB9EB70AC
:1098F000A38D01202B8094F92E30AB7070BD03EB4B
:109900008303303A02EB4302D3B2F0E700236B80CB
:1099100018462B8070BD00BF70B50C460021204654
:10992000E3F7B2FD20460021FAF7D8F9002302221E
:1099300019462046FAF7E4F920460AF025FB0546C9
:1099400000222849E3F7FAF842F264012846DDF7DD
:109950009FF82846DFF796F92846DDF761FA0646B4
:1099600028463146DDF77CF80023072228461E49A9
:10997000EFF7FAFE04212846DCF7ACF920460EF09A
:109980001DFF054603210EF0FBFF002228460221A1
:10999000E3F734FA01212846FAF7D2F920460AF013
:1099A000F3FA054600221149E3F7C8F8324631467A
:1099B0002846DDF729F80023072228460A49EFF751
:1099C000D3FE28460421DCF785F91C2220460849ED
:1099D0000023EFF7C9FE2046BDE8704000221C219D
:1099E000EFF752BE1CF20310319A021020F203105E
:1099F000F599021070B5EFF781FE0546E3F78CFE8E
:109A0000FFF758FF044601212846E3F789FE94F941
:109A10000230054D013B228855F823300349BDE84B
:109A200070400EF063BF00BF9038041024F20310A2
:109A30002DE9F041EFF762FE8046E3F76DFE054643
:109A4000E3F76AFE0646FFF735FF03460021284686
:109A50001F8893F90240E3F763FE80451AD00C2C6F
:109A600013D0013462B2541E30463946FFF754FD1C
:109A700001212846E3F754FE0C4B3A4653F82430B4
:109A80000B49BDE8F0410EF031BF0137002401223F
:109A9000BFB2E9E7012C03D0013C62B2541EE3E7F8
:109AA000013F0B240C22BFB2DEE700BF9038041048
:109AB00024F20310014610B50348DCF711FA0446FE
:109AC000DCF782FA204610BDC038041070B5084695
:109AD0000C46E3F721FE002106462046E3F7D4FCBE
:109AE00000212046FAF7FAF820460CF077FA0546EE
:109AF00015490CF087FA33461C2228461349EFF724
:109B000033FE01212846FAF71BF920460CF066FACD
:109B100005460F490CF076FA33461C2228460D49BB
:109B2000EFF722FE28460121FAF70AF91C22204607
:109B300009490023EFF718FE2046BDE870400022D7
:109B40001C21EFF7A1BD00BF98F20310059C021085
:109B500000F50310D19B02105D9B0210F8B5EFF7E2
:109B6000CDFD0546E3F7D8FDFFF7A4FE002104462E
:109B70002846E3F7D5FD06460CF0DCFB02466427D9
:109B80004FF47A7E51781378303907FB01F1303B7E
:109B90000EFB03119378D278303B03EB8303B4F8C8
:109BA00000C001EB4301A2F130031944A1EB0C0109
:109BB000304689B20CF080FB01212846E3F7B0FD66
:109BC00094F90210BDE8F840013989B20CF074BB79
:109BD00038B50546EFF792FD04462846EFF798FDA5
:109BE000054620460CF0AEFB04462846FFF762FE11
:109BF0000346621C2846198852B2BDE83840FFF778
:109C00008BBC00BFF8B50446EFF778FD064620464A
:109C1000EFF77EFD054630460CF094FB04462846DF
:109C2000FFF748FE0346304693F902700CF082FBC2
:109C300084464FF0640E4FF47A769CF801109CF83D
:109C4000003030390EFB01F1303B06FB03119CF86C
:109C500002302846303B9CF8035003EB830301EBB2
:109C60004301A5F130031944091B3A46BDE8F84009
:109C700089B2FFF751BC00BF014610B50348DCF7BD
:109C80002FF90446DCF7A0F9204610BDDC3804109B
:109C90002DE9F04107468846E3F752FD78B30646C2
:109CA000002501E0AE422AD029463846E3F738FDC8
:109CB00014490446DCF796F801350028F2D0204616
:109CC000E3F73EFD0025064610B918E0AE4216D077
:109CD00029462046E3F724FD0B490446DCF782F8C9
:109CE00001350028F2D020460CF0C8FA2046414643
:109CF0000CF088F93846BDE8F041DDF7D9BDBDE884
:109D0000F08100BFDC380410F03F04102DE9F04F63
:109D1000012A14BF00F13C0B00F1540B16469BF9CD
:109D20000920B5B0002A0446099102DBDBF80020C7
:109D30006AB1BBF80850C5F30E05012D07D9BBF871
:109D40000620013DC2F30E0215FB02F515B935B030
:109D5000BDE8F08F322200212046E1F701FC1022FD
:109D6000002180462046E1F7FBFB07462046DDF751
:109D70007BF8B4F88620474400FB02F242F30F233D
:109D8000E28A204606931744DFF78AFABFB23F1AE9
:109D9000BBB20593002E00F0C78113224FF4C021FF
:109DA0002046E1F7DDFBBBF80090BBF8028003B270
:109DB000C9F10009C8F10008B4F918700B931FFA33
:109DC00089F91FFA88F813A8E6F764F84FF4C02160
:109DD00013AA2046DCF7CAFB1AA8E5F7A9FA1AAAC3
:109DE0004FF4C0212046DCF70BFB099922A8DCF7D1
:109DF000D3FC0622BFB2791E16F0010F07F101074E
:109E000018BF394624924FF4C0223096012E4FF0ED
:109E1000000613AB28932F921AAB8AB2A2EB080864
:109E200027930BB2A2EB090207930FFA88F30A9368
:109E300013B2CC4AB246089323920DF134090DF1C6
:109E4000380840F0EF8036E00A9B2A46ADF83830FB
:109E5000B4F9723000210093B4F96E30CDE92B983B
:109E6000ECF730FB32901A21204622AACDE92DAA28
:109E7000CDF89CA0EFF708FCB4F91610BDF94E30F0
:109E8000BDF9362003EBD37302EB63028A424FEA3B
:109E9000630307DBBDF93A20D31AB4F91A209342C1
:109EA00040F358811B21204622AA0136EFF7ECFB34
:109EB000B542FFF44CAF079B069AADF83430BDF9BC
:109EC0004E30A81BD31ABBF8062006FB03F3C2F3DF
:109ED0000E02B6FBF2F7B3FBF5F302FB1767059A28
:109EE00013441BB2ADF83630ADF83A30002FABD189
:109EF000089B2A46ADF83830B4F9723039460093E1
:109F0000B4F96E30CDE92B98ECF7DCFA9BF9092017
:109F10003290002AA7DA03461021934A16A807F0C8
:109F200003FE10232E931AAB1A21279322AA16ABF5
:109F300020462D93EFF7A8FB41F6FF73CDE90137DB
:109F4000BDF97A301A9A2D9900930FA8BDF97C308B
:109F5000EEF7CEFDBDF83800BDF93E30BDF83C202F
:109F6000BDF82CC0BDF83A1003EBD3730244624431
:109F7000C3F34F03ADF84420CA1A0B44B4F91610CA
:109F80001BB2844412B29942ADF840C0ADF84220F1
:109F9000ADF846303FF772AFB4F91A309342FFF68E
:109FA0006DAF1AA909982D9B009710AAE5F7D8F96B
:109FB000B4F9161062E70A9B2A46ADF83830B4F9B6
:109FC000703000210093B4F96C30CDE92B98ECF798
:109FD00079FA32901A21204622AACDE92DAACDF88D
:109FE0009CA0EFF751FBB4F91610BDF94E30BDF946
:109FF000362003EBD37302EB63028A424FEA63031A
:10A0000007DBBDF93A20D31AB4F91A20934240F382
:10A010009A801B21204622AA0136EFF735FBB54274
:10A02000FFF495AE079B069AADF83430BDF94E307B
:10A03000A81BD31ABBF8062006FB03F3C2F30E02DB
:10A04000B6FBF2F7B3FBF5F302FB1767059A13446F
:10A050001BB2ADF83630ADF83A30002FABD1089BCB
:10A060002A46ADF83830B4F9703039460093B4F967
:10A070006C30CDE92B98ECF725FA9BF9092032904A
:10A08000002AA7DA03461021374A16A807F04CFD2C
:10A0900016AB2D931AAB279310231A2122AA204620
:10A0A0002E93EFF7F1FA41F6FF73CDE90137BDF9D1
:10A0B0007A301A9A2D9900930FA8BDF97C30EEF7EB
:10A0C00017FDBDF83800BDF93E20BDF83C10BDF8C5
:10A0D0002CC0BDF83A30411A02EBD272C2F34F02E3
:10A0E000A1EB0C01ADF84010991A13440AB2B4F96F
:10A0F00016101BB2A0EB0C008B42ADF84400ADF87B
:10A100004220ADF84630FFF670AFB4F91A309342F2
:10A11000FFF66BAF1AA909982D9B009710AAE5F7D7
:10A120001FF9B4F9161060E712224FF4C02120463F
:10A13000E1F716FA03B2B4F91470BBF80090BBF85B
:10A1400002800B933FE643464A46099813A9E5F778
:10A15000ADFE5EE743464A46099813A9E5F7A6FE19
:10A16000A0E600BFF838041024F503102DE9F04FE5
:10A17000022A0CBF00F1480A00F1600ABAF8083060
:10A18000B1B0C3F30E03012B16460446089110D953
:10A190009AF90920002A02DBDAF800204AB1BAF85D
:10A1A0000620013BC2F30E0213FB02F9B9F1000FC6
:10A1B00002D131B0BDE8F08F122200212046E1F734
:10A1C000CFF93222002107462046E1F7C9F906906F
:10A1D0002046DCF72BFE804616A8B4F884B0E5F7DD
:10A1E000A7F816AA4FF4C0212046DCF709F9B4F904
:10A1F000143020460593DFF71FFD022E03469AF91F
:10A20000092000F0A380002AC0F2ED81002209920B
:10A21000E58A013D2DB2069A0BFB08F81744059A12
:10A2200048F30F2B1744FF1ABBB24FEA28274FF011
:10A2300000080FA80793E5F72DFE0FAA4FF4C021E1
:10A240002046DCF793F908991EA8CDF84080DCF78A
:10A25000A3FA0623209316AB23930FAB0222249379
:10A260004FF4C02394F88810CDE92B32B14B1F93E3
:10A2700001F00703022B194600F0C081022EADF851
:10A280002A5000F0E48000270AAB05930BABB846D8
:10A2900006933EE0BAF90020AD1A059A03292792E9
:10A2A000069AADF82E50289270D02E931EB99AF9C6
:10A2B0000920002A76DB1A2120461EAACDE929882A
:10A2C000CDF88C80EFF7E0F9B4F91410BDF93E3009
:10A2D000BDF9282003EBD37302EB63028A424FEAF5
:10A2E000630307DBBDF92C20D31AB4F9182093427D
:10A2F00040F3A6801B2120461EAA0137EFF7C4F9C0
:10A30000B945FFF456AF94F88810BDF92A5001F012
:10A310000701BDF93E20BAF80660ABEB020207FB6D
:10A3200002F2C6F30E06B7FBF6F3B2FBF9F207989A
:10A3300006FB1376024412B2ADB2ADF82820ADF898
:10A340002C20002EA6D0BAF90220A5E7002AC0F2E0
:10A35000798100220992089A658B92680135B2F9D9
:10A3600006102DB2A942FFF624AFB2F90210169AD8
:10A37000BAF90000B2F908E0099A05EB020C0EEBFD
:10A380000C0202448A42BFF646AF12E7B4F97A30B3
:10A390004A460093B4F9763000213846ECF792F83B
:10A3A000034682E712AD1021634A284607F0BCFB42
:10A3B00016AB239310231A211EAA20462A9329950F
:10A3C000EFF762F941F6FF73CDE90136BDF96A3066
:10A3D000169A299900930CA8BDF96C30EEF788FB0A
:10A3E000099ABDF82E30BDF93010BDF832009B1A25
:10A3F0009BB2BDF82C2001EBD171C1F34F01ADF838
:10A400003A301B1AADF83630501A5318B4F91410FC
:10A410001BB202B28B42ADF83420ADF83830FFF6F3
:10A4200055AFB4F918309342FFF650AF16A908980B
:10A43000299B00960DAAE4F793FFB4F9141045E7A1
:10A4400008980FA9DDE90523E5F730FD52E700265E
:10A450000AAB05930BAB37468C4606930DF14808C3
:10A460003EE0BAF900200244ADF82E20059ABCF176
:10A47000030F2792069A28924FD02E931DB99AF96E
:10A480000920002A5ADB1A2120461EAACDE9297785
:10A490002397EFF7F9F8B4F91410BDF93E30BDF980
:10A4A000282003EBD37302EB630291424FEA63036C
:10A4B00007DCBDF92C20D31AB4F918209A4280F297
:10A4C0008B801B2120461EAA0136EFF7DDF84E4592
:10A4D0003FF66FAE94F88810BDF92A5001F0070CD2
:10A4E000BDF93E20A8B2ABEB0202BAF8065006FB5B
:10A4F00002F2C5F30E05B6FBF5F3B2FBF9F20799CC
:10A5000005FB13650A4412B2ADF82820ADF82C20E3
:10A51000002DA6D0BAF90220A5E7B4F978304A4652
:10A520000093B4F9743000213046EBF7CBFF0346BB
:10A53000A3E700BFF838041024F503101021474AA0
:10A54000404607F0F1FA10231A212A931EAA16ABEF
:10A5500020462393CDF8A480EFF796F841F6FF73D9
:10A56000CDE90135BDF96A30169A299900930CA8F6
:10A57000BDF96C30EEF7BCFA0999BDF93020BDF891
:10A580002E30BDF82C000B4402EBD272BDF8321015
:10A59000C2F34F029BB2ADF836300B44811AADF8CE
:10A5A0003A3013180AB2B4F914101BB29942ADF83C
:10A5B0003420ADF838303FF770AFB4F9183093421B
:10A5C000FFF66BAF16A90898299B00950DAAE4F732
:10A5D000C7FEB4F9141060E708980FA9DDE9052358
:10A5E000E5F764FC6DE7079010224FF4C021204688
:10A5F000E0F7B6FF03B20993079B09E6414615222F
:10A600002046E0F7ADFFB4F8842000B200FB02F270
:10A61000B4F882100BEB222393FBF1F307EB222714
:10A62000FF1A1BB2A3EB2223079A03EBD37394F810
:10A63000881002EB63039BB201F0070107930FFA46
:10A6400087FB1BE6079011224FF4C0212046E0F75C
:10A6500087FF03B20993079B7DE600BF24F5031033
:10A660008B6A70B50D4601F124064BB913E0214603
:10A670003046EBF7D3FC2046EBF798FFAB6A53B1BB
:10A680003046EBF779FD037B04465B07EFD4406867
:10A69000EBF78CFFEBE73046EBF7E8FC6B6B05F173
:10A6A00030066BB13046EBF767FD04463046214675
:10A6B000EBF7B4FC2046EBF779FF6B6B002BF1D185
:10A6C0003046BDE87040EBF7D1BC00BF38B50C4652
:10A6D000102104F12400EBF741FC102104F13000BB
:10A6E000EBF73CFC00234FF064124FF00121C4E96A
:10A6F0001B32636794F888300748084D23F00F0336
:10A7000043F00103E067C4F88050A267C4F88410E6
:10A7100084F8883038BD00BFFF7F030005000A00C1
:10A720002DE9F0411F461B68002B46D015464A898B
:10A730000E46B0F882406900002A40D00846EBF788
:10A740001DFF8046002861D0AC4238685FD894B1C4
:10A750000023A8F10202B6F80AC09C44BCFBF4F145
:10A7600004FB11CC013330F91C109C4222F8021F6B
:10A77000F1D1A5421DD92B1B621C95422CBF1E4650
:10A780000126012B11D095420FD36FF0802108EBE9
:10A790004403720803EB820243F8041B9342FBD18B
:10A7A000F20706D526F00106344447F6FF7328F871
:10A7B0001430EBF7FBFEC7F80080BDE8F0811846C7
:10A7C000EBF70AFF386000B3AC42F6D2661EB54222
:10A7D000F3D96B1C04F100421B1B6FF08024013A7B
:10A7E00000EB4202590802EB810142F8044B91420E
:10A7F000FBD123F00102DB0748BF47F6FF73324469
:10A8000048BF20F81230BDE8F081FEE7FEE70023E4
:10A81000A8F10202B6F80AC09C44BCFBF4F104FBA8
:10A8200011CC013330F91C109D4222F8021FF1D1E6
:10A83000EBF7BCFEC7F80080BFE700BF2DE9F0478B
:10A8400082B004460F46DCF7F1FA0246B4F88430D1
:10A85000204602FB03F343F30F25DFF7EDF994F8ED
:10A860008820130706D502F00706012E804642D045
:10A87000022E05D0204602B0BDE8F047DDF718B83B
:10A88000152200212046E0F76BFEB4F8846000B288
:10A8900000FB06F6B4F882303222002105EB2625B3
:10A8A000204695FBF3F5E0F75BFEB4F91430122275
:10A8B00003FA80FA00212046E0F752FE17FB05F765
:10A8C0000FFA80F9D144BFB2A9EB08094F44694699
:10A8D0002046BFB23612ADB2DCF7F2F93D4469460C
:10A8E000BF1B2046ADF80450ADF80070DCF7C2FF86
:10A8F00002B0BDE8F087322200212046E0F730FEAA
:10A900001222002181462046E0F72AFEA38A48440D
:10A91000184449224FF4A021A0EB08082046E0F794
:10A920001FFE32464FF4003106462046E0F718FE7F
:10A93000B4F916300644B6B29B1BADF80230B4F938
:10A940001A301FFA88F83344ADF80630B4F8823074
:10A95000013B9F421ADB002FCAD0013F05FB07F7DE
:10A96000B4F88220EB19013A97FBF2F793FBF2F36C
:10A97000A8EB0602B0441744434420466946ADF8AC
:10A980000070ADF80430DCF775FFB1E705FB07F2A6
:10A99000A91892FBF3F291FBF3F3A8EB060E08EB78
:10A9A000060C7244634420466946ADF80020ADF8B9
:10A9B0000430DCF75FFFCEE7014610B50348DBF754
:10A9C0008FFA0446DBF700FB204610BDF838041070
:10A9D00090F8883003F007028A422AD0032A2DE932
:10A9E000F04105460E4625D0032E0AD095F8883052
:10A9F000284666F3020385F88830BDE8F041DCF7AD
:10AA000057BF05F124073846EBF7BAFB044638B9BF
:10AA1000ECE721463846EBF7BBFB04460028E5D0BF
:10AA2000B5F882008000EBF7A9FD20600028F0D186
:10AA3000FEE7704700F124073846EBF7A1FB044618
:10AA40000028D1D04FF000082068EBF7AFFD214679
:10AA5000C4F800803846EBF79BFB04460028F3D18E
:10AA6000C2E700BF2DE9F843B0F882308B4249D0ED
:10AA700000F124070129054638460E4638BF012655
:10AA8000EBF77EFB0446A0B14FF0000895F8882054
:10AA9000237B02F00702032A12D013F004091BD013
:10AAA0002146A4F80A803846EBF772FB04460028DA
:10AAB000ECD12846A5F88260BDE8F843DCF7F8BE83
:10AAC0009A07EAD42346324621462846FFF728FE55
:10AAD000237B13F00409E3D12146231D3246284687
:10AAE000FFF71EFE2146A4F80A903846EBF750FB0C
:10AAF00004460028CAD12846A5F88260BDE8F8437C
:10AB0000DCF7D6BEBDE8F883934204BF01331BB225
:10AB100004291CD8DFE801F0150F091B0300A0F879
:10AB20007620A0F87A30DCF7C3BEA0F87420A0F835
:10AB30007830DCF7BDBEA0F86E20A0F87230DCF7EC
:10AB4000B7BEA0F86C20A0F87030DCF7B1BE70473B
:10AB500090F88820C2F3C00C8C4505D061F3C30285
:10AB600080F88820DCF7A4BE704700BFB0F87E30C4
:10AB70008B4203D1B0F88030934205D0A0F87E100C
:10AB8000A0F88020DCF794BE704700BFB0F8843096
:10AB90008B420ED010B50446A0F88410DCF7D2F931
:10ABA00020460021E0F7AAF92046BDE81040DCF776
:10ABB0007FBE7047B0F886308B420ED010B5044689
:10ABC000A0F88610DCF7BEF920460021E0F796F9E0
:10ABD0002046BDE81040DCF76BBE7047B0F884003B
:10ABE000704700BFB0F88600704700BF70B50446DC
:10ABF000BDF910C0BDF914E09DF81850BDF91C60F6
:10AC0000042924D8DFE801F0201D1A23030004F1F1
:10AC100060014B80CB88CCF30E0C4CEAC53C6EF344
:10AC20000E0320468E800A80A1F808C0CB80DBF797
:10AC3000C7FD2046BDE87040DCF73ABE04F148018C
:10AC4000E7E704F15401E4E704F13C01E1E7002304
:10AC50001B80FFDE90F8880000F00700704700BFFF
:10AC6000B0F88200704700BF31B190F888301B0700
:10AC700054BF488900207047FEE700BF90B12DE91E
:10AC8000F04F0E468BB071B11D46B0F882301746BA
:10AC90009342044608D8002213462A806B800BB0EA
:10ACA000BDE8F08FFEE7FEE7DCF7C0F8B4F88430CB
:10ACB000BA4600FB03F3204643F30F230393DCF76C
:10ACC000D3F8B4F8868094F8883000FB08F803F0D5
:10ACD0000703012B4FEA282B48F30F2852D0032BF0
:10ACE0005AD0022B6BD0322200212046E0F738FCEC
:10ACF00000210FFA80F912222046E0F731FC2A8861
:10AD000009FA80F313442B802046DEF795FF2B8849
:10AD1000327B1B1A2B8094F8883071681B0758BF50
:10AD2000B6F80AA0B4F8823058BFBA44BAFBF3F0C0
:10AD300003FB10AAC2F3001204EB420231F91A30ED
:10AD4000B2F96C10B2F970205B1A08FB03F3521AC7
:10AD500093FBF2F3ABEB030B002110222046A5F886
:10AD600002B0E0F7FDFB6A8809FA80F313446B80B8
:10AD70002046DEF795FA6B881B1A1BB26B800BB06E
:10AD8000BDE8F08F039BB4F8822007FB03F3013A80
:10AD900093FBF2F32B80A6E7337B3268C3F3C00347
:10ADA00004EB430332F91700B3F97410B3F97820B8
:10ADB000039B00930023EBF785FB288093E704F1C6
:10ADC000240318469946EBF7E7F915224FF4A02122
:10ADD00006902046E0F7C4FB0FFA80FCB4F884002C
:10ADE00015220CFB00F00012002109902046E0F72C
:10ADF000B7FBB4F8842001B201FB02F21312CDE9D3
:10AE000004934846B4F88290EBF7BAF9059B039A8D
:10AE100009F1FF3C03FB1C2C9CFBF9FC0146069B43
:10AE20000FFA8CFCD8B14FF000092B46CDE907C4CE
:10AE30004D46049C994605E02046EBF7A9F90135FB
:10AE4000014620B38E42F7D14A46DDE9063CA946C9
:10AE50000CFB09F1B1FBF3F11546089C89B203988C
:10AE6000059A024407FB02FE099A581E02FB10CC09
:10AE7000B4F88200BCFBF3F39EFBF0F2C3F3C030E6
:10AE800000FA83F302EB6303194429802BE74A4657
:10AE9000DDE9063CA94615460CFB09F2B2FBF3F2CC
:10AEA000089C91B2DBE700BF2DE9F04F7F48D1B09D
:10AEB0000D46EEF709FC012802D051B0BDE8F08F35
:10AEC0002846EEF71FFC04462846EEF717FC631EE3
:10AED00083462B2BF1D801A252F823F0BDAF02100C
:10AEE000BBAE0210BBAE0210BBAE0210BBAE021076
:10AEF000BBAE0210BBAE021063B00210BBAE0210BC
:10AF0000BBAE0210BBAE0210BBAE0210BBAE021055
:10AF1000BBAE0210BBAE0210BBAE0210BBAE021045
:10AF2000BBAE02107DB00210BBAE0210B1B0021079
:10AF3000BBAE0210BBAE0210BBAE0210BBAE021025
:10AF4000BBAE0210BBAE0210BBAE0210BBAE021015
:10AF5000BBAE0210BBAE0210BBAE0210BBAE021005
:10AF6000BBAE0210BBAE0210BBAE0210BBAE0210F5
:10AF7000BBAE0210BBAE0210BBAE021087B5021012
:10AF8000BBAE0210BBAE02108DAF02102846EEF72A
:10AF9000BDFB04465846DBF749FF0246BBF8843048
:10AFA000584602FB03F31B122380DBF75DFFBBF85F
:10AFB000863000FB03F31B1263807EE7EFF78EFA07
:10AFC0003EA9EFF73DFBBBF81430BDF8F8405846FA
:10AFD000E41AA4B2ADF8F840DEF72EFE0646584655
:10AFE000DBF724FF1222002105465846BBF8847087
:10AFF000E0F7B6FA241A3444A2B224B2002C10DBD3
:10B0000007FB05F545F30F25A542C0F2C1829BF869
:10B01000883003F00703012B00F09683022B00F029
:10B0200046850025BBF97C30AB423FF446AFBBF808
:10B030008220A9B2914206D25846FFF7FFFBBBF926
:10B040007C30BBF8822099B2914202D25846FFF779
:10B05000F5FB00221C215846ABF87C50EEF714FBA0
:10B060002BE7B0F87C10B0F882308B4201D9FFF7A3
:10B07000E5FB47F6FF73ABF87C301EE7B0F96410D0
:10B08000B0F95830B0F94C209942B8BF19469142F6
:10B09000B8BF1146B0F9403028469942B8BF1946AA
:10B0A00051B0BDE8F04FEEF7B5BC00BFF838041062
:10B0B0002846EEF791FC82460BF11401DAF80820DD
:10B0C00022A80991E9F746FC002800F04881DAF847
:10B0D000083032220A9322ABCAF8083000215846C1
:10B0E000E0F73EFA1222044600215846E0F738FA0B
:10B0F00010220021A3B20E9058460B93E0F730FACD
:10B1000081465846DBF792FEBBF8843010905846D3
:10B110001193DBF7A9FE30AB1D4607461846039393
:10B12000BBF88660E4F7B6FE2A4600215846DBF7F6
:10B130001DFA3EA90B465146184600240493DBF73E
:10B140002BFB4FF0FF33DFF8FC851A21049A584699
:10B15000CDE94B434495CDE947444094CDF8FC807C
:10B16000EEF792FA312221465846E0F7F9F93222F9
:10B17000C3B2214658460C93E0F7F2F9332203B2EA
:10B18000214658461293E0F7EBF90D905846DEF74A
:10B1900053FD0F905846DEF783F8BBF87E50002D24
:10B1A00062D00B9B9944BBF816309944A9EB000977
:10B1B0001FFA89F30793BBF814300FFA85F9ADF83D
:10B1C0007030BBF81830ADF87C300C9B022B0CD9DA
:10B1D000129B002B09DD0D9B13F0020340F0AF879B
:10B1E0001C460D9BDB0700F19C87A1453CDD06FB5F
:10B1F00007F242F30F22CDF818A09246264614FB20
:10B2000002F7CDF820901FACDDF810901CAD05942E
:10B21000BBF87E300122013B97FBF3F3079C409281
:10B22000059A23441BB21A21489258464A464C9626
:10B23000ADF87230ADF87E30CDF8FC804795EEF772
:10B2400023FA059B2A4603990698E4F72FFE4A46FF
:10B250001B215846EEF718FA0136089A33B29A4283
:10B260005744D5DCDDF818A0BBF88040002C68D02E
:10B270000B9B0E9A13449946BBF8143099440F9BCC
:10B28000A9EB03091FFA89F30793BBF816300FFAED
:10B2900084F9ADF87230BBF81A30ADF87E300C9BF3
:10B2A000022B40F28481129B002B40F380810D9B86
:10B2B00013F0040740F05C870D9B1D0700F14A87DF
:10B2C000B9453EDDDDE9102303FB02F242F30F2214
:10B2D000CDF818A092463E4617FB02F71FACCDF8FA
:10B2E0002090DDF810901CAD0594BBF88030022250
:10B2F000013B97FBF3F3079C4092059A23441BB252
:10B300001A21489258464A464C96ADF87030ADF82E
:10B310007C30CDF8FC804795EEF7B6F9059B2A46C0
:10B3200003990698E4F7C2FD4A461B215846EEF7FA
:10B33000ABF90136089A33B29A425744D5DCDDF8AE
:10B3400018A04FF0FF3100234C9158461B21049A5E
:10B35000CDE94733EEF798F90A9BCAF80830002286
:10B3600051465846FEF7D2FC012251465846FEF798
:10B37000CDFC022251465846FEF7F8FE0422514603
:10B380005846FEF7F3FE0BF1240318460893EAF73C
:10B3900083FF044660B99BF8885005F00705012D2E
:10B3A00000F0DB81022D00F08D83032D00F0D684A8
:10B3B0000BF130094846EAF76FFF00287FF47DADB6
:10B3C000099ADAF8081018A8E9F7C4FA09900028D1
:10B3D0003FF473AD18AB1CAD2846DAF80880CAF804
:10B3E0000830E4F757FD2A464FF4E0215846DBF7D2
:10B3F000BDF822A8E6F7BAFD47F6FF73ADF888302E
:10B400009DF8783001224FF4E02158468DF88B30BA
:10B41000E0F7A6F803460122C3F3C03404FA83F32D
:10B4200013414FF4E02158460A93E0F799F83EABF8
:10B430005146074618460493DBF7AEF94FF4E02374
:10B440004B9305234093BF4B48463F931FAC30AB13
:10B45000449403934293EAF793FE0646002800F0D3
:10B460009D800A9B002B40F0A48017AB16AACDF854
:10B470001CA0CDF81490CDF82080A1469846144623
:10B48000DDF810A0069558E0B6F90070B6F9025044
:10B490000023BBF91420BBF816104193337B1744EB
:10B4A0000D4498073FB22DB21FD013F0010F08BF13
:10B4B0003A469B07ADF85A50ADF8582074D43B4635
:10B4C00052461A215846ADF85C30ADF85E50EEF7A2
:10B4D000DBF84346224649460798E4F7E7FC524624
:10B4E0001B215846EEF7D0F8337B13F00C0F1ED01B
:10B4F0005907ADF8587054D42A46ADF85A201A07A7
:10B50000ADF85C7001D5BBF91A5052461A21584665
:10B51000ADF85E50EEF7B8F8224649460798434624
:10B52000E4F7C4FC52461B215846EEF7ADF831460D
:10B530000598EAF72DFE064670B30A22069948469A
:10B54000EBF722FA3822039822A9EBF71DFAF388C9
:10B55000ADF87C30F388CDE94748ADF8C430737B53
:10B56000DD0791D447F6FF73B6F904209A42DED086
:10B570005846B16892B21AABFFF780FBBDF968700C
:10B58000BDF96A5084E751B0BDE8F04FDBF7DABC93
:10B59000BBF88240651E45E5DDE907A8CAF80880CA
:10B5A0008BE4BBF91620A8E7BBF9183088E7002721
:10B5B00086E6C7F3C03303FA87F77B1017AA16A9EC
:10B5C000CDE906A9CDF82C80A1468A4690461C46B6
:10B5D00008957BE0B6F90070B6F90250BBF816305A
:10B5E000BBF914201D441744B9B2ABB23FB22DB21F
:10B5F000002C00F09280BDF828E0A0B2A1EB0E0C68
:10B600007144ADF86C100146181A0B44ADF86E3059
:10B61000099BADF868C00593ADF86A001AAB419379
:10B62000337B980724D013F0010F08BF3A469907DF
:10B6300054BF3B46BBF918301A21ADF85820584684
:10B64000049AADF85C30ADF85A50ADF85E50EEF7A4
:10B650001BF84346524649460698E4F727FC059BEB
:10B66000002B63D11B215846049AEEF70DF8337B6B
:10B6700013F00C0F23D05A0754BF2A46BBF91620EB
:10B680001B0748BFBBF91A501A21ADF85A2058467B
:10B69000049AADF85870ADF85C70ADF85E50EDF7F7
:10B6A000F3FF4346524649460698E4F7FFFB059BE5
:10B6B000002B35D11B215846049AEDF7E5FF3146A2
:10B6C0000798EAF765FD0646002835D00A22089952
:10B6D0004846EBF759F93822039822A9EBF754F9B9
:10B6E000F388ADF87C30F388CDE947A8ADF8C430D5
:10B6F000737BDD073FF56EAF47F6FF73B6F90420A5
:10B700009A42DCD05846B16892B21AABFFF7B6FA4B
:10B71000BDF96870BDF96A5060E7234605947EE77D
:10B72000039906981AAAE6F747FCC3E70399069817
:10B730001AAAE6F741FC95E7DDF818A0DDF82C80A1
:10B740002CE700BFF8380410BBF882106B100139E9
:10B7500002FB013393FBF5F564E40999DAF808205C
:10B760001AA8E9F7F7F800283FF422AEDAF8082023
:10B77000BBF882300592012B1AAACAF808207FF67E
:10B7800017AE214632225846DFF7EAFE2146122242
:10B7900006465846DFF7E4FE21461022069058463A
:10B7A000DFF7DEFE07465846DBF740FB814658468A
:10B7B000BBF88440DBF758FBBBF914300A905846BD
:10B7C0000B93BBF88680DEF737FABBF916300C9086
:10B7D00058460D93DDF764FD09990E90DAF80820BC
:10B7E0001CA8E9F7B7F800283FF4E2AD22A8E4F777
:10B7F00051FB4FF4A02122AA5846DAF7B7FE30AB2E
:10B8000018460393E6F7B2FB4FF400315846039A0B
:10B81000DAF778FC2A464FF400315846DFF7A0FEED
:10B820000346C3F3C03505FA83F35D1004224FF4D9
:10B83000003158460495DFF793FEC0F3C03202FA98
:10B8400080F041108D422A46A8BF0A46BDF98A30D1
:10B85000149103EBD371B2EB610F05DD9DF89120DC
:10B8600042F010028DF89120012B05D19DF8913006
:10B8700043F010038DF8913004FB09F3089843F36B
:10B880000F23BBF882400793EAF77AFC8146002831
:10B8900000F07D840A9B0B9808FB03F1069B13FACA
:10B8A00086F202440D9817FA86F303440C98121A94
:10B8B0000E9817B21B1A081241F30F21069191B28C
:10B8C000079A9BB2034494420A919BB2C0F2AB85A3
:10B8D000CDF844A03C46DDF814A00E93CDF830B06E
:10B8E00007E049460898EAF753FC8146002800F033
:10B8F000FF8699F80C3013F00102F2D1B9F8081064
:10B900000C9DADF88810B9F80810C3F30013ADF81A
:10B91000C4100C9905EB430391F88810B3F96C003F
:10B92000090758BFB9F90A20D9F8041058BF0D9279
:10B93000ADF85C4058BF5200ADF8604048BF0D9272
:10B940008A5EB3F97010131A0A1A06993EA801FB11
:10B9500003F393FBF2F30E9A1199D31AADF8623008
:10B96000DAF71AFF03234093554BB5F882703F93E3
:10B9700022AB4493039BCDF83C9142934FF4A02318
:10B980004B93BDF96230002FABD04FF000080D9AF9
:10B990004646CDE90F330B92129478E00D99D9F811
:10B9A00004B08B1993FBF7F207FB12337A1E98FB56
:10B9B000F2F21DB299F80C300C99C3F3001301EBAD
:10B9C0004303B3F96C40B3F97000BAF90010049B5B
:10B9D000001BC91A0A9B01391A440FFA82FEADF8FE
:10B9E00060E03BF915308E45A3EB0403069C92B250
:10B9F00004FB03F393FBF0F40E9BA3EB040424B2CB
:10BA0000ADF862403ADB002E38D047F6FF710B9B51
:10BA10003BF913308B4231D03BF915308B422DD09E
:10BA20000F991098A142B8BF2146A042A8BF204656
:10BA3000F4450F91109021D0531E81421BB203D1C7
:10BA40000A46013212B20F92109AADF86030ADF88A
:10BA50005E200F9AADF85C30ADF8622018AB1198FB
:10BA600022A917AAE4F722FABDF860300F94013337
:10BA7000ADF860300C9B1094B3F88270079B0136D0
:10BA80009844B3B29F4210D9BDF962300B95049A25
:10BA9000ADF85E30BAF90430BDF960C0134401332B
:10BAA0009C45ADF85CC07FF779AF129C19E7BBF8F5
:10BAB000823002FB03F3B3FBF5F5FFF7B3BA00BF27
:10BAC000F83804100999DAF808201FA8E8F742FFAF
:10BAD00000283FF46DACDAF8083012220F931FAB48
:10BAE000CAF8083021465846DFF73AFD21461022B1
:10BAF00081465846DFF734FD07465846DBF796F98E
:10BB0000BBF8843000FB03F3584643F30F28DBF700
:10BB1000ABF9BBF8863000FB03F308981A1243F325
:10BB20000F2306930592EAF737FB152206462146B6
:10BB30005846DFF715FDBBF8843000B200FB03F375
:10BB4000BBF882501B1205F1FF3C0CFB138393FBE7
:10BB5000F5F315224FF4A02158461DB2DFF700FD82
:10BB6000BBF8843001B201FB03F31B1219460D939D
:10BB7000731E01FB1353B3FBF6F31BB2012BB8BFCB
:10BB800001233222214658461E46DFF7E9FC039086
:10BB90005846DEF751F8039B9BB29944A9EB000984
:10BBA000039358461FFA89F30B93DDF779FB039B48
:10BBB0003B441B1A9FB230AB994618460393E6F7F5
:10BBC000D5F94A464FF4A0215846DAF79BFAFF23ED
:10BBD0008DF8C3309DF8CF30BDF8C02064F3020368
:10BBE0008DF8CF30BBF81A3051461344ADF88E3083
:10BBF0003EAB18460493DAF7CFFD4FF4A0234B93E6
:10BC00000423BBF882204093A94B3F93002A00F005
:10BC10009E801FFA86FCCDF828A026461046A24634
:10BC2000A8EB0503DDF820800C930CF1FF35079796
:10BC3000CDF838C0013896FBF0F3BBF814200B990F
:10BC400040460A441A44CDF830A117B2EAF798FAF0
:10BC5000044600286ED0DDE90D2308963E4603EB2E
:10BC60000209237B13F001015CD19BF88800B7B275
:10BC7000000758BF6189BDF97CE0781900B2C3F3B1
:10BC8000001309B286450BEB430CADF888605144B4
:10BC9000ADF88C0043DCBDF980E0BBF88200B6450E
:10BCA0005ADB91FBF0F200FB121122896068ADF8BB
:10BCB000C42009B2BCF96CE0BCF9702030F911C0A5
:10BCC000069BA2EB0E02ACEB0E0E03FB0EFE9EFBE0
:10BCD000F2FE47F6FF7CBBF81620079B1A44059B33
:10BCE0001A44A2EB0E02ADF88A2030F91120624509
:10BCF00015D0039E22AB1A214E925846049A4193C6
:10BD000042964F94EDF7C0FC22AB1A4631460A9892
:10BD1000E6F752F91B215846049AEDF7B5FC07EBFC
:10BD2000090216B221464046EAF732FA04460028D4
:10BD300097D1089EBBF882000C9B0AF1010A1E44B1
:10BD40001FFA8AF398423FF675AFDDF828A00F9BE3
:10BD5000CAF80830FFF72CBB089EEDE70999DAF81E
:10BD600008201CA8E8F7F6FD00283FF421AB1CAB27
:10BD700021463222DAF808705846CAF80830DFF750
:10BD8000EFFB2146122205465846DFF7E9FB214624
:10BD9000102204465846DFF7E3FB06465846DBF719
:10BDA00045F8BBF88430ADB200FB03F3584643F3CB
:10BDB0000F230493DBF758F8BBF88630BBF8142048
:10BDC00000FB03F32C44144458461A1243F30F2388
:10BDD0000E920593DDF730FFA4B2BBF81620231AAC
:10BDE0003544154458469AB21BB206920F93DDF7BC
:10BDF00057FAACB2241AA3B222A81093E4F74AF877
:10BE00004FF4A02122AA5846DAF7B0FB30AB1C460B
:10BE100018460393E6F7AAF822464FF40031584635
:10BE2000DAF770F901224FF400315846DFF798FB3A
:10BE30000346C3F3C03404FA83F35C1004224FF4C6
:10BE4000003158460D94DFF78BFBC0F3C03202FA85
:10BE500080F041108C422246A8BF0A46BDF98A30C4
:10BE60000A9103EBD371B2EB610F05DD9DF89120D0
:10BE700042F010028DF89120012B05D19DF89130F0
:10BE800043F010038DF891300898EAF779F900280B
:10BE900000F03C810D9B002B00F08281109B0E9ADC
:10BEA000064613440B93CDF838A010970AE000BF64
:10BEB000F838041031460898EAF76AF9064600286F
:10BEC00000F06A81337B13F00107F3D13289ADF8BA
:10BED00088203289ADF8C4209BF8882012070F9A79
:10BEE00058BFB6F90AA0ADF86020ADF868207268B6
:10BEF00058BF4FEA4A07D25F48BFBA460A2A00F045
:10BF000009813268C3F3C0030BEB4303B3F9741028
:10BF1000D05FB3F97820049B00930023EAF7D2FAAC
:10BF2000069A317B0244ADF86820059C7268C1F323
:10BF300000110BEB4101D05F0023B1F97020B1F982
:10BF40006C100094EAF7BEFA0B9B1B1A1BB2ADF8FB
:10BF50006A303EAB18460E990C93DAF71DFC4FF48D
:10BF6000A0234B93904B4F963F9322AB4493039B5C
:10BF7000429303234093BBF88230002B00F08E8065
:10BF80005446002547F6FF78A1460AEB050494FBCA
:10BF9000F3F203FB12441A9A24B21892726832F92F
:10BFA000140062004045079270D0337BC3F3001346
:10BFB0000BEB4303B3F97020B3F96C10059B0093AE
:10BFC0000023EAF77FFA0B9A317B121AADF86A2048
:10BFD000049F3268C1F3C0010BEB410132F9140038
:10BFE0000023B1F97820B1F974100097EAF76AFAE2
:10BFF000069B0344ADF86830002D45D0BDF86010B5
:10C00000BDF834E0BDF82820BDF86230A1EB0E0C7D
:10C0100071447068ADF88010991A1344ADF87E1021
:10C02000ADF87CC0ADF8823030F919306A1E434556
:10C030004C920CBF002218AA47926200825E1A211D
:10C0400042450CBF00221AAA48924E930C9A1FAB8D
:10C0500058464193EDF718FB736833F919204245B0
:10C060000DD062009B5E434509D01AAB0E9822A901
:10C0700018AAE3F71BFF0A9B002B40F0CE811B217F
:10C0800058460C9AEDF700FBBBF882300135AAB296
:10C090009A42FFF479AF079F7FF40CAF47F6FF7227
:10C0A0007468E15F91423FF405AF4FF0000CBDF8BA
:10C0B0003400BDF86810013BBDF828204C93BDF852
:10C0C0006A300D1A0144ADF88010991A1344ADF886
:10C0D0007C50ADF87E100C9DADF88230E35F2A46AF
:10C0E0001FAC1A215846CDE947CC4E934194EDF749
:10C0F000CBFA224603990E98E5F75EFF2A461B21EC
:10C100005846EDF7C1FAD5E6DDE90CA7CAF8087084
:10C11000FFF74EB94EF20103ADF86830A3F5803356
:10C1200015E7112200215846DFF71AFA00B200285D
:10C130007FF45BA8013D0FFA85F9FFF756B8214659
:10C1400010225846DFF70CFA03B2B3FA83F46409FD
:10C15000FFF747B8132200215846DFF701FA00B273
:10C1600000287FF4ADA8013C0FFA84F9FFF7A8B8C6
:10C17000122200215846DFF7F3F907B2B7FA87F722
:10C180007F09FFF799B8DDF830B0DDF840A0059BD6
:10C19000CAF80830FFF70CB9DDF838A0109FB5E7F2
:10C1A0000646CDE90CA708E0F83804103146089897
:10C1B000E9F7EEFF06460028A6D0337B13F001090D
:10C1C000F4D13289ADF888203289ADF8C4209BF8CB
:10C1D0008820110740F11C81C8460F9AADF86020F5
:10C1E000ADF86820726832F908200A2A00F0098147
:10C1F0003268C3F3C0030BEB4303B3F9741032F995
:10C200000800B3F97820049B00930023EAF75AF959
:10C21000069A317B0244ADF86820059C7268C1F330
:10C2200000110BEB410132F908000023B1F9702035
:10C23000B1F96C100094EAF745F9109B0E9A13447B
:10C240001B1A1BB2ADF86A303EAB18460C990B9323
:10C25000DAF7A2FA4FF4A0234B93A64B4F963F93E5
:10C2600022AB4493039B429303234093BBF8823059
:10C27000002B00F09380109A0E994C460A4400253A
:10C28000079248E0BDF96030BDF86210ADF87C302F
:10C29000ADF88030BDF828307268C81A0B44ADF88C
:10C2A0007E00ADF88230691E32F91A304C9147F6A3
:10C2B000FF718B420CBF002118A9479147F6FF710F
:10C2C00032F9082058468A420CBF00221AAA1A21C5
:10C2D00048924E930B9A1FAB4193EDF7D5F947F671
:10C2E000FF71736833F91A208A4209D033F9083094
:10C2F0008B4205D00C9822A91AAB18AAE3F7D6FDF9
:10C300001B2158460B9AEDF7BFF9BBF88230013577
:10C31000AAB293423FD9A24609EB050494FBF3F27B
:10C3200003FB12441A9A24B2189272684FEA440826
:10C3300032F9140047F6FF729042E8D0337BC3F322
:10C3400000130BEB4303B3F97020B3F96C10059B9A
:10C3500000930023EAF7B6F8079A317B121AADF87A
:10C360006A20049F3268C1F3C0010BEB410132F92E
:10C3700014000023B1F97820B1F974100097EAF79E
:10C38000A1F8069B0344ADF86830002D7FF47AAF26
:10C39000BBF88230BBE79A427FF408AF47F6FF72E2
:10C3A000716831F9080090423FF400AF0022013B70
:10C3B0004C93BDF96830BDF86A00ADF87C30ADF83B
:10C3C0008030BDF828300B9DC41A0344ADF87E4080
:10C3D000ADF8823031F908301FACCDE947221A217F
:10C3E0002A4658464E934194EDF74EF9224603995A
:10C3F0000C98E5F7E1FD2A461B215846EDF744F974
:10C40000D4E64EF20103ADF86830A3F5803319E7A6
:10C41000B6F90A904FEA4908DFE603990E981FAA79
:10C42000E5F7CAFD2BE6CDF840A00F93BA46CDF84C
:10C4300030B007E049460898E9F7AAFE814600288F
:10C440003FF4A1AE99F80C3013F00102F2D1B9F823
:10C450000810ADF88810B9F80810ADF8C4100C99A0
:10C4600091F88810080740F136810D920C9CC3F3B7
:10C47000001304EB4301D9F80430ADF85CA0ADF82B
:10C4800060A0B1F96C009B5EB1F9702006991B1A8F
:10C4900001FB03F3121A93FBF2F33EAA104611922A
:10C4A0000F9A1099D31AADF86230DAF775F90323B1
:10C4B0004093104BB4F882703F9322AB4493039B9C
:10C4C000BDF9620042934FF4A023CDF83C914B9309
:10C4D000002F00F0C5804FF00008BDF81030464630
:10C4E0001293BDF85030DDF834B01393CDF854A05A
:10C4F00043469DE0F83804100D9B0C99334493FBA0
:10C50000F7F207FB12337A1E98FBF2F21CB299F88D
:10C510000C30D9F804A0C3F3001301EB4303B3F9C3
:10C520006CE0B3F970C0059BACEB0E0CB3F90010D6
:10C53000049BC91A4B1E0B930A9B06991A4412B20C
:10C54000ADF860203AF91430A3EB0E0301FB03F3BE
:10C5500093FBFCF30F99CB1AADF862300B9B93421F
:10C560005DDC002E5BD0129AADB2AB1A1544139A63
:10C5700080B2ADF87C30831A1044ADF88050ADF82D
:10C580008200ADF87E30721E3AF91B304C9247F6AD
:10C59000FF72934208BF002247F6FF7118BF17AA27
:10C5A00047923AF914200C988A420CBF002218AA2C
:10C5B0001A2148921FAD119A4E934195EDF764F8F8
:10C5C00047F6FF71D9F804304FEA4B0B33F90B20D3
:10C5D0008A420BD047F6FF7233F91430934205D0EC
:10C5E000109822A918AB17AAE3F760FC049B73B15B
:10C5F000149B63B147F6FF73D9F8042032F90B207E
:10C600009A4204D02A4603991098E5F7D5FC0C9D70
:10C610001B212846119AEDF737F8B5F88270079B71
:10C6200001369844B3B29F425AD9A346BDF962007D
:10C630000E93059B049AB3F90430BDF9605013447E
:10C640000133AB42ADF85E00ADF85C50BFF654AFBD
:10C65000DDF854A0CDF834B00E9B9F427FF4EAAED3
:10C6600047F6FF73D9F804500D9A35F912209A4213
:10C670003FF4E0AE0026BDF86000BDF81020BDF824
:10C680006210BDF85030841A0244ADF88020CA1AF6
:10C69000ADF87E200B440D9AADF87C40ADF88230A9
:10C6A00035F912300C9DCDE94766119E1FAC32461C
:10C6B0001A212846013F4E934C974194ECF7E4FF32
:10C6C000224603991098E5F777FC32461B2128464D
:10C6D000ECF7DAFFAEE6B9F90A200D925200C5E692
:10C6E0000E9BDDF854A001339BB20D940E93B3E77B
:10C6F000DDF830B0DDF844A049E500BFDBF7D8B87D
:10C700002DE9F04100F12408054640460C46174645
:10C71000E9F72CFC68B304810646B5F882004000B6
:10C72000E9F72CFF0446706020B395F8883003F0D9
:10C730000703032B1FD00023317B3A0102F01002C4
:10C74000C7F3800721F01D0142EAC7020A43327392
:10C75000B5F8822073814AB147F6FF7024F8020BC6
:10C76000B5F8821001339AB29142F7D83046BDE84D
:10C77000F081FEE7FEE7B5F882004000E9F7FEFE33
:10C78000306058B17468002CD5D131464046E9F785
:10C7900045FC3046E9F70AFF2646E7E7FEE700BF1B
:10C7A000D1B138B50B7B05465A070C4604D448680E
:10C7B00010B1E9F7FBFE237B9B0703D4206808B187
:10C7C000E9F7F4FE05F124002146E9F727FC2046AD
:10C7D000BDE83840E9F7EABEFEE700BF29B10B7BB0
:10C7E00062F300030B73DBF763B8FEE711B10A8154
:10C7F000DBF75EB8FEE700BF29B1B0F882309342A4
:10C8000088BF4A817047FEE7243009B1E9F7BCBC14
:10C81000E9F7B2BC70B530300D461446E9F7A6FB17
:10C8200060B16FF0802647F6FF71427B047322F0FF
:10C830000102C58042730660818070BDFEE700BFC3
:10C8400039B14B7B126843F001030A604B73DBF78D
:10C850002FB8FEE771B138B50C46497B054621F08B
:10C860000101A380617332B12846A260BDE838405F
:10C87000DBF71EB8FEE72430E9F77EFC02462846C7
:10C88000A260BDE83840DBF713B800BF82B011B139
:10C89000086802B07047FEE7B1B1B0F88230A3B1CA
:10C8A000002310B54C68A4F1020C2CF8022FB0F84C
:10C8B000824001331FFA83FE7445F6D8BDE810406C
:10C8C00000234B81DAF7F4BFFEE700234B81DAF750
:10C8D000EFBF00BFA9B138B50C464989636805466A
:10C8E00023F811206189B0F8822091420AD34B1CB1
:10C8F000B3FBF2F102FB113399B29142618107D38C
:10C9000038BDFEE7FDF79AFF6189B5F88220EEE7B2
:10C910002846BDE83840FDF791BF00BF49B18C46BD
:10C9200090F8881010B501F007010329864601D060
:10C9300010BDFEE7BCF80A40DCF8001021F8142016
:10C94000BCF80A10DCF8042022F81130BCF80A30D8
:10C95000B0F882200133B3FBF2F102FB113399B23C
:10C960008A42ACF80A10E3D9BDE81040FDF766BF73
:10C9700081B100B5B0F882E096450CD9496821F83C
:10C980001230B0F88230934205D911465DF804EBBD
:10C99000FDF754BFFEE75DF804FB00BF30B5BDF9FD
:10C9A0000C40A9B190F888E00EF0070EBEF1030F1D
:10C9B0000DD1B0F882E0964509D90D6825F81230FE
:10C9C0004B6823F81240B0F88230934201D830BD52
:10C9D000FEE71146BDE83040FDF730BFA1B10B7B4B
:10C9E00070B55B0706460C46154603D4486808B187
:10C9F000E9F7DCFD237B304643F0040323736560D5
:10CA0000BDE87040DAF754BFFEE700BFA1B10B7B71
:10CA100070B59B0706460C46154603D4086808B156
:10CA2000E9F7C4FD237B304643F0020323732560FE
:10CA3000BDE87040DAF73CBFFEE700BF09B14868C7
:10CA40007047FEE709B108687047FEE7B0F97C005F
:10CA5000704700BF04290CD8DFE801F00907050B77
:10CA600003006030704748307047543070473C30A6
:10CA700070470020704700BF2DE9F8430D46064679
:10CA8000502200212846DEF76BFDC0F3C03303FAC5
:10CA900080F0C0F34F0412224FF440312846DEF7F5
:10CAA0005FFD132280464FF440312846DEF758FDE3
:10CAB000102281464FF440312846DEF751FD112205
:10CAC0004FF4403107462846DEF74AFD0022114662
:10CAD00004EB080E274404EB090CAB8A0444288DB0
:10CAE00003449BB2A3EB0E0E3B44688D63F30F012E
:10CAF000EB8A6EF30F0203449BB2A3EB0C002344BA
:10CB000060F31F4263F31F41304632607160BDE83D
:10CB1000F88300BFF0B5044683B068462146FFF7AE
:10CB2000ABFF69462046DAF7A5FE2046DAF772F930
:10CB30005022054600212046DEF712FD94F83C30D5
:10CB400007B2EF1B03F0030307EBD777012B4FEA84
:10CB5000670730D0022B2CD194F8276006EB4606ED
:10CB6000164BC6EB0616F600A3FB0636C6F34F16A9
:10CB700030B2E9F79DFB07FB00F35A36DB13238540
:10CB800030B2E9F795FB07FB00F0238D05EBD57577
:10CB9000C5F34F0505EBE0301D4421466085258532
:10CBA0006846FFF769FF69462046DAF763FE03B07F
:10CBB000F0BDA68CDCE794F82660CFE71F85EB512B
:10CBC00010B50C460022104B104893F800C094F8A2
:10CBD0003C30C4E90C2223F0070384F83C3094F87D
:10CBE0002C3060626CF30003204684F82C304FF444
:10CBF0008031D9F723F820464FF44071D9F76AF80D
:10CC00002046BDE8104085E7941A012000006464C6
:10CC10002DE9F04FCB48A7B08A46ECF755FD012827
:10CC200002D027B0BDE8F08F5046ECF76BFD04460C
:10CC30005046ECF763FD631E0446292BF1D801A290
:10CC400052F823F027CD0210E5CD021023CC0210BC
:10CC500023CC021023CC021023CC021023CC0210D0
:10CC600023CC021023CC021023CC021023CC0210C0
:10CC700023CC02104DCF021023CC021023CC021083
:10CC800023CC021031D002104DD0021061D002101E
:10CC900023CC0210C9D0021023CC021023CC0210E6
:10CCA00023CC021023CC021023CC021023CC021080
:10CCB00023CC021023CC021023CC021023CC021070
:10CCC00023CC021023CC021023CC021023CC021060
:10CCD00023CC021023CC021023CC021023CC021050
:10CCE00023CC0210EDCC02101DCD02105046ECF703
:10CCF0000DFD05462046DAF78DF8AB882A8801330A
:10CD00009B1A1BB2984209D12046DAF789F8EB88C2
:10CD10006A8801339B1A1BB2984282D0204627B002
:10CD2000BDE8F04FF6E6E7F7DBF96063EDF7D6FB19
:10CD300004F13801EDF784FCEDF7D0FB0646206BDB
:10CD4000E7F7D8F933689B8B984247D294F83C5068
:10CD500094F8277005F00305012D00F04E85022D93
:10CD600094F8268000F04185002D00F03185B8F15F
:10CD7000640F28BF4FF06408642F28BF6427A58C78
:10CD80003046EDF7ADFCB5F5B47F09D94FF4B47179
:10CD90006D4AEB08A2FB03239B0801FB13539DB2D2
:10CDA0008DF862808DF86370A38CAB4204D1E28C65
:10CDB000BDF862309A4211D0ADF86050189B204601
:10CDC0006362FFF7A7FE2046DAF772FD00221C21FE
:10CDD0002046ECF759FC01287FF423AFE7F780F9F0
:10CDE00020631EE7EDF77AFB064600283FF419AFF3
:10CDF000EDF77AFB042800F05084022800F04D84FF
:10CE0000304612A9EDF71CFCBDF94830B4F93820C2
:10CE100031689A1A002A087EB8BF5242824209DC61
:10CE2000BDF94A20B4F93A10511A0029B8BF494255
:10CE3000884208DAE7F754F9BDF94830BDF94A20CD
:10CE4000606323876287A18A20465B1AE18AADF876
:10CE50004830521AADF84A20D9F7DCFF5022054677
:10CE600000212046DEF77CFBBDF84820BDF84A10C3
:10CE7000C5F34E03D21AC91A1B1A1DB212B209B257
:10CE8000412DADF84820ADF84A109BB209DDC0F342
:10CE9000C03505FA80F0A3EB60031DB2412DB8BF89
:10CEA000412501FB01F105FB05F502FB0212AA4237
:10CEB000606BC0F2CA83E7F71DF9BDF94A10BDF9EE
:10CEC0004800E9F773FA4FF4B4771F49C308A1FB90
:10CED00003C39B0807FB130394F83C60A28C06F085
:10CEE0000306012E94F827509BB200F0AC84022E6A
:10CEF00094F8260000F03184002E40F03984642834
:10CF000028BF6420642D28BF642593428DF86200F9
:10CF10008DF8635040F0BC84E18CBDF862309942DA
:10CF20003FF47FAEADF86020189B20466362FFF7A8
:10CF3000F1FD2046DAF7BCFC00221C212046ECF76C
:10CF4000A3FB6EE614390410176CC1165046ECF7BB
:10CF5000DDFB0368113B032B3FF663AEDFE803F014
:10CF60003502350294F83C00A18C00F00300012842
:10CF700094F8262094F8273000F0B083022800F0BF
:10CF80004884642A28BF6422642B28BF64230028B5
:10CF900040F0AF83002940F062844FF4B4718DF803
:10CFA00062208DF86330ADF86010189B20466362F4
:10CFB000FFF7B0FD2046DAF77BFC00221C2120465B
:10CFC00027B0BDE8F04FECF75FBB94F83C10A08CA5
:10CFD00001F00301012994F8262094F8273000F08D
:10CFE0002284022900F09783002940F09D83642A5F
:10CFF00028BF6422642B28BF64234FF4B475411CFE
:10D000008DF862202F4A8DF86330CB08A2FB0323F2
:10D010009B0805FB13139BB2834240F03684E28CDD
:10D02000BDF862309A423FF4FCADADF86000BCE759
:10D030005046ECF76BFB034647F6FF7204F1140011
:10D0400019681C46E7F7C2FD2071EAE55046ECF787
:10D050005DFB0378022B3FF4E4AD01230370E0E5B0
:10D0600012224FF44031DEF77BFA132205B24FF45F
:10D0700040312046DEF774FA102207B24FF44031F7
:10D080002046DEF76DFA112206464FF44031204665
:10D09000DEF766FA04465046ECF738FBBD42B8BFEF
:10D0A0003D4636B2B542B8BF354624B2A542B8BFF8
:10D0B0002546B0F90020AB1C1BB29342B8BF134603
:10D0C0000380AEE5176CC1165046ECF717FB074618
:10D0D0005046ECF781FC034638460393D9F79AFE95
:10D0E00080463846D9F79CFE08EBD878BB8A48F3CF
:10D0F0004F0843449BB20193FB8A00EBD07003EBD3
:10D1000060039BB20FA80493E2F7C4FE00213846E7
:10D110000FAAD9F72BFA4FF41D7318FB03F3D0486D
:10D12000502280FB0340DB17C3EB20330233002186
:10D130003846ADF83E30DEF713FA002347F6FF72AB
:10D14000044607F1140112A8E4F7A8FB002112A875
:10D15000E3F786FD0025059028463E8BA1B2761A9E
:10D16000B7F814C066F30F00FE8A8C446CF30F0509
:10D170000E4466F31F450A957D8B0123691A00252D
:10D1800061F31F4047F6FF720B900AA918A8E4F755
:10D1900085FB002118A8E3F763FD24B2A8EB040384
:10D1A0002C46BDF93E20CDE9060AAE4E9044A3EBD5
:10D1B000020B0297002332888DF82630A2428DF8A8
:10D1C00027308DF8343000F0DF80FF23B370029BEE
:10D1D000348093F83C3003F00303012B00F04C81C2
:10D1E000022B00F0E980029F9F4997F82620B37038
:10D1F00002EB420202EB0212A1FB023297F8273047
:10D200009A4803EB430303EB0313A1FB0313C2F39D
:10D210000712C3F3071342708370002A00F0C9801D
:10D22000D14304EB44004000C0F3072E1EF0020F70
:10D230004FEA44071FFA80F90EF0040AC9B200F061
:10D240008C810DA8BAF1000F40F0E2810DF1260AA1
:10D250000DF1270C03FB01F11EF0010FC1F30721B3
:10D2600000F08F81037060468AF800105FFA89F938
:10D2700009FB02F282F47F42C2F3072202FB03F3AE
:10D280001B0A03709DF826309DF827109DF8342066
:10D29000C1F38701C2F3C70242EA411245F30F2AE4
:10D2A000DB0842EAC3235046ADF83C30E9F700F80A
:10D2B00008FB00F0019B4FEA152909F15A0903EB1D
:10D2C000E0300FFA89F9ADF834004846E8F7F0FF8E
:10D2D000034608FB03F3049F504607EBE333ADF826
:10D2E0003630E8F7E5FF03460BFB03F3019A4846A7
:10D2F00002EBE333ADF83830E8F7DAFF0BFB00F070
:10D3000007EBE030ADF83A000EAB03980DAA0FA979
:10D31000E2F7CCFD564B05F5876503349D42A4B278
:10D320007FF448AF12A8DDE9069AE3F707FE18A8D4
:10D33000E3F704FE0598E3F74DFD4846E3F74AFDA1
:10D340005046ECF7DBF904465046ECF745FB054642
:10D3500018A8E4F70BFE4FF44031204618AAD8F77E
:10D36000D1FE47F6FF73ADF8603094F82C30DB0740
:10D3700000F1AA81214612A8FFF77EFB284612AAD7
:10D3800018A9E4F719FE4CE4029BB27893F83C30FC
:10D3900003F00303012B00F0B780022B00F0AD80F7
:10D3A0009A427FF420AF314B5A789B78002A7FF461
:10D3B00037AF1A4619466BE70223029AB370918C75
:10D3C0002C4B92F8262001EB41018901A3FB01318E
:10D3D00002EB4202244B02EB0212A3FB023223486F
:10D3E000C1F38F01C2F3071281804270E3B2002AB9
:10D3F000DFD0D043C0B210FB04F04FEA112C1CF078
:10D40000020FC1F3002E0CF00409C0F3072000F056
:10D4100093800DF1340CB9F1000F40F0DA800DF17A
:10D4200026090DF1270ABEF1000F00F0C6808CF826
:10D430000030D44689F80000C9B201FB02F383F43E
:10D440007F43C3F3072313FB04F3C3F307238CF8D1
:10D4500000309DF826309DF827109DF8342017E7FE
:10D4600053A45C7B780E0020CDCCCCCC941A012048
:10D47000D06A0100176CC11601230299B3708A8C1F
:10D48000C84B02EB42029201A3FB023291F8273013
:10D49000C54903EB430303EB0313A1FB0313C34889
:10D4A000C2F38F02C3F3071382808370002C80D0F5
:10D4B000E143C9B203FB01F1100A00F0040E80073A
:10D4C000C2F3002CC1F3072124D50DA8BEF1000F33
:10D4D00040F084800DF1260E0DF12709BCF1000FFC
:10D4E0005ED0037048468EF80010D2B212FB04F2F0
:10D4F00092B26FEA1222D2B2C0E6022A7FF45CAF87
:10D50000AA4B99885A7871E7012AB5D1A74B9A8816
:10D510009B78CBE7BEF1000F73D1BCF1000F7CD13B
:10D52000D2B28DF834108DF826300DF12700002A84
:10D530003DD1220292B2DCE7B9F1000F5AD1BEF11F
:10D54000000F7BD1C9B28DF826308DF834000DF173
:10D55000270C002938D1130271E7BAF1000F42D12C
:10D56000BEF1000F60D101FB03FCC1B24FEA1C20E9
:10D570008DF834008DF826300DF1270059B91202CC
:10D5800078E68CF800308AF80010394621444900CA
:10D59000C9B20029F3D04942C9B201FB02F269E6DF
:10D5A000D2B289F800308EF80010002AC1D0524261
:10D5B000D2B212FB04F292B29BE7C9B28AF80030F1
:10D5C00089F800000029C6D04942C9B201FB02F324
:10D5D00035E70DF127090DF1260A24E70DF1270E95
:10D5E0000DF126097AE70DF1340C0DF126000DF14D
:10D5F000270A2FE60DF1340A0DF1260C0DF127094B
:10D6000011E70DF134090DF126000DF1270E65E744
:10D610000DF1270A0DF1260C1CE68DF834108DF85B
:10D6200027300DF1260060E703FB01F1090A8DF8B0
:10D6300027308DF834100DF1260017E68DF82730CD
:10D640008DF834000DF1260CF6E6E6F753FD33684D
:10D650009B8B8342BFF4E5AA94F83C305D073FF50D
:10D66000E0AA1D46524A03F003030133A2FB031252
:10D6700002F0060101EB52029B1A63F301052046FA
:10D6800084F83C50FFF746FA2046DAF711F9ECF738
:10D6900025FFEDF725F8FFF7C4BA2046A58AD9F78C
:10D6A000B9FB034603EBD37305EB63032046E58A1E
:10D6B000ADF84830D9F7B4FB00EBD07005EB60054E
:10D6C000ADF84A50FFF7A0BB94F8272094F8261035
:10D6D000A08CE7F75DFFADF864004BE6002A00F090
:10D6E000D280013AD2B2642A28BF6422642B28BFB8
:10D6F0006423B1F5B47F5FD92A488DF86220CA0847
:10D700008DF86330A0FB02034FF4B4729B0802FB58
:10D71000131399B247E427490133A1FB0351642550
:10D72000490905FB1133DBB2642A28BF6422642B4C
:10D7300028BF6423B0F5B47F66D919468DF863100D
:10D740004FF4B4718DF86220164AC308A2FB03237C
:10D750009B0801FB130398B267E41BB203EB83033E
:10D7600003EB8303C3F35C03A1FB0313C3F387053C
:10D77000642828BF6420642D28BF6425B2F5B47FD7
:10D780005BD98DF862004FF4B4700649D308A1FB51
:10D7900003139B0800FB13238DF863509AB2FFF725
:10D7A000C1BB00BF176CC116CDCCCCCC941A0120E4
:10D7B000ABAAAAAA1F85EB518DF862208DF86330C1
:10D7C000E28CBDF862309A427FF4EDABFFF729BAE4
:10D7D0003046ECF785FF642F28BF6427B8F1640F4B
:10D7E00028BF4FF06408FFF7DBBAB8F1640F28BF19
:10D7F0004FF064086427FFF7C2BA642F28BF64277C
:10D800004FF06408FFF7BBBA8DF862208DF86330E3
:10D8100005E4B3B3013BDBB2642B28BF6423642A65
:10D8200028BF642265E71F490132A1FB025164252C
:10D83000490905FB1122D2B276E78DF862008DF816
:10D840006350FFF769BB1BB203EB830303EB830356
:10D85000C3F35C03A1FB0313C3F3870088E701391B
:10D8600089B2B1F5B47F16D98DF862204FF4B47245
:10D870008DF86330B1FBF2F302FB131399B2FFF79B
:10D8800092BB6423CBE7642230E71846FFF7CDBB99
:10D890001A46FFF747BB8DF862208DF86330FFF71B
:10D8A00082BB00BF1F85EB5110B504460A46054BED
:10D8B000214605481A70D8F713FB0446D8F784FBB5
:10D8C000204610BD941A01201439041010B582B0FE
:10D8D000019189B2B1F5B47F044609D94FF4B4700F
:10D8E000174ACB08A2FB03239B0800FB131399B232
:10D8F0009DF806209DF80730642A28BF6422642B17
:10D9000028BF6423B4F824C08DF806208C458DF818
:10D91000073004D1E28CBDF806309A420CD0ADF845
:10D920000410019B20466362FFF7F4F82046D9F704
:10D93000BFFF012002B010BD002002B010BD00BF2B
:10D94000176CC11670B54FF0070C40F2071E40F27D
:10D950000316032500230446C1F3C42010FB0EC0A8
:10D96000C1F3451212FB065201F01F0111FB0EC15B
:10D97000401160F31743921162F30F23491161F3D1
:10D98000070343F07F4382B0DAB2C3F30721C3F346
:10D990000740E7F775FE83B2B3F5B47F01900AD96B
:10D9A0004FF4B470174923FA05F2A1FB0212920852
:10D9B00000FB12339BB29DF806109DF807206429E6
:10D9C00028BF6421642A28BF6422A08C8DF8061029
:10D9D00098428DF8072004D1E18CBDF806209142D1
:10D9E0000CD0ADF80430019B20466362FFF792F83B
:10D9F0002046D9F75DFF012002B070BD002002B0C3
:10DA000070BD00BF176CC11610B5044690F83C30CD
:10DA100061F3010380F83C30FFF77CF82046BDE855
:10DA20001040D9F745BF00BF90F83C3061F3820346
:10DA300080F83C30704700BF406A82B002B0704747
:10DA400090F8272090F82610808CE7F7A1BD00BF42
:10DA500090F83C0000F00300704700BF90F83C00D5
:10DA6000C0F38000704700BF90F83D3070B513F0F0
:10DA70000104054608D0BDE87040164B90F83C20E4
:10DA800053F8221007F06CBB008E4000E8F776FDDB
:10DA9000104B2A8E95F83C10520053F82110064680
:10DAA000E8F772FF2B8E5BB12346B41E34F8022FC9
:10DAB000013322F480622280298E9AB29142F5D8F5
:10DAC0002846314607F04CFB3046BDE87040E8F789
:10DAD0006DBD00BF7C0E002038B50C4600252046E9
:10DAE0000421D8F7F7F8A28F2B466FF308022046DF
:10DAF000A28705212A46A563D9F7B2F82B461C2236
:10DB000020460A49EBF730FE2A4629462046DFF731
:10DB1000C3F994F83C20064B204603EB8203596A74
:10DB200007F01AFB2046BDE838409DE735DB0210C0
:10DB30007C0E002070B5EBF7E1FD044607F028FDF0
:10DB40004FF6FF73984237D0204607F021FD01467B
:10DB5000204607F01FFD054670B36E4910F08AFE9F
:10DB60000346002879D028466B4910F083FE002830
:10DB700077D02B78312B10D16B78232B0DD1AB784C
:10DB80005BB902232046654AD16A84F83C3007F02D
:10DB9000E3FA2046BDE8704066E72846604910F089
:10DBA00069FE50B9002220212046EBF76DFD0128C7
:10DBB00002D1A06B002859D170BD2846594910F0F8
:10DBC00059FE0028EED02846574910F053FE06466D
:10DBD000002861D0A66B002EEED02846534910F0E5
:10DBE00049FE002848D02846514910F043FE00283D
:10DBF00042D028464F4910F03DFE00285CD0284610
:10DC00004D4910F037FE00285BD028464B4910F0F4
:10DC100031FE00285AD02846494910F02BFE002832
:10DC200059D130460FF074FB0546A06B0FF05CFB3A
:10DC300003461B78A06B2D2BADB262D02B2B50D09E
:10DC400000210EF035FEA06B2D210FF019F8A06B0E
:10DC5000691CBDE870400EF02BBE304A2046516A68
:10DC600093E72E4A01232046916A8EE70022BDE801
:10DC700070402021EBF708BD30460A210FF000F874
:10DC8000A06B0FF06FFB002896D0A06B0022BDE8C0
:10DC900070401F21EBF7F8BC02461F212046EBF72E
:10DCA000F3FC012888D1A06B002885D03246BDE85E
:10DCB00070401F21EBF7E8BC3046BDE870400FF024
:10DCC00097BB3046BDE870400FF08EBB3046BDE8D4
:10DCD00070400FF0FBB829463046BDE870400EF0AA
:10DCE0000FBF01210EF0E4FDA06B0FF0EFF82D2126
:10DCF000A06B0EF0C5FF2946A06BBDE870400EF08A
:10DD0000D7BD01210EF0D4FDA06B0FF0DFF82B2161
:10DD1000EEE700BF28F503102CF503107C0E002061
:10DD200030F5031034F50310F8F1031038F5031043
:10DD300040F503101CF2031020F2031044F5031009
:10DD400048F50310014610B50348D8F7C9F8044652
:10DD5000D8F73AF9204610BD3039041038B5836B36
:10DD600004460D4613B10221D7F7FEFFA5632DB17E
:10DD70002046BDE838400221D7F760BF38BD00BF5C
:10DD8000F8B590F83C308B423AD005461D4F80F8EC
:10DD90003C1007EB8101496A07F0DEF995F83D3048
:10DDA00013F0010423D1288E4000E8F7E7FB95F833
:10DDB0003C302A8E57F8231052000646E8F7E4FD5F
:10DDC0002B8E5BB12346B41E34F8022F013322F4AC
:10DDD00080622280298E9AB29142F5D82846314637
:10DDE00007F0BEF93046BDE8F840E8F7DFBB95F82C
:10DDF0003C30284657F82310BDE8F84007F0B0B98A
:10DE0000F8BD00BF7C0E002090F83D3003F0010209
:10DE10008A4236D061F3000370B513F00104054661
:10DE200080F83D3024D1008E4000E8F7A7FB154B69
:10DE30002A8E95F83C10520053F821100646E8F758
:10DE4000A3FD2B8E5BB12346B41E34F8022F0133A1
:10DE500022F480622280298E9AB29142F5D8284617
:10DE6000314607F07DF93046BDE87040E8F79EBBCB
:10DE7000044B90F83C20BDE8704053F8221007F0A6
:10DE80006FB970477C0E0020F8B505461F4F47F864
:10DE9000213090F83C3007EB810107EB83034A62A5
:10DEA000596A07F059F995F83D3013F0010408D08C
:10DEB00095F83C30284657F82310BDE8F84007F0A5
:10DEC0004FB9288E4000E8F759FB95F83C302A8E70
:10DED00057F8231052000646E8F756FD2B8E5BB12B
:10DEE0002346B41E34F8022F013322F480622280CC
:10DEF000298E9AB29142F5D82846314607F030F97A
:10DF00003046BDE8F840E8F751BB00BF7C0E00206A
:10DF1000806B704790F83C00704700BF90F83D0060
:10DF200000F00100704700BF10B508460C46E1F74D
:10DF300007F8FF2384F82630A08410BD2DE9F04FA8
:10DF40000846A5B00C46EBF7DDFBA0F11503DBB2EC
:10DF5000012B11D921460748EBF7B6FB012802D067
:10DF600025B0BDE8F08F204625B0BDE8F04FEBF7B7
:10DF7000C5BB00BFC43C041005462046EBF7BEFB02
:10DF8000152D0190ECD104A8E3F7F0FF019804AA45
:10DF90000021D8F7B7F84FF0000E40F20718072716
:10DFA00040F2031A0320F4469DF814B071460BF0BA
:10DFB0001F0B1BFB087BBDF814907346C9F3451972
:10DFC00019FB0A0920464FEA6B149DF815B07246FA
:10DFD0004FEADB0B1BFB087B4FEA6B1B76464FEAD5
:10DFE000A9196BF3174E69F30F2E64F3070E9DF812
:10DFF00017404FF00309E40814FB0874641164F33C
:10E00000174C9DF81B404EF07F4EE40814FB08743B
:10E01000641164F317419DF83D40C74DE40814FBBB
:10E020000874641164F317439DF82F40E40814FB4F
:10E030000874641164F317429DF83540E40814FB3A
:10E040000874641164F31746BDF81640C4F3451410
:10E0500014FB0A94A41164F30F2CBDF81A40C4F306
:10E06000451414FB0A94A41164F30F21BDF83C403D
:10E07000C4F3451414FB0A94A41164F30F23BDF8F0
:10E080002E40C4F3451414FB0A94A41164F30F2228
:10E09000BDF83440C4F3451414FB0A94A41164F38E
:10E0A0000F269DF81640CEF3074904F01F0414FB19
:10E0B0000874641164F3070C9DF81A404CF07F4C0F
:10E0C00004F01F0414FB0874641164F307019DF845
:10E0D0003C4041F07F4104F01F0414FB08746411BC
:10E0E00064F307039DF82E4043F07F4304F01F04C0
:10E0F00014FB0874641164F307029DF83440CEF3F6
:10E10000072A04F01F0414FB0874641164F3070663
:10E11000C1F3074404EB440B09EB4909C3F307447B
:10E1200046F07F4609EB8A09CCF3074804EB440428
:10E13000029459FA8EFEC6F30744CCF3072908EB84
:10E14000480808EB890804EB4404039458FA8CFC53
:10E15000029CC1F3072842F07F420BEB880BC3F30C
:10E16000072804EB8808C2F3074758FA83F307EB44
:10E170004707C2F30728039C07EB880757FA82F288
:10E18000C6F3072704EB8704019F54FA86F6BC8C7C
:10E19000CEF3CC0E0EF1040E04EB04442C405BFADB
:10E1A00081F14FEADE0E04FB0EFECCF3CC0CC1F382
:10E1B000CC01C3F3CC03C2F3CC02C6F3CC060CF102
:10E1C000040C0431043304320436F6084FEADC0C44
:10E1D000C908DB08D20804FB0CFC04FB01F104FBBA
:10E1E00003F304FB02F206FB04F497F82660BDF982
:10E1F0003E80BDF9447005EA5E1EA6F150094EEA64
:10E200001E4E09FB08F809FB07F74FEA0E4919FAF9
:10E210008EFE0436F6080EEA050E06FB0EFE05EA33
:10E220005C1C05EA5E1E4CEA1C4C4EEA1E4EADF824
:10E2300014E04FEA0C4E1EFA8CFC0CEA050C06FBAF
:10E240000CFC05EA511105EA5C1C41EA11414CEA5B
:10E250001C4CADF816C04FEA014C1CFA81F1294064
:10E2600006FB01F105EA521205EA511142EA124297
:10E2700041EA1141ADF81A10110411FA82F22A4054
:10E2800006FB02F205EA531305EA521243EA13436E
:10E2900042EA1242ADF82E201A0412FA83F32B4000
:10E2A00006FB03F305EA541405EA531344EA144445
:10E2B00043EA1343ADF83C30230413FA84F41F49B6
:10E2C0002C4006FB04F481FB083281FB071305EAAE
:10E2D00054154FEAE878FF17C8EBA218C7EBA3174D
:10E2E00045EA1545ADF83450ADF84470ADF83E80C0
:10E2F000EBF772FB044612A82146D8F74DFA00232B
:10E30000019F0F4A07F11405CDE9143513921F93AD
:10E3100012AA04AB1A2138461693EBF7B5F92A4630
:10E32000204604A9E3F748FE1B21384612AAEBF762
:10E33000ABF925B0BDE8F08F1FF8E00791739F5D42
:10E34000C43C0410014610B50348D7F7C9FD044684
:10E35000D7F73AFE204610BDC43C04108184D9F79B
:10E36000A7BA00BF90F826208A4206D0502938BFAD
:10E37000502180F82610D9F79BBA704790F82620D4
:10E38000FF2A04D0FF2280F82620D9F791BA7047DF
:10E3900090F82620502A04D0502280F82620D9F761
:10E3A00087BA704790F82620A72A04D9502280F80F
:10E3B0002620D9F77DBAFF2280F82620D9F778BA2F
:10E3C00090F82600704700BF01F15400E7F74EBEF9
:10E3D00010B50C4601212046F5F780FC2046BDE82B
:10E3E00010400221D7F776BC10B50C46002120461C
:10E3F000F5F774FC0223204600211A46F5F780FC4D
:10E400002046BDE810400221D7F764BC70B50C4629
:10E410000025474B20461988D8F7B0FB204600213D
:10E42000F5F75CFC94F86230042123F00F0384F8C4
:10E43000623004F15400A4F86050E7F78FFD2046E5
:10E44000D7F7F0FB01216062D7F7F8FB2146C4E95A
:10E450001155E563E56425643648D7F741FD064666
:10E46000D7F7B2FD304642F26401D8F711FB3046CF
:10E470000121F5F765FC30460121F5F72FFC304608
:10E480004FF48041D7F7DAFB30460221D7F722FC60
:10E49000284B314603F11C00A662D7F721FD064642
:10E4A000D7F792FD42F2D172304642F26401D8F7BA
:10E4B000ABFA29463046F5F711FC022329461A46E5
:10E4C0003046F5F71DFC30460221D7F703FC4FF428
:10E4D00080413046D7F7B2FB2663304605F054FD45
:10E4E0000646234607221449EBF73EF930464FF41F
:10E4F0008041D7F7A3FB29463046F5F7EFFB66636B
:10E50000304608F019FC0D4908F022FC206B0AF097
:10E5100055F906460121D7F791FB23462046A6630D
:10E52000E56225651C22BDE870400549EBF71CB982
:10E530007C1A0120343D041041E802101CF2031043
:10E5400045E5021010B5EBF7E3F8C36A04464BB19A
:10E55000806B38B1596AC9B10AF03CF90121A06B4E
:10E56000D7F7B8FB236C5BB1E06C48B1596A41B195
:10E570000AF030F9E06C0121BDE81040D7F7AABBE2
:10E5800010BD0121BDE81040D7F758BB0121D7F7D6
:10E5900055FBE7E7486A30B110B50C46E8F706F8D6
:10E5A0000023636210BD704708B5EBF7B1F8BDE812
:10E5B0000840E7F7FBBF00BF10B508460C46DFF781
:10E5C000ABF803462046596ADEF7C2FE2046012119
:10E5D000F5F784FB0223204600211A46F5F790FB4D
:10E5E0002046BDE810404FF48041D7F727BB00BF5D
:10E5F00010B50446406C40B3236C33B394F86210FA
:10E60000C1F34101012921D0022910D081B1D9F7EC
:10E610001BFC206CD9F718FC606CD8F725FC012195
:10E62000636C68B9BDE810401846D7F707BB0121F5
:10E63000DEF72AFF206C0121F5F782FB606CE6E72C
:10E640001846BDE81040D7F745BB10BD0021DEF7E6
:10E650001BFF206C0021F5F773FB606CD7E700BF50
:10E66000014610B50348D7F73BFC0446D7F7ACFC8E
:10E67000204610BD6C3D041038B503460C460C48CE
:10E680001946D7F72DFC0546D7F79EFC6CB12046FE
:10E6900010F0A2FA0130E7F771FF686220B121465D
:10E6A00010F0C6F9284638BDFEE728466C6238BD32
:10E6B000883D0410014610B50348D7F711FC044605
:10E6C000D7F782FC204610BDA43D0410014610B5CA
:10E6D0000348D7F705FC0446D7F776FC204610BD63
:10E6E000C03D0410014610B50348D7F7F9FB0446B6
:10E6F000D7F76AFC204610BDDC3D041038B504464F
:10E70000C06A88425FD00D4610B1616ADEF720FE14
:10E7100004F15400002D57D0E7F728FC002851D011
:10E72000056094F8603028460133A16A84F86030AF
:10E73000DEF70EFE206DE56228B1236C0121002B6F
:10E740006BD0D7F707FB236C002B50D094F86230C6
:10E75000D9073ED494F860300121012B606B50D969
:10E76000D7F7B8FA0221606BD7F768FA00221C21AC
:10E770002046EAF789FF206B28B3E36A1BB394F8BD
:10E780006210C1F34101012951D002292DD031B9C4
:10E79000DEF77AFEE06A0121F5F7D2FA206BD9F7AD
:10E7A00053FBE06AD9F750FB206BDAF76BFA206B6A
:10E7B000D8F75AFB0121236B50BB1846BDE83840FF
:10E7C000D7F73CBAFEE738BDE7F750FC84F8605055
:10E7D000B0E71A074FF00101A06C21D5D7F77AFAFC
:10E7E0000221A06CD7F72AFAB4E70121D0E794F808
:10E7F00060300121012B606BB2D894F862301B07A6
:10E80000AED4D7F71BFA0221606BD7F763FAADE7F6
:10E810001846BDE83840D7F75DBAD7F7A5FA92E7B2
:10E82000D7F70CFA0221A06CD7F754FA92E700212F
:10E83000DEF72AFEE06A0021F5F782FA206BAEE7E8
:10E84000F8B50446EAF75EFF072800D0F8BD204679
:10E85000EAF754FF05462046EAF75AFF436B0446A1
:10E860009D42826C06D09542F0D190F8603080F8DD
:10E870006130F8BD90F86030954280F86130E5D0A5
:10E88000012BE3D900F154073846E7F775FC06463B
:10E8900038463146E7F778FC05460028D6D03146A1
:10E8A0003846E7F7BBFB3046E7F780FE94F8603068
:10E8B0002946013B384684F86030E7F7AFFB94F80F
:10E8C00060302046013B84F860302968FFF716FF6E
:10E8D0002846BDE8F840E7F769BE00BF70B50446BA
:10E8E000EAF70CFF05462046EAF712FFD0E900469A
:10E8F000236C53B14DB1284605E0E36B83420ED043
:10E90000DEF70AFF08B18442F7D131462046FFF70F
:10E91000F5FEEBF723FB08B1236C83B170BD206DCE
:10E92000A84203D010B10121D7F71EFA04F1540018
:10E93000E7F79CFB0023256584F86030E5E7EBF7FB
:10E940000DFBBDE87040EBF765BC00BFF8B590F873
:10E95000626004460D4606F00106002900F08E8034
:10E9600016B32846E16BDEF7F3FC2046FFF740FEC6
:10E9700004F1540625643046E7F7FEFB054668B10E
:10E98000014630462E68E7F749FB28463546E7F74B
:10E990000DFE94F86030013B84F860302946204633
:10E9A000BDE8F840FFF7AABE01463D48D7F798FA00
:10E9B0000746D7F709FB38460121DEF765FD42F22D
:10E9C0006402384642F21E01D8F71EF8384601218B
:10E9D000F5F784F938464FF48041D7F72FF93846D8
:10E9E0000221D7F777F93946E7632E48D7F778FA47
:10E9F0000746D7F7E9FA42F2D172384642F264018B
:10EA0000D8F702F831463846F5F768F9022331465F
:10EA10001A463846F5F774F938460221D7F75AF9FD
:10EA20004FF480413846D7F709F93846676405F056
:10EA3000ABFA0746234607221B49EAF795FE4FF437
:10EA400080413846D7F7FAF831463846F5F746F9A7
:10EA50003846A76408F070F9144908F079F9606C39
:10EA600009F0ACFE06460121D7F7E8F894F86230C9
:10EA7000E66443F0010384F8623072E7002E3FF44D
:10EA800077AF416A006CDEF763FCE06BDEF7CAFB30
:10EA900094F8623065F3000384F8623068E700BFE1
:10EAA000F83D0410143E041041E802101CF203105B
:10EAB00090F86230C3F341028A4200D1704710B52A
:10EAC000044601F00301006B61F3420384F86230F5
:10EAD000F0B1E36AE3B101292BD002291DD031B98D
:10EAE000DEF7D2FCE06A0121F5F72AF9206BD9F7AD
:10EAF000ABF9E06AD9F7A8F9206BDAF7C3F8206B15
:10EB0000D8F7B2F903460121206B43B9D7F796F83D
:10EB100094F86230DB0708D410BD0121E0E7D7F795
:10EB2000D9F894F86230DB07F6D52046BDE81040EE
:10EB30005EE50021DEF7A8FCE06A0021F5F700F9A8
:10EB4000206BD4E790F86230C3F3C0028A4200D150
:10EB5000704770B5044661F3C30300F154063046B4
:10EB600084F86230E7F708FB054668B10146304695
:10EB70002E68E7F753FA28463546E7F717FD94F86D
:10EB80006030013B84F8603029462046BDE8704083
:10EB9000FFF7B4BD2DE9F0410C460746022120469F
:10EBA0001646D7F74BF810212046D7F793F84FF4C5
:10EBB00080612046D7F742F820461149EAF708FE5F
:10EBC00098B90820E7F7DAFC054607222B462046CD
:10EBD000C5E900760A49EAF7C7FD2B462046BDE89D
:10EBE000F04121220749EAF7BFBD0022212120463A
:10EBF000EAF74AFD20460349EAF7EAFDE1E700BFEC
:10EC0000DDE80210A9E50210C06A7047006C704789
:10EC1000006B7047406B7047406C7047806C70476A
:10EC2000836C8B420BD0436B8B4201D0002070472A
:10EC300090F8610001288CBF00200120704701205E
:10EC4000704700BF10B504465430E7F70FFA0023B1
:10EC500084F8603010BD00BF10B50C4601F13000E3
:10EC6000E7F704FA04F12400BDE81040E7F7FEB925
:10EC700010B50C4624216018E7F770F904F1300054
:10EC80001C21BDE81040E7F769B900BF2DE9F04F3E
:10EC900089468BB014464FF4A021512282461E466D
:10ECA000DCF75EFC031E18BF0123504606A905933E
:10ECB000D8F7F8F82046BDF81C40BDF818B001346C
:10ECC000D9F80050A4EB0B04C4F3C033EF8B03FA64
:10ECD00084F4B5F92030D5E905121F440097B9F83E
:10ECE0001A80BDF81A70E7F7EDFBD5E90512034667
:10ECF000B5F81EC030461E46B5F92030C4F34F04A7
:10ED00009C44CDF800C0E7F7DDFB059B2744029348
:10ED10000346A0449E425C4420B23446B8BF1C4621
:10ED20009E42A8BF1E46B9F9102008AD3FB21FFA97
:10ED300088F8A4B239460192B3B2424603950094D2
:10ED40000EF094FE29465046D8F794FD0BB0BDE86E
:10ED5000F08F00BF2DE9F04F0D468BB008A9174684
:10ED60000646D8F79FF8BDF82440BDF8203001349E
:10ED7000E41AC4F3C03202FA84F4C4F34F04234407
:10ED8000BDF822801FFA83F92B79A044012BD5F816
:10ED900000A01FFA88F858D013B10BB0BDE8F08F6F
:10EDA000BAF92030BAF81E40DAE905121C44009482
:10EDB0003846E7F787FB05A904462869E4F77EF89B
:10EDC0004FF480720092AA8A04EB8404A9EB020932
:10EDD000EA8A6300B3F5616F0599A8EB0208BDF8F4
:10EDE0001620C8BFA3F56163143506A81BB20195B0
:10EDF000C2F34A12C1F38A21E3F7ECFB0022144666
:10EE0000BDF818301FFA89F9023B4B4463F30F0237
:10EE1000BDF81C301FFA88F802339944BDF81A3047
:10EE200069F30F04023B434463F31F42BDF81E30F5
:10EE300030460233984406A968F31F4406920794AB
:10EE4000D8F718FD0BB0BDE8F08FBAF9203038467E
:10EE5000DAE90512BAF81E700FFA89FB1F44009711
:10EE6000E7F730FB0246BAF81C3000B21C446B8A4C
:10EE700003921C44E7F71CFA24B200FB04F3039A44
:10EE8000DFF890A05A3210B28AFB03121A44DB1743
:10EE9000C3EBA2330FFA88F79844E7F709FA04FBAB
:10EEA00000F300248AFB031A2A8A9A44DB17C3EB77
:10EEB000AA33C2F57F414B44FE3102321BB289B204
:10EEC00092B29B45D4BF01EB0B0C01EB030C304617
:10EED0000FFA88F89B45ACBF02EB0B06D618254607
:10EEE0004745D4BFCB1901EB08034745ACBFD21946
:10EEF00042446CF30F0466F30F0563F31F4462F39F
:10EF00001F4506A906940795D8F7B4FC0BB0BDE8D9
:10EF1000F08F00BF030001802DE9F04F0448DDB001
:10EF20000C46EAF7D1FB012804D05DB0BDE8F08FB4
:10EF3000303E04102046EAF7E5FB05462046EAF796
:10EF4000DDFB152D0D90F0D12046EAF745FD034677
:10EF50000D9D1FA928461E460C93D7F7A3FF42A874
:10EF60000EF062FD51224FF4A0212846DCF7F8FA9A
:10EF70000021401A18BF0120BDF88030BDF87C2068
:10EF800001339B1AC3F3C03404FA83F3C3F34F076E
:10EF90009DF815313A4460F382038DF81531BDF8C0
:10EFA0007E3028463B44ADF8E820ADF8EA30DDF786
:10EFB000B5FC314680464AA8D7F7EEFB4FF4003344
:10EFC000579342AB5293B34B05F1300A4B93002356
:10EFD00050464C93E7F7D4F83AAB04460A9300281E
:10EFE00054D0BB461F46DDF834902379032B46D11D
:10EFF000238BADF80831238AADF80A316379FD2BF4
:10F000008EBF434618FB03F3C3F307238DF8143177
:10F010002568A068B5F92030EE8BD5E905121E44AD
:10F020000096E7F74FFAD5E90512B5F92030B5F8A3
:10F030001EC006469C44E068CDF800C0E7F742FADF
:10F04000638B85B25B441A21B6B24AAA4846ADF832
:10F050006431ADF80C61ADF80E515B945397EAF74B
:10F0600013FB3A460C9842A9CDE90065BDF864311E
:10F070000EF0E6FC1B2148464AAAEAF705FB2146AA
:10F080005046E7F785F804460028AED1BDF8800069
:10F09000BDF87C10BDF88230BDF87E200130401AEA
:10F0A00001339B1AC0F3C03404FA80F4C3F3C030B8
:10F0B00000FA83F364105B109C42A8BF1C46A3B205
:10F0C00019441A4421A80993ADF84810ADF84A2014
:10F0D000E0F7E0FE0D9D4FF4C02121AA2846D7F7A6
:10F0E00045FA9DF88D300A9E43F0100330468DF8A6
:10F0F0008D30E0F71DF932464FF4C0212846D7F78E
:10F100007FF94AA80C99D7F747FB4FF4C0235793D0
:10F11000604B0DF148094B9321AB509303234C9363
:10F120002B46243318461193E7F72AF8002800F0FD
:10F130006983822CB8BF8224074628AB0F93A3B201
:10F140000E934FF0000EBB88099ABC89B9F800C035
:10F15000D61A9D1AB9F80230ADB2A2EB04080CEB36
:10F1600005011D44059106950FFA88F51FFA88FBE5
:10F170001095F046059DB6B265F30F0E069DB4449A
:10F1800065F31F4E00251E446CF30F08012347F65C
:10F19000FF720F9816A966F31F48CDF858E05B97E9
:10F1A000CDF85C80E2F77AFB099EB9F80200A11B5A
:10F1B0002E46B9F8004089B204F1FF3CDC440C440F
:10F1C000014401386CF30F0664F30F05834461F3C7
:10F1D0001F45012347F6FF726BF31F4618A92EA89F
:10F1E00018951996E2F75AFB00210D46B9F8004030
:10F1F0000998661E064466F30F050646B9F802C074
:10F20000241A0B46ACEB000064F30F010CF1FF3441
:10F2100060F31F41344447F6FF721A9134A81AA9CB
:10F2200064F31F451B95E2F739FB002134A8E1F791
:10F2300017FD79890B90002900F094824B1E7A8883
:10F240000793002A00F062814FF0000B5E46D7E979
:10F250000530079C013A01348C42079400F022816A
:10F26000009000213046E7F72DF90023054608936A
:10F270003B88B7F8068005935A900FFA88F35046FA
:10F280000693E6F77DFFDDE905B8044600284DD07A
:10F2900002E000BF303E04102379022B3FD1A16869
:10F2A000A9423CDCE268AA4239DB238AB4F814B0F4
:10F2B000608A434458450FFA83F830D0A37D13F099
:10F2C000010300F01A81FF23284600930023E7F78B
:10F2D000F9F8C2B2B4F812B0A38A0BEB0B4B03EBF4
:10F2E00003432BF0784B23F078432BF4F81B23F4E3
:10F2F000F8132BF4FC6B23F4FC630432A3EB0B0335
:10F30000D20802FB03F30BEB531B2BF0784B2BF4CF
:10F31000F81B2BF4FC6B4BEA1B4B1FFA8BFB2146B3
:10F320005046E6F735FF04460028B5D1FB8B7A88B6
:10F3300006FB03F303EB8303013A5B0093FBF2F359
:10F340000A223C8C13A814FB0234099AB9F8003045
:10F35000214613440E9AADF884B01344ADF84C30F6
:10F36000B9F802304FF48072ADF84E304B46ADF82C
:10F370008680E5F74BFF13AB5493089A0A9BCDF8B0
:10F380004C9158964F93002A00F09C800B98E1F71F
:10F3900021FD1098B7F910302146C31AB9F80000C2
:10F3A00014AC0344ADF85030B9F8023020464FF4A5
:10F3B0008072ADF852304B46E5F728FF20220A99BB
:10F3C00042A8E7F7E1FA2B4642AA24AD10212846CD
:10F3D0004F927B4A02F0A8FBDDF834801A214AAA3A
:10F3E00040465595EAF750F941F6FF710023CDE903
:10F3F0000113BDF91A3115AD2846429A559900936B
:10F40000BDF91C31E9F774FB00208446BDF95410A6
:10F41000BDF8502001EBD174BDF95650A2EB640247
:10F4200092B2BDF852300090114462F30F0005EB28
:10F43000D572A3EB62039BB21D4461F30F0C65F31D
:10F440001F4C0C9D1CAA63F31F40CDF874C0559B44
:10F4500010604F992846DFF783FF002134A8E1F7B9
:10F46000FFFB00210B902EA8E1F7FAFB044613AA3C
:10F4700021A94B462846E0F719FD2046E1F7AAFCF2
:10F48000162140464AAAEAF7FFF8059B7A88ADF8AC
:10F490008430069B0136ADF88630B3B29A4235D936
:10F4A0007989D4E6009000213046E7F70BF8012374
:10F4B0000022CDE907233B89B7F80E800546059366
:10F4C0005A90DAE614460D9D1A214F92559228461D
:10F4D0004AAAEAF7D9F821460F98E1F7C1FB04469A
:10F4E00013AA21A94B460C98E0F7E0FC2046E1F76F
:10F4F00071FC162128464AAAC5E7FF20D7E9051264
:10F5000000902846E6F7DEFFC2B2E3E60F98E1F787
:10F5100015FD2EA8E1F712FD34A8E1F70FFD0B98B9
:10F52000E1F758FC39461198E6F732FE0746002805
:10F530007FF407AEBDF88030BDF87C2001339B1A04
:10F54000C3F3C03101FA83F30A9CC3F34F07BDF93B
:10F550007E3020463B443A44ADF8A230ADF8A020BE
:10F56000E0F798FCDDF834B022464FF4A02158466D
:10F57000D6F7FCFF42A8DFF711FD42AA4FF4A02105
:10F580005846D6F795FF00215846DDF7C7F90C9984
:10F5900006464AA8D7F700F90A4B50464B930F9BF3
:10F5A00053934FF400335793E6F7EAFD04460028DF
:10F5B00000F0DB804FF00209DFF80C806FE000BF45
:10F5C00024F50310303E041003000180002B5FD1AE
:10F5D0002369002B5CD0D5E90512B5F92030B5F8C8
:10F5E0001EC0E0689C44CDF800C0E6F76BFF2EA972
:10F5F00005462069E3F762FCB4F914C0BDF8A02009
:10F600002E99A2EB0C02C1F38A2192B20139B4F90E
:10F610001600ADF8D0200A44ADF8D420BDF8A230D1
:10F62000BDF8BA201B1AC2F34A129BB2013AADF8D8
:10F63000D2301344ADF8D630637905EB8505FD2B48
:10F640008EBF334616FB03F3C3F307238DF8133144
:10F650006B00B3F5616FC8BFA3F561631A21ADF804
:10F660000E01ADF808314AAA42AB5846ADF80CC1BC
:10F670005193CDF83091EAF707F80C9842A934AAD3
:10F680002369DFF79DFC1B2158464AAAE9F7FCFFD6
:10F6900021465046E6F77CFD0446002865D02568E3
:10F6A0005B942379012B91D1D5E90512B5F920306E
:10F6B000B5F81EC0E0689C44CDF800C0E6F702FF34
:10F6C0000246AB8B658A00B23D441D440592E6F7C5
:10F6D000EFFD2DB200FB05F3059ABDF8A2105A32DA
:10F6E00010B288FB03C21A44DB17C3EBA2330B44EE
:10F6F000ADF8D230E6F7DCFD05FB00F388FB030232
:10F70000BDF8A0101A44DB17C3EBA2330B44ADF8CD
:10F71000D030A38A0F9AADF8E830238A34ADADF823
:10F72000EA3063791A21FD2B8EBF334616FB03F3B3
:10F73000C3F307238DF8F0300A9B539250930123B3
:10F740004AAA58464C935495E9F79EFF0A990C989B
:10F75000539A2B46E0F7AAFB1B2158464AAAE9F721
:10F7600093FF95E74FF6FF7369E5BDF88030BDF86C
:10F770007C2001339B1AC3F3C03101FA83F3C3F336
:10F780004F031A4495B2BDF87E204AA813449CB298
:10F79000E2F7ECFB0D9F4AAA38464FF40031D6F74A
:10F7A000B1FC01224FF400313846DBF7D9FE0422C8
:10F7B00006464FF400313846DBF7D2FE00270346F9
:10F7C000BC4636B2C3F3C03E06EBD676C6F34F0650
:10F7D0000EFA83F3C3F34F03A5EB060E35446EF325
:10F7E0000F0765F30F0CE51A1C4465F31F4764F31C
:10F7F0001F4C0C9842AA4AA9CDE9427CE2F7DCFBF7
:10F80000FFF793BB28AB0F9394E600BF014610B5FA
:10F810000348D6F765FB0446D6F7D6FB204610BD55
:10F82000303E041038B52430E6F7A0FBA0B1242107
:10F830000446E7F74DFB872202234FF4877000212F
:10F8400064252284054AE083A56120466161C4F8ED
:10F850000220E380238238BDFEE700BF06000800D7
:10F8600000B5BDF804E0BDF808C0A1F804E04A8086
:10F870005DF804EBCB80A1F800C0D8F719B800BF41
:10F8800010B5BDF80840BDF80CE0BDF910C08C8182
:10F89000A1F808E04A81CB81A1F810C0BDE8104072
:10F8A000D8F706B8C1E90523009BCB83019B0B84E5
:10F8B000D7F7FEBF2DE9F843054630300F46914695
:10F8C0001E46BDF92080E6F751FB90B11C2104468D
:10F8D000E7F7FEFA4FF6017328462760A4F8109068
:10F8E000A682A4F81280A380D7F7E2FF2046BDE8E5
:10F8F000F883FEE72DE9F843054630300F46914680
:10F900001E46BDF92080E6F731FB90B11C2104466C
:10F91000E7F7DEFA4FF47F4328462760C4F81090DB
:10F92000A682A4F81680A380D7F7C2FF2046BDE8C0
:10F93000F883FEE72DE9F843054630300F4691463F
:10F940001E46BDF92080E6F711FB90B11C2104464C
:10F95000E7F7BEFA4FF6037328462760A4F8109025
:10F960002683A4F81A80A380D7F7A2FF2046BDE81B
:10F97000F883FEE72DE9F047054630300F4616467E
:10F980009A469DF82080BDF92490E6F7EFFAB0B1D1
:10F9900004461C21E7F79CFAA37D284668F3000380
:10F9A000A3754FF6027327606682A4F814A0A4F82A
:10F9B0001090A380D7F77CFF2046BDE8F087FEE7D4
:10F9C0002DE9F04115460B798A68032BCF680C4668
:10F9D00006468D60CD6013D0012B03D9BDE8F04100
:10F9E000D7F766BFFFF7B6F93A4621463046FFF72C
:10F9F000B1F92A4621463046BDE8F041FFF7AAB9E1
:10FA00002B46FFF743F92B463A4621463046BDE8E0
:10FA1000F041FFF73BB900BF70B515460B798A6816
:10FA2000032B8D6010D0012B03D9BDE87040D7F7B0
:10FA30003FBF0C460646FFF78DF92A462146304661
:10FA4000BDE87040FFF786B92B46BDE87040FFF770
:10FA50001DB900BF70B515460B79CA68032BCD6080
:10FA600010D0012B03D9BDE87040D7F721BF0C4659
:10FA70000646FFF76FF92A4621463046BDE870403A
:10FA8000FFF768B92B46BDE87040FFF7FFB800BF2D
:10FA90002DE9F04104468AB0122105A8E7F718FACB
:10FAA000E26E636E002AC0F2E681012505AE002BEE
:10FAB000964AB8BF5B420E21684602F035F86846A8
:10FAC0000FF08AF894F8747007F00F08A8EB0002A2
:10FAD000002A40F3C7810DEB0003197808F12803D1
:10FAE0006B4403F8281C002863D00DEB000111F8CB
:10FAF000011C012803F8291C5BD00DEB000111F853
:10FB0000021C022803F82A1C53D00DEB000111F847
:10FB1000031C032803F82B1C4BD00DEB000111F83C
:10FB2000041C042803F82C1C43D00DEB000111F831
:10FB3000051C052803F82D1C3BD00DEB000111F826
:10FB4000061C062803F82E1C33D00DEB000111F81B
:10FB5000071C072803F82F1C2BD00DEB000111F810
:10FB6000081C082803F8301C23D00DEB000111F805
:10FB7000091C092803F8311C1BD00DEB000111F8FA
:10FB80000A1C0A2803F8321C13D00DEB000111F8EF
:10FB90000B1C0B2803F8331C0BD00DEB000111F8E4
:10FBA0000C1C0C2803F8341C1CBF9DF8001003F833
:10FBB000351C302168460EF0ADFD94F874100F2905
:10FBC00000F23F819DF80020002A00F05281334668
:10FBD000B8F1010F03F8012B00F04B819DF80120D3
:10FBE0004746002A00F04581022F1A7006F10203F1
:10FBF00000F04B819DF80220002A00F04D81032F78
:10FC0000B27006F1030300F040819DF80320002A42
:10FC100000F04481042FF27006F1040300F03581F6
:10FC20009DF80420002A00F03B81052F327106F177
:10FC3000050300F02A819DF80520002A00F032819A
:10FC4000062F727106F1060300F01F819DF8062051
:10FC5000002A00F02981072FB27106F1070300F096
:10FC600014819DF80720002A00F02581082FF271E9
:10FC700006F1080300F009819DF80820002A00F031
:10FC80001C81092F327206F1090300F0FE809DF8F5
:10FC90000920002A00F013810A2F727206F10A036C
:10FCA00000F0F3809DF80A20002A00F00A810B2F53
:10FCB000B27206F10B0300F0E8809DF80B20002AD9
:10FCC00000F007810C2FF27206F10C0300F0DD80CA
:10FCD0009DF80C20002A00F0FE800D2F327306F1F3
:10FCE0000D0300F0D2809DF80D20002A00F0F58071
:10FCF00072730E2206F10E030F2940F281802E212D
:10FD00001E46904506F8011B7ADD01E024F503103C
:10FD10000DEB02010978002972D03170511C884521
:10FD20006EDD0DEB02014978002969D09970911CB4
:10FD3000884565DD0DEB02018978002960D0D97016
:10FD4000D11C88455CDD0DEB0201C978002957D034
:10FD50001971111D884553DD0DEB02010979002948
:10FD60004ED05971511D88454ADD0DEB020149798C
:10FD7000002945D09971911D884541DD0DEB0201A7
:10FD8000897900293CD0D971D11D884538DD0DEB2A
:10FD90000201C979A1B3197202F1080188452FDD6A
:10FDA0000DEB0201097A59B3597202F10901884534
:10FDB00026DD0DEB0201497A11B3997202F10A01B5
:10FDC00088451DDD0DEB0201897AC9B1D97202F1B6
:10FDD0000B01884514DD0DEB0201C97A81B119735D
:10FDE00002F10C0188450BDD0DEB0201097B39B1F5
:10FDF0000D329045597303DD6A44127802B19A734B
:10FE000005A920460DF0B8F8236F94F87410092B5B
:10FE100001F00F0109DD32481A46A0FB03630139E6
:10FE2000632AC9B24FEAD303F6DCB942C4BF013139
:10FE3000C9B2491B2046C9B20CF03AFD0AB0BDE870
:10FE4000F0810F093FD09DF800207AB33346012F8F
:10FE500003F8012B2DD09DF80120002A7FF4C4AEB9
:10FE600001224CE70F2F394611D8B8F1000F7FF46B
:10FE7000A9AE4746C4E7002BB4BF2D222B22002594
:10FE80000DF115068DF8142011E63A4634E73F09C6
:10FE9000D9D133463A4632E702222DE703222BE737
:10FEA000042229E7052227E7062225E72E233370BF
:10FEB000A6E73A4623E707221EE708221CE70922A5
:10FEC0001AE70A2218E72E22334606F8012B3A4693
:10FED0001EE70B2210E70C220EE70D220CE700BFF5
:10FEE000CDCCCCCC38B500200C4601250D4B0E4AAC
:10FEF000C4E91903B4F8743029466FF30A0343F4D4
:10FF0000806343F005032046E266A4F87430256759
:10FF10000DF066F9204629460DF0D2F82046BDE8DE
:10FF20003840B5E59F8601006179FEFFF8B59E482F
:10FF30000D46E9F7C9FB012800D0F8BD0446284664
:10FF4000E9F7E0FB06462846E9F7D8FB082E074606
:10FF500011D00D2EF1D1EAF7C1FAEAF7C5FA04463D
:10FF60002846E9F7D3FB0368113B032BE5D8DFE80C
:10FF700003F087796952EAF7B1FAEAF7B5FA04288B
:10FF8000384624D00DF0B0F97D6C435D2E2B00F087
:10FF90008E800EF021FEA84200F0A280002D40F0DD
:10FFA0008A80FB6E002BC0F2B38097F8741001F0CA
:10FFB0000F0101390123002239B1013292B203EB62
:10FFC00083038A424FEA4303F7D33B67F8BDD5F773
:10FFD000E9FEEAF7D1F90028AFD097F8742002F0D3
:10FFE0000F02012AA9D997F875303D6F03F0060377
:10FFF000042B40F09380012D40F3BC80092D05DDDA
:020000041003E7
:100000006A4BEC1783FB0553C4EBA30438463C67EB
:10001000BDE8F8403CE5042CD7E91B3200F09C8099
:10002000002BB96EB8BF5B428B42B8BF0B4602EBE8
:1000300082025000B3EB420FA8BF38673846BDE8D4
:10004000F84025E5042C3B6F79D0092B5EDD57493C
:10005000DA1781FB0313C2EBA3033B673846BDE805
:10006000F84015E5796ED7E91B300A1A9A423DDB54
:10007000002A17DB134638467B66BDE8F84007E5E3
:10008000796E3B6FBA6E0B44934237DC002B03DD75
:100090000029B8BFA3EB41031A4638467A66BDE88B
:1000A000F840F5E40029C4BF49420A1AE2E738469D
:1000B0000DF09EF97D6C97F87430F86E03F00F0127
:1000C000B5EB131FAAB201F1FF3104D90F2B84BF86
:1000D00002F1FF3292B2891A0028B8BF013169E7F4
:1000E000691E38460CF0E4FB7D6CE4E797F8752058
:1000F000D207C0D5994208BFBB6EBCE797F87530F0
:10010000D807CAD5914208BFFA6EC6E70123A4E713
:10011000214638460CF0CCFB7D6CCCE70A20002150
:10012000013AE6F7ABF9EB1785428B41BFF66EAFAC
:10013000D7E91A13002B3A6FB8BF5B4274E7D7E9CF
:100140001912C8189042D9DC002803DD0029B8BF75
:100150004942C8180246A0E7796E881A9842C5DB62
:10016000002801DB034686E70029C8BF4942881AF8
:10017000034680E7023A0A200021E6F77FF9FA6E8B
:1001800003460A21B86E002AB8BF52428242B8BF65
:10019000024603FB01F18A42A8BF0B463B67384683
:1001A000BDE8F84074E400BFA03E041067666666D0
:1001B000014610B50348D5F793FE0446D5F704FF72
:1001C000204610BDA03E041010B4D0E91A42A1424E
:1001D000A8BF21469142B8BF11465DF8044B416665
:1001E00056E400BF90F8753061F3000380F8753075
:1001F000704700BF0A2970B50D4628BF0A25AA42DC
:1002000034BF164600260929044616D86AB20A20C9
:100210000021E6F733F9A26ED31782428B41E26EDA
:10022000A4BF00F1FF33A366D0F1010061EB4101EF
:10023000D31782428B41B8BFE06645EA06152046D7
:1002400084F87450BDE8704022E400BF01671FE4E9
:10025000436EC0E91A219342C4BF134642669942D5
:10026000C8BF416614E400BF2DE9F041D0E91A8609
:100270000D460446076F4AB20A200021E6F7FEF851
:100280002DB9012320462367BDE8F04100E4002E8C
:10029000B8BF76424645B8BF464600FB07F7BE42A8
:1002A0002046A8BF2767BDE8F041FFF7F1BB00BFBC
:1002B00090F8752061F3420280F87520FFF7E8BBE3
:1002C000406E7047006F7047036F092B08DD0649C9
:1002D000DA1781FB0313C2EBA3030367FFF7D8BB55
:1002E00001230367FFF7D4BB67666666D0E91A137C
:1002F000002BB8BF5B428B42B8BF0B46026F02EBCC
:100300008202B3EB420F06DB10B4540004675DF8C1
:10031000044BFFF7BDBBFFF7BBBB00BF90F87500F8
:1003200000F00100704700BF416E036F826E0B4406
:10033000934209DC002B03DD0029B8BFA3EB410386
:100340001A464266FFF7A4BB90F87530DB07F8D574
:10035000914208BFC26E4266FFF79ABB416E10B46D
:10036000D0E91B340A1B9A4207DB002A11DB134633
:100370005DF8044B4366FFF78BBB90F87520D207FE
:10038000F6D5994208BF836E5DF8044B4366FFF7CC
:100390007FBB0029C4BF49420A1BE8E730B50C46C1
:1003A00093B002212046D5F795FC6846E3F7B6FFE7
:1003B0004FF6FF711548164ACDE90040D2E90023F7
:1003C000684603F5B475CDE908330A95ADF84010D9
:1003D0000B92E4F78FF8002200234FF4B475CDE9B7
:1003E00008230C490C4B6846019307910A95E4F7E2
:1003F00081F82A462046002102F0EEFD4FF4877175
:10040000204602F075FE13B030BD00BF2504031076
:10041000E8D90020E14601101D04031089B201F063
:1004200023BF00BF89B201F093BF00BF844610B55F
:100430000C46064B61460648C3E90042D5F750FD1D
:100440000446D5F7C1FD204610BD00BFE8D9002005
:10045000BC3E041091F82C3070B513F00C0F0C4614
:10046000486A10D00B8DFBB100252E4650F82500B0
:10047000E6F79CF8606A238D40F825600135AB42B1
:10048000F4D894F82C309B070ED0238D63B100254F
:100490002E4650F83500E6F789F8606A238D40F85B
:1004A00035600135AB42F4D8E6F780F8002363628B
:1004B00070BD00BFF8B5524F0C463A78531E81F814
:1004C0002C20072B09D8DFE803F00482087D0808F8
:1004D000087800212046F3F701FC42F2640220462E
:1004E0001146D6F791FA204604F02AFE0646204629
:1004F000D5F798FB01210546304604F0EDFF0420B6
:10050000E6F73CF801463F4B616230460B6004F071
:1005100023FE00231C223C493046E9F725F94FF41D
:1005200080413046D5F78AFB002338491A462846D1
:10053000E9F71AF900212846D8F74AFE94F82C303A
:10054000042B4BD048D8013B012B0FD842F2640258
:100550003046B7F90210D6F757FA42F2640128463E
:10056000D6F796FA01212846F3F7EAFBE9F7F6FCFD
:1005700010B13146E9F7AEFD94F82C3013F00C0FB2
:1005800012D000212846F3F7A9FB03212846D8F70B
:1005900043FE28468021D5F751FB2846BDE8F840A8
:1005A0004FF48061D5F796BB28460121F3F796FBFF
:1005B00003212846D8F73CFEEBE709212046F3F754
:1005C0008DFB8AE701212046F3F788FB85E70821A8
:1005D0002046F3F783FB80E7082BC7D13046B7F9F5
:1005E000022042F26401D6F70FFA284642F2640173
:1005F000D6F736FA01212846F3F7A2FBB6E700BF8B
:100600009A1A012084F60310AD070310CD060310DB
:100610002DE9F0470446038D17468B428CBF0D46EB
:1006200003F1FF35D8F72EFB01212046DDF778F8DE
:10063000064600283ED094F82C101FFA85F911F0D8
:100640000C011DD015220021DAF78AFF0FFA80F87D
:100650003046D6F7EBFB1622824600212046DAF719
:100660007FFFC0B2D04401281FFA88F824D018FBBD
:1006700009F83A4630460FFA88F1DAF739F80EE011
:100680001422DAF76DFF05B23046D6F7EDFB2918D4
:1006900011FB09F13A46304609B2DAF74BF900216D
:1006A0002046DDF73DF84FF48072494604F092FD94
:1006B000A4F82A90BDE8F0876D4215FB08F13A4690
:1006C000304609B2DAF714F8E9E700BF70B582B036
:1006D0000446E9F713F805462046E9F713F80446FF
:1006E0002846DDF719F82B2C064603D00A2C0BD030
:1006F00002B070BD90F8232012F01002F8D1418DA5
:1007000002B0BDE8704083E7E9F7E8FE10B1037975
:10071000012BEDD0284601A9D9F7B6FA96F82C306E
:10072000284613F00C0F15D0D6F780FB162204468E
:1007300000213046DAF714FFC0B204EBD47201286E
:10074000BDF9043042F34F0224D0991891FBF4F123
:1007500009B20BE0D6F788FBBDF9063000EBD0728A
:1007600042F34F02991891FBF0F109B2728D96F89D
:10077000233021EAE171914203F010030FD01BB93D
:1007800001223046FFF744FF00221C213046E8F7E3
:100790007BFFADE7D21A92FBF4F211B2E6E7002B31
:1007A000A6D101223046FFF733FFA1E738B5E8F7BD
:1007B000A5FF0546DCF7B0FF0446284604F0E8FE36
:1007C00094F8232012F0100204D101462046BDE81F
:1007D00038401DE738BD00BF10B50D480C46E8F79E
:1007E00073FF012800D010BD2046E8F78BFF0346B9
:1007F00020461C46E8F782FF292CF4D190F82320EC
:1008000012F01002EFD1BDE81040418D00E700BFAB
:10081000D83E0410844610B50C46064B6146064887
:100820001C705A80D5F75CFB0446D5F7CDFB2046FB
:1008300010BD00BF9A1A0120D83E04102DE9F04FD8
:10084000884683B001210446DCF76AFF0546D5F7E8
:10085000E9F942F2640207461146D6F7D5F80421B9
:100860003846D5F737FA2846DCF76AFF00210546F7
:100870002046DCF755FF94F82C30064613F00C0F99
:10088000D4F8249005F1FF3B4BD0681C8000E5F7BD
:1008900075FE5FEA8B02824612D0531E052B40F292
:1008A0009B8009F10103C31A022B40F295804B464D
:1008B00001464A4453F8040B9A4241F8040BF9D11B
:1008C00005F18045013D40460EF086F90130E5F71F
:1008D00055FE41464AF825000EF0AAF8464B0AEBB1
:1008E000850BCBF8043051463046C4F824A004F000
:1008F00033FC4846E5F75AFE4FF42871304604F0C1
:10090000EDFC238D01339BB2012B23854BD0304668
:100910004FF48072618D04F05DFC384603B0BDE891
:10092000F08FEB0018460193E5F728FE5FEACB0253
:1009300082460DD009F10103C31A022B3DD94B4663
:1009400001464A4453F8040B934241F8040BF9D191
:10095000238D73B940460EF03FF90130E5F70EFEE6
:100960004146CAF800000EF063F8234BCAF8043081
:10097000B9E7019B404653449B46204B05F1005587
:100980004BF80C3C0EF028F90130E5F7F7FD1A4B57
:10099000013D4AF835004BF8043C41465AF8350011
:1009A0000EF046F89FE794F8232012F01002AED123
:1009B00011462046FFF72CFEA9E7034605F100503B
:1009C00001380AEBC00009F1FF3212F8011F03F8E9
:1009D000011B8342F9D1BBE7534605F18045013D38
:1009E00009F1FF320AEB850012F8011F03F8011B21
:1009F0008342F9D167E700BF84F6031070F003105B
:100A0000F8B5038D8B4220D90D46164690F82C3050
:100A100004469B07436A18BF4D0053F82500E5F7CD
:100A2000C5FD30460EF0D8F80130676AE5F7A6FD3F
:100A3000636A47F82500314653F825000DF0F8FFAA
:100A40002046BDE8F840D6F733BFF8BD90F8233014
:100A5000DB0600D4DCE57047408D70470121DCF7F0
:100A60005FBE00BF0021DCF75BBE00BF10B542F2E5
:100A700064020C4611462046D5F7C6FF00232046E7
:100A80001A460849E8F770FE20468021D5F7D6F8C7
:100A900020460321D8F7C0FB2046BDE810400321C3
:100AA000D8F7C6BBA90A03102DE9F04383B0054669
:100AB000E8F728FE04462846E8F720FE0A2C02D074
:100AC00003B0BDE8F0830746E9F708FD10B10379EC
:100AD000012BF5D03846D6F7A9F906463846D6F7A1
:100AE000C3F9054601A93846D9F7CEF8BDF9048007
:100AF00006EBD67343F34F039844BDF9069005EB1C
:100B0000D57343F34F03994498FBF6F899FBF5F935
:100B1000002418FB06F819FB05F90FFA88F80FFAFC
:100B200089F93846DCF70CFEA04219D9214638462F
:100B3000DCF7F6FD0546D6F7C9F806462846D6F78F
:100B40000FF9B04504F10104EBD18145E9D17D6293
:100B500000221C21384695F82440E8F795FD00E076
:100B60000F2421463846D8F747FB03B0BDE8F08391
:100B7000F8B508460C46DCF7CFFD42F264020746A2
:100B800011462046D5F740FF2046D8F77BF8384677
:100B9000D6F74CF90F4DB5F9003003FB00F6384697
:100BA000D6F762F9B5F9043036B203FB00F23146EC
:100BB00012B22046D5F7CCFED5E90032297A13438C
:100BC00084F8241000D0F8BD3846BDE8F840D8F7C6
:100BD00013BB00BFF0D90020014610B50348D5F77C
:100BE0007FF90446D5F7F0F9204610BDF43E041015
:100BF000844638B50D46064C61460648C4E90052A5
:100C00002372D5F76DF90446D5F7DEF9204638BDD5
:100C1000F0D90020103F04102DE9F04105460846A8
:100C20000C461746D6F752F806462046D6F798F8EF
:100C30006C6294F8241004462846D8F7DDFA3B4647
:100C4000224631462846BDE8F041D9F7EFBB00BF48
:100C50002DE9F0470746884691469A46D8F712F89C
:100C60003846D6F7E3F804463846D6F7FDF818FBC1
:100C700004F8002419FB00F90FFA88F80FFA89F933
:100C80003846DCF75DFDA04226D921463846DCF720
:100C900047FD0546D6F71AF806462846D6F760F807
:100CA000B04504F10104EBD18145E9D12846D6F7DE
:100CB0000DF804462846D6F753F87D6295F82410BF
:100CC00005463846D8F798FA53462A46214638460C
:100CD000BDE8F047D9F7AABBBDE8F087406A704786
:100CE00070B508460C46DCF717FD0646D6F792F8B5
:100CF00005463046D6F794F8294602462046D5F7F1
:100D000083FE01212046F2F7E9FF2046D4F78AFF4F
:100D100005460F4B42F26401B3F90020D5F774FE8B
:100D200028460021F2F7DAFF0223002128461A465E
:100D3000F2F7E6FF2046D4F775FF04460121F2F7EB
:100D4000FFFF2046BDE8704042F26401D5F788BE3F
:100D50009E1A012010B504460A46054B2146054857
:100D60001A80D5F7BDF80446D5F72EF9204610BDF8
:100D70009E1A01202C3F041038B50D460021DCF7E7
:100D8000CFFC07F01BFD0446012107F0F9FD2946C1
:100D9000204607F01FFD20460121F2F7D1FF204633
:100DA00038BD00BF38B50D4600211446DCF7B8FC4D
:100DB00003F0EAF82146044642F26402D5F724FE25
:100DC000204605F0B9FF2946054605F0C1FF00237E
:100DD000284609211A46D5F743FF204638BD00BFF3
:100DE0000021DCF79DBC00BF0121DCF799BC00BFEE
:100DF0009A4238BF88547047704700BF2DE9F04FC2
:100E000083B0129D9846DDE910BA15F002030F4633
:100E1000064696460D9C9DF8389005F0100100930B
:100E200050D0002900F097806B0500F1A880002CBD
:100E300040F0A1800F9B102B00F04A81022B00F0A4
:100E4000768130230C9A1370012205F00303B9F167
:100E5000000F00F0D2802D210C98541C815413B93E
:100E60005445C0F09E8075460C9BCDF844A09A4630
:100E700005EB040903EB090B1C44CDF804E0ABEBD4
:100E8000040214F8010D43463946B047A2454D46C9
:100E9000F5D1DDF804E0DDF844A0009B73B1A5EBCB
:100EA0000E09D1450AD22A4643463946202009F187
:100EB0000109B047CA4505F10105F4D8284603B039
:100EC000BDE8F08FBAF1000F32D15C4538BF05F0B4
:100ED000010C80F0A4800C98631E03443022484625
:100EE00004E00134A34503F8012F01D9202CF8D1E7
:100EF0008146BCF1000F00F0AB80544536D20C9A0D
:100F0000631E13444846302205E00134544503F87B
:100F1000012F00F0A680202CF7D1814649BB05F0B7
:100F2000030313B9BAF1200F3AD8754620249BE782
:100F300015F0010C52D0B9F1000F00F0A3805C4510
:100F40000AF1FF3AC7D35445D9D300297FF46CAFD7
:100F5000202CEAD005E0202C85D0B9F1000F00F05C
:100F6000A6802D230C9A135501347CE7002900F04C
:100F7000F7806B0503D4A3455BD0544559D00F9A35
:100F800005F00303102A74D0022A40D0202C40F030
:100F9000B480002B7FF467AFBAF1200F7FF663AF08
:100FA00020247546F146A4EB0E0B2A4643463946EB
:100FB00020200135B0470BEB05035345F5D30AF16B
:100FC000FF35631C2D1B534588BF002509F1010324
:100FD000CE461D44002C7FF447AF5EE75C45FFF42E
:100FE0007AAF00297FF420AF202C9BD0224605F059
:100FF0000303B9F1000F7FF42EAF6C0760D52B21EE
:101000000C98541C8154002B3FF42AAF2BE7202C62
:10101000BFD02146013462220C984254B6E7002921
:1010200000F09E806A05AAD4002C3FF403AF5C4513
:10103000A5D1611E0F9B3FF4FEAE102B00F0858002
:10104000022B00F08A80224605F003030C4655E08F
:1010500000298ED1224605F00303202A3FF461AF18
:10106000F5E6814600297FF4DFAE524605F0030322
:10107000F3E7AA0637D5202C37D058220C990A5509
:10108000013483E715F00C0F01D00AF1FF3A5C45FB
:10109000FFF421AF5445FFF432AF00297FF4C4AE12
:1010A000202C3FF442AF224605F00303A5E76A0770
:1010B00028D428073DD47546002C7FF4D5AEEEE643
:1010C000290725D4002B3AD1924551D9144668E717
:1010D000A90625D478230C9A13703023537002226A
:1010E00005F00303B3E6202C1CD1002B7FF4BBAE2C
:1010F000BAF1200F3FF655AFB5E6621C30210C98CF
:101100000155AAE72B230C9A754613550134ABE61B
:1011100020210C98541C8154002B3FF4A1AEA2E670
:101120005823D8E778220C990A5501342EE7622318
:10113000D1E720230C9A75461355013494E61446E2
:101140007546002C7FF490AEA7E6A806A4F1020332
:101150000AD558220C98C25475E705F003035AE7E4
:10116000202C3FF480AE41E778220C98C2546AE705
:101170000AB1144677E67546A0E600BF2DE9F04FA8
:1011800098460B1E18BF8346A04C98F8000099B0F3
:10119000174608BFA3460893002800F0D6804FF0FA
:1011A000000ADDF88890CDF82490252808F1010880
:1011B00017D052463B4608990AF1010AD84798F8D9
:1011C00000000028F1D15446574501D807F1FF3AF5
:1011D0003B46524600200899D847204619B0BDE842
:1011E000F08F0023444614F8010BA0F12002102ACE
:1011F0000AD8DFE802F035090931090909090909A6
:10120000092D092909092500A0F13002092A73D9FD
:101210002A284ED04FF000092E285CD04FF0000E47
:10122000A0F16802122A25D8DFE802F0B424AD2428
:101230009F242424242424241E24242424241E0023
:10124000A04643F00103CDE7A04643F00203C9E7FF
:10125000A04643F00403C5E7A04643F01003C1E7EE
:10126000A04643F00803BDE798F80100A04643F408
:10127000807301347828254613D861284DD901217F
:10128000A0F16206624A5FFA86FC01FA0CF10A409C
:10129000002A40F0E780732800F0A580632800F062
:1012A000838052463B460899D847A0460AF1010A76
:1012B00085E7099998F8010051F8042BA046002A07
:1012C000AEBF914643F00203C2F100092E280991F6
:1012D00004F10104A2D198F801002146A0F13002E6
:1012E000092A43F4806340F2FC802A2830D0A046CB
:1012F0004FF0000E013493E74FF0000909EB890924
:1013000000EB49092078A046A0F13002092AA9F192
:10131000300904F10104F1D97EE72528C1D0242841
:10132000BFD900F0F702502ABBD1A0F15002082A21
:1013300000F20F81DFE812F09C010D010D010D019B
:101340000D010D010D010D016601044682463BE7CA
:10135000099998F8020051F8042B08F1020808F1E5
:101360000104099122EAE27E5AE798F801006C280C
:101370007FF47CAF98F8020008F1020843F4407350
:1013800008F1010476E798F8010043F40073A046E1
:1013900001346FE798F80100682800F0B380A04698
:1013A00043F08003013465E7099A980702F10408C5
:1013B0000AF1010540F1AF8010783B46524608998A
:1013C000D847B9F1010F40F29A81089ECA442A46D3
:1013D0003B46314620200135D8475545F7D1CDF859
:1013E0002480A046EBE6DDF824C0BEF1000F5CF8D7
:1013F000045B18BF7146287808BF4FF0FF31002802
:1014000000F05F83A846294407E000BFF90D0310F0
:101410008560480018F8012F0AB18845FAD15A05AD
:10142000A8EB050839D413F0020300F0248202234C
:10143000CDE909C89846089E52463B463146D847F2
:1014400015F8010F0AF1010A0028F5D14346DDF82D
:1014500024C0DDF82880002B40F09081A046CDF814
:1014600024C0ACE6162E74D8DFE816F05C017300D9
:1014700073007300730073007300730073007300D4
:101480007300730073005301020173007300730053
:1014900073007300730073004B01F04528BFF046E2
:1014A00013F0020300F011820223CDE909C8CDF840
:1014B0002C9052469946DDF820800EEB0A0608E093
:1014C0003B464146D84715F8010F0AF1010A10B111
:1014D00052465645F4D14B46DDE909C8DDF82C905B
:1014E000B9E74FF0000E0EEB8E0E00EB4E00A0F1B0
:1014F000300E11F8010FA0F13002092AF3D9884605
:101500004C1C8DE698F8020008F1020843F0C00375
:1015100008F10104AEE6B9F1010F40F2EA80554648
:101520000AF1FF360A94089C4E442A463B4621465F
:1015300020200135D847B542F7D1099B0A9C18787D
:101540002A463B460899D847CA44CDF82480A0468D
:1015500035E623F0100269280A9203F4806240F015
:101560009D82002A00F066814FF480624FF00A0CE1
:1015700023F011030A930A9B13F40070099B40F0B7
:10158000108103F104080A9B13F4807140F0A681D6
:10159000580640F16381099B1B781D46D80F002B2C
:1015A00000F052812A4610AB1E460B93099002E0D0
:1015B000202912D02A46B2FBFCF50CFB1520C3B241
:1015C000092803F130008ABF5733C3B2DBB20A2ABD
:1015D00006F8013B01F10101EAD209980A9BCDE925
:1015E00003CECDE90593CDE901100B9B5246009344
:1015F00058463B460899FFF701FCCDF82480824607
:10160000A046DCE55A0540F118814FF0100C23F09C
:101610000D0343F020039A0541D4099A13F4807115
:1016200002F1040540F0FA815E0640F1EE81127885
:10163000002A40F0808123F0100013F4806F0346ED
:1016400000F07981114610AA0B92CDE905930B9B0E
:101650005246009300230191029358463B46CDE940
:1016600003CE0899FFF7CAFBA04682460995A6E576
:1016700098F8011043F4887256290A925BD05028DA
:1016800040F037825D0554BF23F00C0323F00D03B7
:1016900043F498739D0540F1BD814FF0100C099AF9
:1016A000073222F00702556852F8086B099256EA91
:1016B000050240F0718123F0100213F4806F13468D
:1016C00000F06A814FF0000810AA0B92CDE9059353
:1016D0000B9B524600930023CDE903CECDF8048046
:1016E00002933B4658460899FFF788FBA04682467E
:1016F00065E513460899187852463B46D847AA46EE
:101700006DE6590540F103824FF0100C23F00D03F4
:1017100081E75E054FF0080C54BF23F00C0323F063
:101720000D0378E75A054FF0020C54BF23F00C0369
:1017300023F00D036FE74FF0100C0A9A540522F0C6
:101740000C0301D522F00D03562940F0DE81DDF8AF
:101750002490089BA7EB0A0203EB0A0159F8043B0B
:101760005846D3E90034246800941094FFF706FD2E
:101770006C1CA0468244CDF8249020E55546C14516
:101780007FF66CAECA44AAEB080AE046089E2A46D9
:101790003B46314620200135D8475545F7D1C44650
:1017A0005CE6073323F007035D6853F8086BE80F26
:1017B00056EA0501099300F0E580002D02DA764231
:1017C00065EB450510ABCDE90C09CDE90EEA4FF00C
:1017D0000008E24699460B9304E0B8F1200F17D0B9
:1017E00006460D4629460A22002330460DF0D0FB5E
:1017F000D2B2092A02F130038ABF5732DAB2D2B22A
:101800000A2E75F1000509F8012B08F10108E4D250
:10181000D446DDE90C09DDF838E0DDF83CA00A9B90
:101820005246CDE905930B9BCDE903CECDE901806E
:10183000009356E74FF00A0C9DE623F00C034FF09F
:10184000100C43F02003E6E60A9B23F010030A93F2
:10185000002A3FF4A8AE10AB0B93BFE613F0800F45
:10186000099B00F00B81B3F9003083EAE375A5EB27
:10187000E375ADB292E6C14598BF08F101087FF665
:10188000D7AD09EB0A06CDE909C5A6EB08067546F2
:1018900098460B94089C52463B46214620200AF16C
:1018A000010AD847B245F6D1AE460A9D434628788C
:1018B000DDF824C00B9C09F1010800283FF4CEADEF
:1018C000002B3FF4B5AD0023EFE5C14598BF08F10B
:1018D00001087FF6EAAD4FF48063D2E7099B1B68ED
:1018E000D90F002B00F0D08083EAE372A2EBE37201
:1018F00010AB1E460B93099102E0202812D02A4615
:10190000B2FBFCF50CFB1521CBB2092903F1300128
:101910008ABF5733CBB2DBB20A2A06F8013B00F18B
:101920000100EAD209990A9BCDE903CECDE90593DE
:10193000CDE9010159E613F0200F14BF41206120C9
:1019400010AECDE9099E0B96A0F10A0802E020290D
:1019500015D04A46B2FBFCF90CFB192E5FFA8EF04B
:10196000BEF1090F00F1300E8ABF40445FFA8EF0DD
:10197000C0B2624506F8010B01F10101E7D2DDE9D1
:10198000099E62E60A9B23F010030A93002A40F0A6
:10199000A0801646154615E713F0200F14BF41220C
:1019A000612210A90A3ACDE90CEACDF82890CDF8C9
:1019B0003CB04FF00008E1468A4693460B910E93E7
:1019C00004E0B8F1200F17D006460D4629464A46D6
:1019D000002330460DF0DCFAD2B2092A02F13003BE
:1019E00088BF02EB0B034E45DBB275F100050AF828
:1019F000013B08F10108E4D2CC46DDE90CEA0E9B7C
:101A0000DDF82890DDF83CB060E61E064CBF128879
:101A100012680DE64FF0100C099A151D126832B9C4
:101A200023F0100113F4806F0B467FF40BAE13F01C
:101A3000200F14BF4120612010A90E460B91CDE963
:101A4000099E0021A0F10A0802E0202997D04A4609
:101A5000B2FBFCF90CFB192E5FFA8EF0BEF1090FF8
:101A600000F1300E8ABF40445FFA8EF0C0B2944558
:101A700006F8010B01F10101E7D980E71B6883EA51
:101A8000E375A5EBE37589E50A9B23F010030A9340
:101A9000002A3FF42DAF10AB0B9344E76428454672
:101AA00001464FF00A0C7FF448AE3AB123F011031F
:101AB0004FF480620A9308F101045CE508F1010427
:101AC00059E513F4806809D099071BD5804655461F
:101AD00055E610AB4FF000080B93A0E613F002039D
:101AE0007FF44CAE4FF00008B9F1000F7FF4C9AE9F
:101AF000B4E45E0510D523F00D034FF0100C43F451
:101B0000887388E54FF48063ECE76C1C83E54FF045
:101B1000100C23F00C037EE523F00C034FF0100CA7
:101B200043F4887377E500BF84460CB410B584B0E5
:101B300006AC54F8043B0A460094614604480394FA
:101B4000FFF71CFB04B0BDE8104002B0704700BFB7
:101B5000F10D031030B594468E4605461C4683B001
:101B600029467246634600940248FFF707FB03B01C
:101B700030BD00BFF10D03100A460121E5F71EBB81
:101B80000A460221E5F71ABB0A460321E5F716BB10
:101B90000A460421E5F712BB0A460521E5F70EBB0C
:101BA0000A460621E5F70ABB0A460721E5F706BB08
:101BB0000A460821E5F702BB0A460921E5F7FEBA05
:101BC0000A466921E5F7FABA0A466A21E5F7F6BA44
:101BD0000A466B21E5F7F2BA0A466C21E5F7EEBA40
:101BE0000A466D21E5F7EABA0A466E21E5F7E6BA3C
:101BF0000A466F21E5F7E2BA0A467021E5F7DEBA38
:101C00000A461021E5F7DABA0A461121E5F7D6BAF5
:101C10000A461221E5F7D2BA0A461321E5F7CEBAF1
:101C20000A461421E5F7CABA0A461521E5F7C6BAED
:101C30000A460023202182B092B2ADF8003002B0F3
:101C4000E5F7BCBA0A462121E5F7B8BA0A460023EF
:101C5000222182B092B2ADF8003002B0E5F7AEBA00
:101C60000A462321E5F7AABA0A462421E5F7A6BACF
:101C70000A462521E5F7A2BA0A462621E5F79EBACB
:101C80000A462721E5F79ABA0A462821E5F796BAC7
:101C90000A462921E5F792BA0A4600232A2182B092
:101CA00092B2ADF8003002B0E5F788BA0A462B21AF
:101CB000E5F784BA0A462C21E5F780BA0A460023E4
:101CC000302182B092B2ADF8003002B0E5F776BABA
:101CD0000A463121E5F772BA0A463221E5F76EBAB3
:101CE0000A463321E5F76ABA0A463421E5F766BAAF
:101CF0000A463521E5F762BA0A460023362182B04A
:101D000092B2ADF8003002B0E5F758BA0A46372172
:101D1000E5F754BA0A463821E5F750BA0A46402199
:101D2000E5F74CBA0A464121E5F748BA0A4642218E
:101D3000E5F744BA0A464321E5F740BA0A460023CC
:101D4000442182B092B2ADF8003002B0E5F736BA65
:101D50000A464521E5F732BA0A464621E5F72EBA8A
:101D60000A460023472182B092B2ADF8003002B09B
:101D7000E5F724BA0A464821E5F720BA0A46492180
:101D8000E5F71CBA0A464A21E5F718BA0A464B217C
:101D9000E5F714BA0A464C21E5F710BA0A460023C3
:101DA0004D2182B092B2ADF8003002B0E5F706BA2C
:101DB0000A464E21E5F702BA0A465021E5F7FEB978
:101DC0000A465121E5F7FAB90A460023522182B0AA
:101DD00092B2ADF8003002B0E5F7F0B90A465321EF
:101DE000E5F7ECB90A465421E5F7E8B90A460023BD
:101DF000552182B092B2ADF8003002B0E5F7DEB9FD
:101E00000A465621E5F7DAB90A465721E5F7D6B969
:101E10000A465821E5F7D2B90A465921E5F7CEB965
:101E20000A465A21E5F7CAB90A465B21E5F7C6B961
:101E30000A460B21E5F7C2B90A461721E5F7BEB9F4
:101E40000A466021E5F7BAB90A466121E5F7B6B955
:101E50000A466221E5F7B2B90A466321E5F7AEB951
:101E60000A466421E5F7AAB90A466521E5F7A6B94D
:101E70000A466621E5F7A2B90A466721E5F79EB949
:101E80000A466821E5F79AB90A460A21E5F796B9A4
:101E90000A461621E5F792B92DE9F04F0F4683B0B7
:101EA0000021904612220446D9F75AFB1322002142
:101EB00005462046D9F754FB102200210FFA80FA7C
:101EC0002046D9F74DFB1122002106462046D9F7BE
:101ED00047FB0FFA80F92046D4F79CFF0FFA85FBE9
:101EE000A0EB0B02A2EB0A0220460192D4F798FF66
:101EF00033B2019AC01AA0EB090082421BDA2046D5
:101F0000D4F788FFA0EB0B03A3EB0A0303EBD37317
:101F100043F34F03A28A1544E28A16449AB2154449
:101F200032443D807A80B8F1000F01D0A8F800302B
:101F300003B0BDE8F08F20460193D4F771FF019BF9
:101F4000C31AA3EB090303EBD37343F34F03E1E796
:101F500070B540224FF440310546D9F701FB4322CA
:101F600004464FF440312846D9F7FAFA41224FF49B
:101F7000403104442846D9F7F3FA00B200284FF064
:101F800041024FF440312846A4B22BDDD9F7E8FADC
:101F900000B242224FF4403104442846D9F7E0FA17
:101FA00000B200284FF042024FF440312846A4B25C
:101FB0001DDDD9F7D5FA06B235224FF44031284657
:101FC000D9F7CEFA034638224FF4403128461D4651
:101FD000D9F7C6FA3444431924B218B2A042B8BFA4
:101FE000204670BDD9F7BCFA00B24042D1E7D9F71C
:101FF000B7FA06B27642DFE74FF407034FF43472C4
:102000004FF4C80070B54B6291F834300C46134D54
:10201000134E23F00F0343F00803CE628D6281F864
:1020200034308A630863E2F75BF894F83430228D29
:1020300023F01003E063A4F84020204684F83430F5
:102040000221D3F7FBFD20464FF44471D3F742FE43
:102050002046BDE870400D21D6F7A6BE0E018700D0
:102060002D000080F0B589B006460C4615461F4687
:10207000D6F778FE002846D0AC4244D0B4F5B47F01
:10208000B38C84BFA4F5B474A4B2B5F5B47F1C447A
:1020900088BFA5F5B475A4B288BFADB21D44B4F530
:1020A000B47FADB284BFA4F5B474A4B2B5F5B47F67
:1020B00088BFA5F5B47530460DF1120205A988BF99
:1020C000ADB2FFF7E9FE394650223046D9F748FA5B
:1020D0003946512207B23046D9F742FA003818BFC4
:1020E0000120234606ACBDF916100290BDF812205F
:1020F000BDF914000197009503940BF0B7FC21463D
:102100003046D5F7B7FB09B0F0BD00BF2DE9F04F61
:1021100016468B4650224FF4003183B005461F46C9
:10212000D9F71EFAC0F3C03295F8343002FA80F0C5
:10213000C0F34F04361B13F00603B5F8248036B203
:1021400052D12B8D43441FFA83F808F15A0000B294
:10215000E4F7AEF803460FFA88F00193E4F7A8F825
:1021600012224FF4403182462846D9F7F9F913225A
:102170004FF4403180462846D9F7F2F910224FF447
:10218000403181462846D9F7EBF9844611224FF4B5
:10219000403128466546D9F7E3F90021A14420449F
:1021A000A04425440C46019BBBF8002006FB03F32A
:1021B00006FB0AFA02EBE333BBF802209BB202EB08
:1021C000EA32A3EB080892B24B44551B68F30F01A7
:1021D000024463F30F0465F31F4162F31F44396047
:1021E0007C6003B0BDE8F08F042B20D0022BACD173
:1021F000AA8D6B8D288D9A4238BF02F5B472E98C96
:1022000038BF92B212B28842134438BF00F5B47C92
:1022100003EBD3732CBF84461FFA8CFCB1EB630F26
:102220004FEA630208DA41441FFA81F88DE7EB8C2C
:1022300043441FFA83F888E70FFA8CFC6245B5BF68
:10224000404442441FFA80F81FFA82F87DE700BF3D
:10225000014610B50348D3F743FE0446D3F7B4FE56
:10226000204610BD483F041030B50D46B1F5B47F8F
:1022700088BFA1F5B475038DC18C88BFADB25A1A61
:10228000044610B2002892B2A3EB05031FFA83FCA8
:10229000B8BF02F5B4721BB2B8BF10B2002BBCBFFE
:1022A0000CF5B47C0FFA8CF31A1A002AB8BF52420C
:1022B000B42A85B040DC984237DC41DB20460DF182
:1022C000020201A9FFF7E8FDBDF90220204602AB9A
:1022D00001A9FFF71BFF2046FFF73AFE021E03DDB0
:1022E000114602A8E2F7FCFA204602A9D5F7C2FA85
:1022F00020460DF1020201A9E584FFF7CDFDBDF9ED
:102300000220204602AB01A9FFF700FF2046FFF79D
:102310001FFE021E03DD114602A8E2F7E1FA204685
:1023200002A9D5F7A7FA05B030BD4FF400332A460D
:102330002046FFF797FEC1E72046D5F7B9FABDE77B
:102340000A464FF4003329462046FFF78BFEB5E7D7
:1023500030B50D46B1F5B47F88BFA1F5B475C38C17
:10236000018D88BFADB2CA1A044610B2002892B2DD
:10237000A5EB03031FFA83FCB8BF02F5B4721BB2CE
:10238000B8BF10B2002BBCBF0CF5B47C0FFA8CF3B5
:102390001A1A002AB8BF5242B42A85B041DC9842CA
:1023A00037DC42DB20460DF1020201A9FFF774FD84
:1023B000BDF90220204602AB01A9FFF7A7FE204687
:1023C000FFF7C6FD021E03DD114602A8E2F788FAF8
:1023D000204602A9D5F74EFA20460DF1020201A9C6
:1023E0002585FFF759FDBDF90220204602AB01A962
:1023F000FFF78CFE2046FFF7ABFD021E03DD114602
:1024000002A8E2F76DFA204602A9D5F733FA05B023
:1024100030BD0A464FF4003329462046FFF722FE1E
:10242000C0E72046D5F744FABCE74FF400332A460C
:102430002046FFF717FEB5E7F0B50446B0F92E00C9
:1024400083B010F5004F26D0A38D668D94F834200C
:10245000B34238BF03F5B473C2F3410238BF9BB235
:10246000012A1DB22CD0022A17D0A2B9B4F9322009
:1024700000953346B4F93010E4F724F80546668D2C
:10248000A9B22046FFF764FF314620462DB2FFF780
:10249000EBFEA4F8405003B0F0BDB4F93220009632
:1024A0002B46B4F93010E4F70DF80646A18D20460E
:1024B000FFF74EFF2046B1B235B2FFF7D5FEE8E791
:1024C000B4F93010B4F93220771901EB020C0CEB9F
:1024D000DC7C4CF34F0E07EBD777704547F34F0387
:1024E0004FEA6C0CC7F34F070FDA6246009333468E
:1024F000E3F7E8FF05462046A9B2FFF7B5FE3946E7
:1025000020462DB2FFF724FFC3E761460095E3F7AD
:10251000D9FF064639462046FFF7A6FE2046B1B24F
:1025200035B2FFF715FFB4E72DE9F0478348AAB0AD
:102530000C46E7F7C9F8012802D02AB0BDE8F087B9
:102540002046E7F7DFF805462046E7F7D7F80646C6
:102550002046E7F7D3F8AB1E0546132BEDD801A2B2
:1025600052F823F08F280310B52503103B250310E4
:102570003B2503103B2503103B250310B525031015
:102580003B2503103B2503103B2503103B2503107F
:10259000ED2503103B2503103B2503103B250310BD
:1025A0000B2603103B2503107D2603103B2503104B
:1025B0004127031090F83430304623F0010385F8AA
:1025C0003430D3F7EFFB0546E7F7D6FE0446E7F7CE
:1025D00085FFE7F789FF0428AFD1002CADD000219B
:1025E00028462AB0BDE8F047E7F75EBE2046E7F789
:1025F0008DF80378B5F92E40113B032B9DD8DFE809
:1026000013F084026202840262022046E7F77EF839
:1026100006AA07460AA93046FFF73EFCB3680BB18D
:10262000B3F914305022002130469EB2D8F798FFFB
:10263000BDF818203418A4B2131BA21A95B2BDF825
:102640002A20BDF828109BB29818ADF8183000B2B7
:102650000B442A442944009012B209B218A81BB2B4
:10266000E2F7F2F847F6FF72396818A8E2F7AEFA17
:10267000002800F04E8200233B715EE71222002109
:102680003046D8F76DFF132205B200213046D8F747
:1026900067FF10220FFA80F800213046D8F760FF5C
:1026A000112207B200213046D8F75AFF4545B8BF7E
:1026B0004546BD42B8BF3D4603B29D424FF01202AF
:1026C0004FF440313046B8BF1D46D8F749FF2F467A
:1026D000132205B24FF440313046D8F741FF1022A3
:1026E0000FFA80F94FF440313046D8F739FF112204
:1026F0004FF440310FFA80F83046D8F731FF4D459E
:10270000B8BF4D464545B8BF454603B29D42304629
:10271000B8BF1D46FFF71CFC034620461C46E6F7E3
:10272000F5FF0235ED1BADB2B0F9003025442DB2F6
:102730009D42B8BF1D460580FFE600BF483F04101C
:102740002046E6F7DBFF034620461C46E7F744F940
:10275000064603A920460DF10A02FFF79DFB31460C
:1027600018A8D4F719F8BDF90A70002F00F3DF811B
:10277000DFF8D48412224FF400312046D8F7F0FE5F
:10278000132205B24FF400312046D8F7E9FE10229B
:102790000FFA80FA4FF400312046D8F7E1FE1122FB
:1027A0000FFA80F94FF400312046D8F7D9FE55458D
:1027B000B8BF55464D45B8BF4D4600B28542ACBF87
:1027C0007B1B3B1A1DB2002D37DD0DF11809484661
:1027D0000BF02AF94A464FF400312046D3F722FF86
:1027E00003ABCDE920934FF40033259301231A2145
:1027F00018AA20461A93ADF89C50CDF86480E6F7ED
:1028000043FFBDF99C30BDF91A20208D9A42A28C5D
:102810004946104480B20190E08CC8BFADF81A3030
:10282000024492B2304600929BB203AA0BF008F920
:102830001B21204618AAE6F727FF3A4604AF3B467D
:102840000AAD03A92046FFF761FC2846DFF78EFB9F
:102850002A4620464FF44031D3F754FC4FF440331E
:102860002593022318AA1A2120461A93CDE91B7535
:10287000CDF86480E6F708FF3A4629463046DFF790
:102880009BFB1B21204618AAE6F7FEFE55E6E7F75C
:1028900025FE044600283FF450AEE7F725FE012848
:1028A0007FF44BAE20460AA9E7F7CAFE304618A9C6
:1028B00006AAFFF7F1FABDF82810BDF86030BDF8A0
:1028C0002A00C91ABDF8623009B2C01A95F834302E
:1028D00000B2DC07ADF82810ADF82A0040F15781AE
:1028E00051EA00033FF429AEB5F82C806B8D4FF010
:1028F000320A434584BF08F5B4781FFA88F8E3F735
:1029000055FDAB8C6A8DBDF818701344C41AA3B280
:1029100024B2002CBCBF03F5B4731CB24FF41D737A
:1029200017FB03F7C54B0020A3FB07374FF05009F7
:10293000E1F7BEFA00FB0A93B3F5A07F4FEA571701
:1029400080F068814FF4B473718DB08DB3FBF7F2F2
:10295000814280F052818C4284460B4602D38442ED
:1029600040F280818A4200F0AE81C2F5B47100F27B
:102970004F818C4203D3B4F5B47F40F2BE816244F0
:10298000B2F5B47F00F2778123446345FFF4D5ADFF
:102990009A42FFF4D2AD00231A46DB0043EA021349
:1029A00096F8342095F834C022F01802134386F8C4
:1029B0003430698DB5F84030A4B2C81A80B25B1AC1
:1029C0009FB223181BB2002BB8BF5B429BB2A8EB8F
:1029D0000102B3F58C7F95F834E0CCF3C00C92B2D1
:1029E00040F226811EF0080F00F06481BCF1000F58
:1029F00040F086810EF0180EBEF1080F18BF0022BD
:102A00000244E86B94B2E1F775FBAA6B8C4B02FBB6
:102A100000F0A3FB003022B2C0F38F139A42184695
:102A200005DC5B429A42B6BF1846204680B2698DEB
:102A3000B5F93030B5F932C00FFA88F2541AACEB60
:102A4000030EE40094FBFEF40F44043407EB241758
:102A50003844B5F92E8000B2CDF800C0E3F732FD5E
:102A6000B6F92E3004B2A34220D0E1F739FBB6F913
:102A70002E10E8638C420FD0B6F93220B6F9303010
:102A8000A242A8BF22469342B8BF1346994203D040
:102A90003046F385FFF7D0FCA04507D000221C216B
:102AA0003046E6F7F1FD01287FF447ADB5F9303047
:102AB000A34204D0B5F93230A3427FF43EADE1F732
:102AC0000FFBE86339E5B6F92E104B1EB6F932203C
:102AD0001BB29342A8BF1346B6F930209342B8BF49
:102AE000134699423FF429ADF3853046FFF7A4FC25
:102AF000B5F92E309C423FF420AD00221C21304617
:102B00002AB0BDE8F047E6F7BFBDB6F92E104B1C62
:102B1000DCE7A21912B2114618A8E1F7E1FE47F668
:102B2000FF72396818A8E2F751F8387105E506AD6B
:102B300028460AF079FF2A4620460021D3F772FD85
:102B40000023DFF8048125931A9318AA03AB1A21F6
:102B500020462193CDF86480ADF89C702095E6F76F
:102B600093FDA38CA28D29461A4492B20192628DE4
:102B7000304613449BB2009303AABDF89C300AF080
:102B80005FFF1B21204618AAE6F77EFDF2E54FF411
:102B9000003150223046D8F7E3FC0746BDF8183024
:102BA0001FFA87F8A3EB08034FF4803130469CB23C
:102BB000D3F7E4F8002849D0A4EB08039BB218B27D
:102BC0000028DCBF01200346BDF92A10BDF92820EA
:102BD00001FB01F1C8BF13FB03F302FB02129A428F
:102BE000ADF8180050DC95F83430D8077FF5A5AC67
:102BF000BDF92810BDF92A0072E6C1F5B47101EBE8
:102C0000000C644530D99F4263D80023C2F5B471EB
:102C10001944AEE60020E1F74BF94FF4B47100FB24
:102C20000A93084AA2FB0323DB0901FB03F38BE6AB
:102C30001EF0100F32D02246E2E600BF1F85EB5196
:102C4000D34D6210CDCCCCCC483F041023B2002B26
:102C5000B8BF03339A103FB2BA42ACBFA31AE31B0A
:102C60009BB2ACE7A0EB010CB4EB5C0F94BF01236B
:102C70000023012291E6A2F5B47294423FF65DACC6
:102C800064457FF65AAC86E695F8343043F001038C
:102C900085F83430E1F724FAE863A4E71EF0080F62
:102CA0003FF4AEAEBCF1000F3FF4AAAEA1EB0803B7
:102CB0009AB2A5E6BCF1000F3FF4A2AE1EF0180FC9
:102CC00008BF00229CE6B0F5B47F13D1C2F5B47101
:102CD0004FE6BCF5B47F0DD1C2F5B4739C4211D35D
:102CE000B4F5B47F09D9002A3FF427ACA242BFF45F
:102CF00052AE22E401231A464FE6012300224CE69D
:102D000000227DE600233AE638B50D46044611461A
:102D1000FFF71EFB29462046BDE83840FFF7A4BA5E
:102D2000F0B504460D46B1F5B47F88BFA1F5B47582
:102D3000808D618D88BFADB2431A1AB2002A9BB252
:102D4000A0EB050086B2B8BF03F5B47300B2B8BFFC
:102D50001AB20028BCBF06F5B47630B2831A002B35
:102D6000B8BF5B42B42B83B036DC82422EDC6FDB13
:102D7000B4F92E00658510F5004F25D0A38D94F889
:102D800034209D4288BF03F5B473C2F3410288BF6B
:102D90009BB2012A1EB236D0022A21D0A2B9B4F9C0
:102DA000322000962B46B4F93010E3F78BFB054632
:102DB000668DA9B22046FFF7CBFA314620462DB2E8
:102DC000FFF752FAA4F8405003B0F0BD00232A46A2
:102DD0002046FFF747F9CBE72046D4F769FDC7E760
:102DE000B4F9322000953346B4F93010E3F76AFBAA
:102DF0000646A18D2046FFF7ABFA2046B1B235B2A8
:102E0000FFF732FADEE7B4F93010B4F93220AF1927
:102E100001EB020C0CEBDC7C4CF34F0E07EBD7778D
:102E2000704547F34F034FEA6C0CC7F34F0716DAB0
:102E3000624600932B46E3F745FB05462046A9B2C0
:102E4000FFF712FA394620462DB2FFF781FAB9E7AB
:102E50000A46002329462046FFF704F988E7614621
:102E60000096E3F72FFB064639462046FFF7FCF9AC
:102E70002046B1B235B2FFF76BFAA3E7F0B50C46C6
:102E8000B1F5B47F88BFA1F5B474438D818D88BF3F
:102E9000A4B2CA1A054610B2002892B2A4EB0303EA
:102EA0009EB2B8BF02F5B4721BB2B8BF10B2002B0D
:102EB000BCBF06F5B47633B21A1A002AB8BF524224
:102EC000B42A83B037DC98422EDC70DBB5F92E00D3
:102ED000AC8510F5004F25D06E8D95F83430B44296
:102EE00038BF04F5B474C3F3410338BFA4B2012B57
:102EF00024B237D0022B22D0A3B9B5F932200094E6
:102F00003346B5F93010E3F7DDFA04466E8DA1B211
:102F10002846FFF71DFA3146284624B2FFF7A4F9E8
:102F2000A5F8404003B0F0BD0A46002321462846DC
:102F3000FFF798F8CAE72846D4F7BAFCC6E7B5F910
:102F4000322000962346B5F93010E3F7BBFA064667
:102F5000A98D2846FFF7FCF92846B1B234B2FFF735
:102F600083F9DDE7B5F93010B5F93220371901EBF7
:102F7000020C0CEBDC7C4CF34F0E07EBD777704563
:102F800047F34F034FEA6C0CC7F34F0715DA62465D
:102F900000933346E3F796FA04462846A1B2FFF7BA
:102FA00063F93946284624B2FFF7D2F9B8E700237F
:102FB00022462846FFF756F888E761460094E3F773
:102FC00081FA064639462846FFF74EF92846B1B23F
:102FD00034B2FFF7BDF9A3E770B51646B2F5B47F7A
:102FE00088BFA2F5B476438D828D88BFB6B2044601
:102FF000F01AD31A0FFA83FCBCF1000F9BB2B8BFD2
:1030000003F5B4730D4681B200B2B8BF0FFA83FC6A
:103010000028BCBF01F5B47108B2A0EB0C03002B73
:10302000B8BF5B42B42B37DC60452FDB4CDC20465D
:10303000A685FFF701FAA38D618DB5F5B47F88BF32
:10304000A5F5B475A3EB010210B288BFADB292B280
:103050000028A3EB05039EB2B8BF02F5B4721BB201
:10306000B8BF10B2002BBCBF06F5B47633B21A1A43
:10307000002AB8BF5242B42A12DC834219DB2ADC90
:1030800020466585BDE87040FFF7D6B9002331467C
:103090002046FEF7E7FFCAE72046D4F709FCC6E75B
:1030A0002046D4F705FC20466585BDE87040FFF753
:1030B000C3B920462A460023FEF7D4FF2046658583
:1030C000BDE87040FFF7B8B91146002332462046EC
:1030D000FEF7C8FFABE720460A4600232946FEF765
:1030E000C1FF20466585BDE87040FFF7A5B900BF68
:1030F0008184D4F7DDBB00BF70B54FF6FF7590F843
:10310000342001F0030363F34202818D80F8342000
:10311000B0F92E600446C585408D814236BF01F569
:10312000B4720A4692B2012B23D0022B18D120464A
:10313000FFF70EF9B4F92E108E4219D0B4F93220EF
:10314000B4F93030B242A8BF32469342B8BF1346FA
:1031500099420DD02046E385BDE87040FFF76CB979
:1031600001462046FFF780F8B4F92E108E42E5D1D3
:1031700070BD00FA82F202EBD272C2F34F0529460B
:103180002046FFF771F829462046FFF7E1F8D1E71E
:10319000F0B5B0F92E3004468B4283B031D00846EA
:1031A000B4F93220B4F930109042A8BF10468842DA
:1031B000B8BF0846834224D010F5004FE08520D0E8
:1031C000A58D638D9D423CBF05F5B475ADB22EB2A1
:1031D00094F83450C5F34105012D23D0022D12D0AF
:1031E0007DB90096E3F76EF90546668DA9B22046D3
:1031F000FFF7AEF8314620462DB2FFF735F8A4F8B8
:10320000405003B0F0BD00933346E3F75BF9064648
:10321000A18D2046FFF79CF82046B1B235B2FFF7EA
:1032200023F8ECE78D1805EBD57545F34F0C9F1986
:1032300007EBD777604547F34F0E4FEA6505C7F3B5
:103240004F070FDA2A46CDF800E0E3F73BF90546D1
:103250002046A9B2FFF708F8394620462DB2FFF7FD
:1032600077F8CCE7734629460096E3F72BF9064634
:1032700039462046FEF7F8FF2046B1B235B2FFF7D7
:1032800067F8BCE7F0B5B0F9303004468B4283B044
:1032900034D0B4F92E0021868842628629DB904220
:1032A00001DD1046E28510F5004F20D0A58D638D1D
:1032B0009D423CBF05F5B475ADB22EB294F83450C2
:1032C000C5F34105012D2DD0022D1CD07DB90096EE
:1032D000E3F7F8F80546668DA9B22046FFF738F8FF
:1032E000314620462DB2FEF7BFFFA4F8405003B090
:1032F000F0BD9142E185D4DC0846D7E7B0F9323021
:103300009342C6D1F3E700933346E3F7DBF8064672
:10331000A18D2046FFF71CF82046B1B235B2FEF76A
:10332000A3FFE2E78D1805EBD57545F34F0C9F1908
:1033300007EBD777844547F34F0E4FEA6505C7F390
:103340004F070FDD2A46CDF800E0E3F7BBF805464E
:103350002046A9B2FEF788FF394620462DB2FEF777
:10336000F7FFC2E7734629460096E3F7ABF8064637
:1033700039462046FEF778FF2046B1B235B2FEF757
:10338000E7FFB2E781637047C08C7047008D7047DC
:10339000408D7047808D7047B0F92E00704700BF98
:1033A000B0F93000704700BFB0F93200704700BF7D
:1033B00090F83400C0F34100704700BF002943D0AB
:1033C0002DE9F041054684B014460E46D5F75AFC67
:1033D00028460DF10A0203A9FEF75EFD50224FF4C4
:1033E00000312846D8F7BCF8BDF80A30B5F824807B
:1033F000E218C0F3C03303FA80F095F83430A2EB42
:10340000600413F0060324B21FD12B8D43441FFA2E
:1034100083F808F15A0000B2E2F74AFF07460FFAB4
:1034200088F0E2F745FF04FB07F300FB04F444F3E4
:10343000CF3409222946304643F3CF330094D5F7E1
:1034400061F904B0BDE8F081FEE7042B1FD0022B28
:10345000DFD1AA8D6B8D298D9A4238BF02F5B472E7
:10346000EF8C38BF92B212B2B942134438BF01F5A3
:10347000B47003EBD3732CBF084680B2B7EB630F75
:103480004FEA630208DA47441FFA87F8C1E7EB8C7A
:1034900043441FFA83F8BCE700B28242B5BF4144FF
:1034A00042441FFA81F81FFA82F8B2E700294ED091
:1034B000F0B5054685B016460C46D5F7E3FB284621
:1034C0000DF10A0203A9FEF7E7FC50224FF4003188
:1034D0002846D8F745F8C0F3C03101FA80F0BDF8AE
:1034E0000A100023C1EB6001891B09B209222046A2
:1034F00000912946D5F706F92846D5F7C3FB95F87C
:103500003430AE8C13F0060322D12B8D33449EB29F
:10351000A38ABDF80C10E78AC91ABDF80E502046E0
:10352000002209B2D9F78EFAE91B2046002209B21F
:10353000D9F78EFA0022204606EB8601490001F5F4
:10354000617109B205B0BDE8F040D9F775BAFEE780
:10355000042B1ED0022BDBD1AA8D6B8D298D9A42B4
:1035600038BF02F5B472ED8C38BF92B212B2A942E4
:10357000134438BF01F5B47003EBD3732CBF084676
:1035800080B2B5EB630F4FEA630206DA3544AEB2A0
:10359000BEE7EB8C33449EB2BAE700B28242B5BFBD
:1035A000891992198EB296B2B2E700BF8388028859
:1035B000581C801A00B27047C3884288581C801A71
:1035C00000B270472DE9F04FBDB00546E6F796F81A
:1035D00004462846E6F700FA03460AA92046019366
:1035E000D3F76EFB692200212046D7F7B9FF6A2284
:1035F000054600212046D7F7B3FF00229646BDF8C6
:103600002C60ABB2BDF82E5080B21E44B6B2054459
:10361000BDF82870ADB266F30F0E65F31F4ECDF8FE
:103620002CE0A7EB030E01331E44F61BBDF82AC0A5
:1036300033B294F85C100093431C1D4401F0030165
:103640006EF30F02ACEB000060F31F42A5EB0C051C
:1036500001290A922DB2D4E90A32A2EB030A00F042
:103660005C8200230693122200212046D7F778FFC0
:103670001322002181462046D7F772FF1022002135
:1036800080462046D7F76CFF1122002107462046CE
:10369000D7F766FF4FF0000C81B20E4660460491EA
:1036A000BDF828101FFA89F319440893BDF82C308F
:1036B0001FFA88F29B1A0292BDF82A20BFB23A4440
:1036C0000397BDF82E709BB2BF1B63F30F00BFB210
:1036D00067F31F40A06304F1340089B2059000989D
:1036E00061F30F0C92B262F31F4C8542C4F834C0F0
:1036F00040F3AF8101335B1A1BB2032B079340F3F6
:103700001982A16D0137B84BBF1A3FB24A1C099309
:103710003E46A06A04F1360304F13A0B00F0BA8188
:10372000226DA2EB0008626D07FB08F8121A07FB76
:1037300002F298FBFAF892FBFAF20FFA88FC12B246
:10374000A2EB0C0201FB02F2A16C002AB8BFFF320F
:1037500008EB22284A1C1FFA88F800F0A881226C86
:10376000A2EB0009626C07FB09F9121A07FB02F2CF
:1037700099FBFAF992FBFAF20FFA89F012B2121AD7
:1037800001FB02F2002AB8BFFF3209EB22291FFA1F
:1037900089F91622002120460593D7F7E1FE009B08
:1037A0009D42059B40F32481BBF80020069901321D
:1037B000A2EB09021A80BBF80020A2EB080292B229
:1037C000ABF80020002900F02481A16AB3F90000C1
:1037D000494207FB01F191FBFAF1C1F101010A44F1
:1037E00012B2904200F3D081ABF800001A80BBF90E
:1037F0000010914202DA1980ABF800201CAF384665
:10380000DEF7B4FB3A464FF400312046D2F77AFC9B
:1038100001992AA8D2F7C0FF4FF400334FF00008F7
:10382000379304F134032D93704B1A212AAA2046B2
:103830002B93CDF8B0802E97E5F726FF41460B225B
:103840002046D7F78DFE079A33469642A8BF134607
:103850000099A8468D42A8BF8846BDF9702043F361
:103860004F039342A8BF134600B24FEA6808804551
:10387000A8BF80468D424FEA430300F32281228F86
:10388000A18E0132521A12B29A4218DD00239DF81D
:1038900073B09DF88AA09DF892903946019804F182
:1038A00034028DF873308DF88A308DF89230DEF75F
:1038B00083FB8DF873B08DF88AA08DF892904FF04D
:1038C000000CE646029BB4F81890089EB4F814B0B9
:1038D00042460398A9EB0309B4F816A0049BB4F878
:1038E0001A80B344A8EB03088244634669F30F0EC1
:1038F0006BF30F0C68F31F4E6AF31F4C10A80CA952
:10390000CDF830C0CDF834E0DDF7C8FF10AA0021B3
:103910001046DDF7A5F94FF0000C6346E646029924
:103920008046BDF82C20BDF82800521A3044BDF85E
:103930002A10039E80B2314489B260F30F0361F311
:103940001F43049E0E93BDF82E3092B29B1B009E27
:1039500062F30F0E9BB263F31F4EB5429DF8929037
:103960008DF8A6C0CDF83CE08DF892C040F3C2803F
:103970000132121A12B2032A40F3E98004F1340A28
:103980000023BDF97020514616A8DDF787FF0021FE
:1039900016A8DDF765F9019E0546394630460EAAA0
:1039A000DEF70AFB00235246394630468DF8733065
:1039B0008DF88A308DF8A6308DF89290DEF7FCFAFB
:1039C00016A8DDF7BBFA10A8DDF7B8FA2846DDF730
:1039D00001FA4046DDF7FEF91B2120462AAAE5F749
:1039E00053FE3DB0BDE8F08FB9350310643F0410BD
:1039F000C0B2012800F0B8801A889144ABF800905A
:103A00001A889044069A1FFA88F8A3F80080002AC2
:103A100060D1099B04F13400984701283FF7EEAECE
:103A200001992AA8D2F7B8FE4FF400310023594A71
:103A300004F134002D902B9237912AAA1A212046A6
:103A40002C93E5F721FE1B2120462AAAE5F71CFE50
:103A5000C7E70137BF1A3AB2032A16460BDCE28ADF
:103A600005EBD57002EB600292B2901E02326287C3
:103A700005221646E08601335B1A474AA16D1FB244
:103A800009924A1CA06A079704F1340304F1380B29
:103A90007FF446AE226BA16CA2EB000807FB08F88E
:103AA00098FBFAF84A1C1FFA88F87FF458AE626A4D
:103AB000A2EB000907FB09F999FBFAF91FFA89F94A
:103AC00067E6628FE18E0132521A12B29A427FF794
:103AD000F6AEDBE6A26A524207FB02F292FBFAF272
:103AE0009044BBF900200FFA88F8424548DDA3F85E
:103AF000008083E601335B1A1BB2032B3FF73EAF16
:103B0000E38A05EBD57503EB65039BB29A1E02337E
:103B1000ADF83A20ADF83E3030E7002BBFF6A1AD4E
:103B2000002A7FF79EAD226BD31AB3FA83F35B09A9
:103B3000069398E5A38A00EBD07103EB61039BB277
:103B4000991E023323870523A1860793D9E5A38A0B
:103B500006EBD67603EB66039BB29A1E0233ADF8F2
:103B60003820ADF83C3009E71A46C9F10009C8F120
:103B700000085B461FFA89F993461FFA88F83BE76D
:103B80001A80ABF8008039E6ABF800201146B3F993
:103B900000202EE6643F0410AD35031010B50C462E
:103BA000002104F13C00E0F7F9FB04F14C00002196
:103BB000BDE81040E0F7F2BB4FF0FF320368186831
:103BC000DA6000F13C02934207D000F14C029342CC
:103BD00004BF9B680363D3F76BBE9B684362D3F754
:103BE00067BE00BF03460068D960D3F761BE00BF5F
:103BF000F8B543480D46E5F767FD012800D0F8BD4C
:103C00002846E5F77FFD04462846E5F777FD631E65
:103C10000446142BF3D801A252F823F0713C031090
:103C2000FF3B0310FF3B0310FF3B0310FF3B031060
:103C3000FF3B0310FF3B0310713C0310FF3B0310DD
:103C4000FF3B0310FF3B0310FF3B0310FF3B031040
:103C5000FF3B0310FF3B0310FF3B0310FF3B031030
:103C6000FF3B0310853C0310FF3B03107D3C03101A
:103C700000F13401BDE8F840D3F7FCBD2846BDE8AB
:103C8000F8409FE44FF40031D2F71CFD034628466C
:103C90001D46E5F73BFD0646B6F900301222AB4261
:103CA000B8BF2B46002133802046D7F759FC13229A
:103CB00005B200212046D7F753FC102207B200219D
:103CC0002046D7F74DFC03461122204600211CB2A6
:103CD000D7F746FCBD42A8BF3D46A542A8BF254632
:103CE00000B285422B46A8BF0346002B87DAB6F9FF
:103CF00000205B429342B8BF13463380F8BD00BF3B
:103D0000643F0410F8B50C46002564224FF0FF37DD
:103D100094F85C30C4E90B2565F3010308212046C3
:103D200084F85C30C4E90D55C4E90F45C4E9115766
:103D3000C4E91345C4E91557A5626562D1F7CAFF06
:103D400010212046D1F7C6FF626AC2B1A66A236B72
:103D50009E42B8BF1E46E36A03EAE3739E42B8BFC1
:103D60001E46B2420BD0294604F13C00E0F716FB98
:103D70002046A7646662BDE8F840D3F799BDF8BD58
:103D8000014610B50348D2F7ABF80446D2F71CF948
:103D9000204610BD643F041070B50446406A92B0DE
:103DA000884235D00B46E16AA56A8B42A8BF0B4614
:103DB000216B8D42B8BF0D469D42B8BF1D46A8423B
:103DC00026D004F13C062AB3A36C0021013318BFAE
:103DD000606C6562C4E910053046E0F7DFFA6846BA
:103DE000E0F79CFA00220023CDE908234FF480730A
:103DF0000F49104A019103922046652200210A933F
:103E00000096D7F7ADFB034668460B93E0F772FBCD
:103E100012B070BD11463046E0F7C0FA4FF0FF33E4
:103E20002046A364656212B0BDE87040D3F740BD80
:103E3000E53B0310B93B031090F85C3003F003033B
:103E4000022B00D0704770B5D0E90A539942A8BF41
:103E500019468D42B8BF0D460446406A236B854221
:103E6000A8BF0546AB4292B026D004F14C062AB357
:103E7000A26D0021013218BF636D3046C4E91435CC
:103E80002563E0F78BFA6846E0F748FA0022002342
:103E9000CDE908234FF480730F49104A0191039232
:103EA0002046652200210A930096D7F759FB034666
:103EB00068460B93E0F71EFB12B070BD114630460A
:103EC000E0F76CFA4FF0FF332046A365256312B08C
:103ED000BDE87040D3F7ECBCE53B0310B93B0310E1
:103EE000836A8B4212D090F85C30C26203F0030305
:103EF000022B436A18BF01639342C4BF1346426258
:103F000099428162C8BF4162D3F7D2BCC36A93426F
:103F1000E9D1704790F85C3061F3010303F00302CC
:103F2000022A80F85C301CBF836A0363D3F7C0BCED
:103F3000836C013314BF406C406A704790F85C306A
:103F400003F00303022B01D0806A7047836D0133B5
:103F500014BF406D006B7047806A7047C06A70473D
:103F600090F85C0000F00300704700BF10B50C46ED
:103F700010212046D1F7AEFE2046BDE810404FF498
:103F80008061D1F75BBE00BF014610B50348D1F791
:103F9000A7FF0446D2F718F8204610BD803F041052
:103FA0002DE9F04F0B4605468BB006A90093D2F7DA
:103FB00087FE2846D2F72EFF06462846D2F730FF66
:103FC0001222002104462846D7F7CAFA13220021FC
:103FD00007B22846D7F7C4FA102200210FFA80FB57
:103FE0002846D7F7BDFA11220FFA80F8002128469B
:103FF000D7F7B6FA14220FFA80F900212846D7F72E
:10400000AFFA1522824600212846D7F7A9FA5B4667
:104010000D2BA8BF0D2303934B46B8F10D0FA8BF7E
:104020004FF00D080D2BA8BF0D230AF001090493D2
:10403000CAF3C03303FA8AFA09F1010909EB6A09E4
:10404000C0F3C03200F0010A0AF1010A02FA80F05E
:104050000FFA89F90AEB600AB9F10D0F0FFA8AFA23
:104060002B8EA8BF4FF00D09BAF10D0FA8BF4FF06E
:104070000D0A002B79D0039B0D2FA6EB0306049BA2
:10408000A6F10206A4EB0304A4F1020301934FF08E
:1040900000043B46A8BF0D2302960593234637E054
:1040A000059EE045A3EB060E96441FFA8EF2ADF88E
:1040B0002020BDF81AE01FFA8CF247DBAEEB080CAB
:1040C00094441FFA8CF2029EADF82220B04282B2D4
:1040D000AABF039853441B181344019A9BB2914200
:1040E000A8BF049AADF82430A8BF96448BB2B8BFDD
:1040F000CE44734400229BB2009908A8ADF8263044
:10410000E0F764FD2A8E50BB0134A3B2934222D261
:10411000AA6A9B4632F934E002EBC4027745B2F951
:1041200002C0B2F90400B2F90610BDF818301FFA47
:104130008EF2B5DAA3EB0A0E724492B2E045ADF806
:104140002020BDF81AE01FFA8CF2B7DAAEEB090CAA
:10415000624492B2B7E70BF1010B1FFA8BFB934558
:1041600003D058460BB0BDE8F08F4FF6FF7B5846A2
:104170000BB0BDE8F08F00BF2DE9F04FD9B0044679
:10418000E5F7BCFA038E13B959B0BDE8F08F83464A
:104190002046E5F721FC9BF822300DF1600A43F040
:1041A0000803514605468BF8223005905846D2F751
:1041B00087FDDBF82020C74BBBF82040134043F4B9
:1041C0000023CBF8203038A80994DDF7CFFE22A8D1
:1041D000DBF7AEF84FF4A021584638AAD1F792FF8A
:1041E0004FF4A021584622AAD2F70AF99BF82230B0
:1041F000102223F0080300218BF822305846ABF838
:104200002040D7F7ADF9112203B2002158460A9396
:10421000D7F7A6F9122203B2002158460B93D7F71D
:104220009FF9132203B2002158460C93D7F798F94F
:10423000294603B246A80D93D2F7AEFA4FF4A02355
:1042400053930023A44A2AA94792BBF830204A91ED
:104250001AA94B914893002A00F054819946C84608
:104260004D4604F02003139304F00203129304F06C
:104270000403119304F00803109316AEDBF8240036
:1042800050F828104FEA88040B7808F101080A3B1F
:1042900008BF4B781FFA88F8002BF1D0DBF82C30E0
:1042A000690033F815300691D80600F126815906C9
:1042B000C3F3002940F1538149F080090021DBF864
:1042C0002800BAF8002000EBC50330F83570988854
:1042D000B3F806C0174402445888BAF802301844AC
:1042E00063448C4667F30F0162F30F0C60F31F41C8
:1042F00063F31F4C3160CDF85CC0B9F1000F40F0A2
:104300000A81382238A92AA8E2F73EFB202222A9F6
:104310001AA8E2F739FBDBF82C306A009A5A9DF8AC
:10432000853012054CBF43F0010303F0FE031A2150
:1043300046AA58468DF8853049965495E5F7A4F974
:104340009DF8CB10B6F90220C1F344010F29B6F94C
:1043500006304BD90C98BBF914100144B6F9000093
:10436000884200F015810D214FF0060E06910421C0
:104370000527CDE90E1E07210E204FF00C0C4FF043
:104380000F0ECDE907179DF8CB100D9F6EF3450179
:104390008DF8CB10BBF91810B6F904E0C91B8E4597
:1043A0000AD1DDE90EC00899079F06919DF8CB1050
:1043B00067F345018DF8CB10BBF916100A9F3944FD
:1043C0008A4207D160469DF8CB10069F67F34501EE
:1043D0008DF8CB10BBF91A100B9FC91B8B4205D16E
:1043E0009DF8CB1060F345018DF8CB10013399B2E5
:1043F00092B219F0200308920791069308D0DBF8D7
:104400002C3068001B5A580544BFC1EB420373802F
:10441000324605982AA9DDF7CFFDDBF82420BAF84B
:1044200004301759BAF8002001339B1A1BB20193CC
:104430009DF8853015AC0293BDF97A302046394697
:104440001A9A0093BDF97C30E4F752FB00218C46A8
:10445000B288F388B6F80090B6F802E00132013372
:10446000BDF95400BDF95640A2EB0902A3EB0E03BF
:1044700012B21BB2121A1B1B02EBD27203EBD373E4
:1044800009EB62020EEB630392B29BB210441C4430
:1044900062F30F0160F30F0CA4B2069A63F31F419D
:1044A00064F31F4C3160CDF85CC0BAB1DBF82C204E
:1044B0006900525A520511D5DDE90721521AC2F39B
:1044C000C03101FA82F2C2F34F029B1AA41A738020
:1044D000F48003E00000F7FF9C3F041000223B46FD
:1044E000059800921AA93246DAF73AFF46AA1B212C
:1044F0005846E5F7C9F8BBF830200135ABB29A420F
:104500003FF6BCAE9BF8223023F008038BF8223034
:1045100059B0BDE8F08F9BF822302AA843F0080379
:104520008BF82230ABF82090DDF720FD1AA8DAF7DF
:10453000FFFE4FF4A02158462AAAD1F7E3FD4FF41D
:10454000A02158461AAAD1F75BFF099BABF820308F
:104550009BF8223023F008038BF82230DBE6BBF80F
:104560003420ABB29A427FF4A9AE139B0BB149F051
:104570002009129B0BB149F00209119B0BB149F0C4
:104580000409109B002B3FF499AE49F0080995E609
:1045900009210227069100214FF0010ECDE90E17E7
:1045A00003210A20CDE9071E4FF0080C4FF00B0E37
:1045B000E9E600BF10B50C46886AE1F7F7FFE06A4C
:1045C000E1F7F4FF0023C4E90A3310BD2DE9F041FF
:1045D0000E460546836A84B003EBC60253F83630B4
:1045E00002A9009353680193D2F76AFB14220021B9
:1045F0002846D6F7B5FF1522002107B22846D6F780
:10460000AFFF04462846D9F761F8DFF751FCBDF843
:104610000610BDF80AE0BDF80220BDF80480204B6A
:10462000BDF808C072448E44BDF8001024B2614445
:10463000C44483FB0038C317C3EBA8031BB29C42DE
:10464000B8BF1C469F42B8BF1F46A88EA3B2BFB2D8
:10465000D21A7344C91B92B267449BB2B042ADF800
:104660000010ADF80470ADF80220ADF8063006D0A9
:1046700028466946D3F7FEF804B0BDE8F081E96A40
:1046800031F810104905F3D5DB43284603EB42030C
:104690006946ADF80230D3F7EDF804B0BDE8F0811B
:1046A0006766666601222DE9F04F0B46096897B0F0
:1046B00083460C464286B9B1002214460878561C3F
:1046C0003246651C80B10A2840F0D3804978002921
:1046D00040F0CF80BBF8320092B253F82210013084
:1046E000ABF832000029E9D1BBF83020A24235D026
:1046F000DBF8280030B10393E1F758FF0022039B59
:10470000CBF82820DBF82C0030B10393E1F74EFF03
:104710000022039BCBF82C20E0000393E1F72EFF4F
:10472000039BCBF82800002800F0A28065002846F3
:104730000393E1F723FF039BCBF82C00002800F044
:10474000AB80DBF828200393002A0ABF0024294607
:104750000021E2F7BDFB039BABF83040162200219D
:10476000CBF8243058460393D6F7FAFE1222C3B290
:10477000002158461493D6F7F3FE10220021054677
:104780005846D6F7EDFE1422002104465846D6F7C7
:10479000E7FE1522002180465846D6F7E1FE159027
:1047A0005846D2F743FB07465846D2F75DFBBBF8A5
:1047B00032601FFA88F3721E12FB08F2821A0D9300
:1047C00013B20E93002E5ED0AAB2BBB20F93134465
:1047D0000C93039BA0B201218646184600250A913E
:1047E0000168AC460792CDF824B000293DD00023E3
:1047F000099A1C461F4611E00978E9B1D16A1FFAEF
:104800008AF331F8197050F8231007F00F07012FC1
:104810002CBFE41901341F46A4B269B191F800809D
:1048200007EB0C09B8F10A0F03F1010AE4D191F882
:104830000180B8F1000FDFD107F101084FEA8802CB
:104840000B9253BB0B9B18440E9B2B440D9A1D4699
:1048500002EB0E040A9A1FFA84FE964202F101034B
:104860000FD901680A930029C1D104230B93E9E70A
:10487000FEE7B2B253F82210ACB200297FF41EAFAB
:1048800032E7DDF824B05846D1F79AFF584617B002
:10489000BDE8F04FD3F70CB8FEE7159A013B13FBC8
:1048A00002F30F9992B2CB1A1BB223EAE373069379
:1048B0000E9B05922B44B5FBF6F5B3FBF6F8149A64
:1048C0000EF1FF36754429B246440391012A31B2F4
:1048D00004914FD00026B246B1463546079ACDE93D
:1048E00010CE02F1FF3BCDE91203CDF820B0DDF888
:1048F00024B04FEA4C08DBF82C30B5FBF4F133F868
:104900000830069D03F00F03012B2CBF994409F1D9
:10491000010905FB09F5B5FBF4FC049A089B00921C
:10492000079ADBF82800B218F31812FA81F16344F1
:1049300000EB88001BB2039A09B2DFF785FF059BE5
:104940000AF1010A1E44574508F10208B6B2D2D84E
:10495000DDE91203DDE910CE002F07F1FF3708BFB4
:1049600000270B9A0CF101041044099A07EB040C80
:10497000568E6BE70025079AA946561C0F9AAA4641
:1049800002EB060B2E46CDE910CECDF820B0DDF8B7
:1049900024B04FEA4C0812901393DBF82C30B6FB8E
:1049A000F4F633F80830049A03F00F03012B2CBF00
:1049B0009A440AF1010A0C9B00925B1B9B1B069E0A
:1049C000089A06FB0AF6B6FBF4FC511BDBF828003C
:1049D000A1EB0C0100EB88001BB2039A09B2DFF7D0
:1049E00033FF059B09F101091D44B94508F102088F
:1049F000ADB2D2D3ACE700BF084600234FF6FF7C30
:104A000090F83620C0E90A3363F3000203490363D8
:104A1000A0F834C0436280F8362043E6C40E00207C
:104A20002DE9F047BF4882B00E46E4F74DFE01285D
:104A300002D002B0BDE8F0873046E4F763FE0546D9
:104A40003046E4F75BFE132D04466ED0013D292D60
:104A5000EFD801A353F825F02F4C0310814C03101D
:104A6000014B0310334A0310334A0310994B0310D0
:104A7000334A0310294D0310334A0310334A0310FD
:104A8000334A0310334A0310754D0310CB4B031008
:104A9000014B0310014B0310334A0310334A031038
:104AA000334A0310334A03108D4B0310334A03106B
:104AB000334A0310334A0310334A0310334A0310B6
:104AC000334A0310334A0310334A0310334A0310A6
:104AD000334A0310334A0310334A0310334A031096
:104AE000334A0310334A0310334A0310334A031086
:104AF000334A0310334A03101D4B03101D4B0310A0
:104B00004FF6FF73818E994204D0038E8B4201D9F8
:104B1000FFF75CFD4FF6FF73A3868AE7416A002921
:104B200087D002B0BDE8F047BCE5438E002B80D0B3
:104B3000456A2A68002A3FF47CAF0023184605E046
:104B400055F823201846002A3FF473AF117801333B
:104B50000A299BB203D1517800293FF46AAF127839
:104B6000002A3FF466AFE26A32F810205205E7D51A
:104B70002046D2F779F90146638E304691FBF3F176
:104B800009B202B0BDE8F047E4F744BF304602B0D6
:104B9000BDE8F047FFF7F0BA4FF6FF72838E9342FD
:104BA0003FF447AFC26A32F8132090063FF541AF99
:104BB00051063FF53EAFD2063FF53BAF1C212046E4
:104BC00001AA0193E4F760FD33E7038E002B3FF465
:104BD00030AF3046E4F79AFD0546E5F785FC06461A
:104BE000002D00F009822046D1F7DCF8E5F7C4FB80
:104BF0004FF6FF73A28E9A427FF41BAF022E05D0B0
:104C0000042E7FF416AF00283FF413AF94F836302B
:104C1000E26A13F0010340F08282023A00E00133BD
:104C200032F8021FC806FAD44906F8D474E73046B1
:104C3000E4F76CFD4FF6FF73A18E0546994205D04F
:104C4000238E8B4202D92046FFF7C0FCE5F746FCD5
:104C5000E5F74AFC00F0FD03012B00F089814FF6D7
:104C6000FF72A38E93423FF4E4AEE26A02EB43028A
:104C7000128895053FF5DDAE50053FF5DAAE97E7B2
:104C80003046E4F743FD0646E5F728FC0546E5F720
:104C90002BFC04283FF4CDAE02283FF4CAAE2846D0
:104CA0006946E5F7CDFC69462046FFF779F9A18E04
:104CB000054681423FF4BDAE4FF6FF73994205D0E1
:104CC000238E8B4202D92046FFF780FC3046A58612
:104CD000E5F776FC4FF6FF739D423FF4AAAEE36A18
:104CE00033F8152051063FF5A4AED2063FF5A1AE2C
:104CF000228EAA4204D929462046FFF767FCE36AC0
:104D000033F8152097053FF594AEA28E33F8123094
:104D10005E053FF58EAE1C21204601AA0195E4F701
:104D2000B3FC86E69C3F04104FF6FF73858E9D42D0
:104D30003FF47FAEC26A32F8153002EB4501180627
:104D400000F13A819A0501D45F0509D55F0602D4C6
:104D5000DE0640F158814FF6FF739D423FF469AE85
:104D6000238EAB427FF665AE2946204602B0BDE8F1
:104D7000F0472BE44FF6FF73818E994204D0038EE7
:104D80008B4201D9FFF722FC3046E4F7BFFC0378E1
:104D9000113B032B00F2D680DFE803F0924B1F0299
:104DA0004FF6FD73A28E013A92B29A4202D9228E38
:104DB000013A92B21146E56AA28635F81130481ED2
:104DC000DE0602D45F0640F1BE80002900F0C380F9
:104DD00081B29142A186F0D19CE64FF6FF72A38E7C
:104DE00093420CBF00250133228E18BF9DB2AA4208
:104DF000A58602D800231D46A38629460027E66A19
:104E000036F81130481C13F0100F02D15B0640F148
:104E1000A08081B28A4200F2A680A786002D3FF4CE
:104E200079AE002136F81130481C13F0100FF0D184
:104E3000ECE7002115222046D6F792FB4FF6FF73D0
:104E4000A18E994200F0ED80D4F82880258E08EBE1
:104E5000C106B38838F8312001339B1A43F34E035F
:104E60001A44A9420FFA82FEBFF4E3AD0A46B6F92E
:104E700002C00FFA80F94B0008F1020608F1040A9B
:104E800036F92300604502F1010010DD38F9237086
:104E900077450CDC3AF923704F44BE4507DCE76ADE
:104EA000FF5A17F0400F02D1FF0640F1DD8082B2B9
:104EB000AA4203F10203E3D3A942BFF4BAAD54E717
:104EC000002115222046D6F74BFB4FF6FF73A18E2B
:104ED000994200F0B780D4F82890258E09EBC106DE
:104EE000B38839F8312001339B1A43F34E031A4437
:104EF00017B20AB2002ADFDBB6F902E00FFA80F837
:104F00004B0009F1020C09F1040A3CF92300704539
:104F100002F1FF3010DA39F92360A6EB0806B74238
:104F20000ADB3AF92360BE4206DBE66AF65A16F05F
:104F3000400F01D1F60671D502B2501CA3F1020355
:104F4000E3D1B9E7A18E4FF6FF7399423FF471ADFB
:104F5000228E1546B0E7218E013989B29142A18691
:104F60007FF42BAFD6E5A942A1867FF449AFD1E506
:104F700069462846E5F764FB69462046FFF710F8C6
:104F80004FF6FF739842A3863FF453ADE16A0346A0
:104F900001EB400231F810104F063FF54AADCE0646
:104FA0003FF547AD218EA08681427FF661AE014676
:104FB0002046FFF70BFB52E65E06C3F380173FF572
:104FC000CFAEDD0515D594F83600C00711D423F413
:104FD00080739BB20B8094F83630A58EDE0749D4DF
:104FE00032F8153099053FF5B1AE5A057FF5B3AEED
:104FF000ACE643F48073EDE72846DFF73DF8E5F7CC
:1050000073FA0646EFE51C21204601AA0195E4F754
:105010003BFB01287FF40DADA58E9CE691B2A186E5
:105020004AE700231946E56A228EA38635F8113037
:10503000481CDE0601D45B068BD581B28A42A1866C
:10504000F4D867E500231946E56A228EA38635F871
:105050001130481CDE0602D45B067FF57AAF81B2C0
:105060008A42A186F3D855E595427FF625AF1146D1
:10507000A2867AE6238EAB425ED902EB45035F78C7
:1050800007F001070026314632F8163023F480730A
:1050900022F81630238E8B4235D92046FFF796FA38
:1050A0000136238EB1B29942E26AEDD387B3AB42A7
:1050B0002ED994F83630D80713D50026314632F869
:1050C000163023F4807322F81630238E8B4221D9B8
:1050D0002046FFF77BFA0136238EB1B28B42E26A9B
:1050E000EDD832F8153043F4807322F81530238E52
:1050F000AB420DD929462046FFF768FAA58EE36A30
:1051000033F815306EE70136B1B28B42BCD8CDE72B
:10511000A58E65E70136B1B28B42D0D8E1E7002316
:10512000023A00E0013332F8021FCF06FAD44E06ED
:10513000F8D4CD05F6D5EFE4002BA3D150E700BF9E
:10514000014610B50348D0F7CBFE0446D0F73CFF2C
:10515000204610BD9C3F041009B1FFF7A3BA704769
:1051600010B50446028EC06A5200E1F70DFC616A78
:1051700021B12046BDE81040FFF794BA10BD00BF32
:1051800038B5038E05468B420C460DD94FF6FF729B
:10519000818E914201D08B4214D8AC86214628469C
:1051A000BDE83840FFF712BA4FF6FF72914200D0C7
:1051B00038BD818EA142FBD08B4201D9FFF706FAA0
:1051C000AC8638BDFFF702FA2B8EAC86A342E5D839
:1051D00038BD00BFF8B50446008E884243D994F824
:1051E00036300D46DE0717461BD5D10519D50026EA
:1051F0003146E26A32F8163023F4807322F8163012
:10520000208E884209D92046FFF7E0F90136208E2A
:10521000B1B2814205D2E26AECE70136B1B288420E
:10522000E8D8FA0614D501280ED9002301269AB22F
:10523000954205D0E26A12F81310C1F300110E4036
:1052400001339842F3D11EB101212046D0F7F6FC7C
:10525000E26A32F815303B4322F81530238EAB4218
:1052600002D87B0506D4F8BD29462046FFF7AEF9E3
:105270007B05F8D52046BDE8F840D1F7A1BA00BFBC
:10528000038E8B4228D970B51646F20605460C46A9
:1052900013D4EA6A32F8143023EA060322F81430F1
:1052A0002B8EA34202D8730511D470BD2146284627
:1052B000FFF78CF97305F8D509E00121D0F75EFD01
:1052C0000028E6D001212846D0F704FDE1E7284672
:1052D000BDE87040D1F774BA704700BF028E002A53
:1052E00077D02DE9F84F90F836A004461AF0010A5D
:1052F0000D4601F4807801F0100701F4806606D0B5
:10530000B8F1000F62D04FF0000AD14632E0D1462A
:10531000A7B1012A0ED90023012099B2894505D0F1
:10532000E16A11F81310C1F30011084001339A42E9
:10533000F3D118B101212046D0F780FCE36A33F89D
:105340001A202A4323F81A20238E4B4503D94946B5
:105350002046FFF73BF96EBB228E0AF1010A1FFAC5
:105360008AF94A4530D994F83630DB07D0D5B8F100
:10537000000FCDD04FF0000B5946E36A33F81B20E5
:1053800022F4807223F81B20228E8A420BD92046F9
:10539000FFF71CF90BF1010B228E1FFA8BF19142E2
:1053A000B6D2E36AEAE70BF1010B1FFA8BF18A42EE
:1053B000E4D8ADE72046D1F703FA0AF1010A228EBC
:1053C0001FFA8AF94A45CED8BDE8F88FC146C246D1
:1053D0009EE77047038E002B66D02DE9F041CE4347
:1053E00001F4806511F010010446B6B21BD1002D06
:1053F00043D12946C26A32F81530334022F81530BD
:10540000238E994209D22046FFF7E0F80135238E1A
:10541000A9B28B4205D9E26AEDE70135A9B29942FA
:10542000E9D3BDE8F081002701212046B846D0F736
:10543000A5FCC8B9E26A32F81730334022F81730B9
:10544000238E434503D941462046FFF7BFF885B96F
:10545000238E01371FFA87F84345E2D90121204600
:10546000D0F78CFC0028E5D001212046D0F732FC93
:10547000E0E72046D1F7A4F9EAE70D46E26A32F800
:105480001530334022F81530238E8B4202D9204646
:10549000FFF79CF82046D1F793F90135238EA9B286
:1054A0008B42EBD8BDE8F081704700BF0B46018E00
:1054B000994210D910B4C46A416A34F813C062F337
:1054C000030C24F813C019B15DF8044BFFF7EAB8D8
:1054D0005DF8044B70477047F8B590F83630028E8F
:1054E00061F3000380F83630002A43D00025C16AFA
:1054F00007460B882C4603F480760DE0214638469B
:10550000FFF764F801353A8E631CACB294429BB24B
:105510000FD2F96A31F8133023F4807321F8153073
:105520003A8E631C94429BB2E8D30135ACB29442EC
:10553000F0D3FEB1F2B197F83630FA6ADB0713D533
:105540000024214632F8143023F4807322F81430FA
:105550003B8E994215D23846FFF738F801343B8E1E
:10556000A1B28B42FA6AEDD8138843F4807313809A
:105570003B8E03B9F8BD3846BDE8F8400021FFF77F
:1055800025B80134A1B29942DCD3EDE7406A7047F7
:10559000808E70474FF6FF73994227D070B5068E04
:1055A0008E4221D321B34FF0000C456A634605E0DB
:1055B000647874B90CF1010C61450FD05A1C92B299
:1055C00055F82240023394F800E09BB2BEF10A0F76
:1055D000EED00CF1010C61451346EFD18E4203D0A1
:1055E000426A52F8230070BD002070BD0020704751
:1055F0000B46F3E7038E8B4207D9C36A33F81130A9
:105600009A430CBF0120002070470020704700BF64
:1056100090F8360000F00100704700BF10B50C464E
:1056200094F828300A4A43F001032046626284F865
:1056300028300221D0F702FB20460821D0F7FEFADD
:105640002046BDE810404FF48061D0F7F7BA00BFA4
:10565000A8F603102DE9F04FBE48B9B00D46E4F7A7
:1056600033F8012802D039B0BDE8F08F2846E4F7BE
:1056700049F806462846E4F741F82C2E044600F087
:10568000FD80132E00F05581152EECD12846E4F74D
:1056900035F804462846E4F79FF957228146002151
:1056A0002046D5F75DFF0346B3F9085032220021AA
:1056B000204605930495D5F753FF10220021054697
:1056C0002046D5F74DFFADB228441FFA80FB1222C9
:1056D00000212046D5F744FF0544A9B23246069181
:1056E00020460021D5F73CFF122207904FF40031ED
:1056F0002046D5F735FF13224FF4003105462046EA
:10570000D5F72EFF102209904FF400312046D5F72F
:1057100027FF11224FF4003180462046D5F720FFA5
:10572000692208904FF400312046D5F719FF6A220C
:105730004FF4003106462046D5F712FF0DF1600AFE
:1057400007465046DCF712FC524620464FF4003123
:10575000D0F7D8FC4FF0000CE646099B06991D4493
:10576000089BA28A984408F1FF33BDF810800A44D0
:10577000013D92B245449844E38A15441FFA88F8E3
:10578000B6B2BFB2ADB25B44921B07EB08012E4428
:105790009BB2DF1B62F30F0C0B4466F30F0E63F337
:1057A0001F4E67F31F4C494626A8CDF834E000266B
:1057B000CDF830C0D0F7F0FF4FF4003365490CAF9F
:1057C000279126A90A4620461A213393289629971D
:1057D000CDF8A8A0E3F758FF3A4651464846DCF713
:1057E000EBFB26A90A4620461B21E3F74DFF314675
:1057F00059222046D5F7B4FE314607B2582220463A
:10580000D5F7AEFE41F6FF7C616ACDE9007C3746F4
:1058100003B2059A02960BA8E3F76AF910A90846A5
:10582000D9F786FD3146204610AAD0F7E9FD079B3F
:10583000049A1D4408F101031BB29B1A03EBD373B6
:105840000BEB6302E38AADB21A44636ABDF82C40E5
:1058500000962C4464F30F07BDF82E4092B265F316
:105860000F0662F31F46224462F31F47484610A901
:105870000EAA0E960F97D9F773FDF4E62846E3F7C4
:1058800045FF5722054600212046D5F769FE06460A
:10589000592200212046B6F90880D5F761FE58222A
:1058A00007B200212046D5F75BFE4FF0000941F614
:1058B000FF7C03B2616A3246CDE9007CCDF80890E6
:1058C00026A8E3F715F9494615222046D5F748FEE4
:1058D00012224FF4003106462046D5F741FE13222E
:1058E0004FF4003107462046D5F73AFE10224FF418
:1058F000003181462046D5F733FE0346112220466B
:105900004FF400311C46D5F72BFE1FFA88F80444EB
:10591000BDF99A30444424B29C42B8BF1C46BDF83D
:1059200098304F441F443744B844A5F800806C8039
:1059300099E62846E3F7EAFE034620461C464FF464
:105940000031D0F7BFFEB4F900308342B8BF034640
:10595000238088E6B83F041038B591F8283013F05A
:10596000010500D038BD0C46486AE0F71FFE6562AD
:1059700038BD00BF014610B50348D0F7B1FA044660
:10598000D0F722FB204610BDB83F041038B50446BE
:1059900008460D4609F020F994F828300130DB075D
:1059A00018D40146606AE0F717FE034629461846F8
:1059B00009F03EF8034694F82820204622F0010220
:1059C000636284F82820D1F7BDFA2046BDE838404C
:1059D000D1F76EBFE0F7D2FD0346E7E738B590F8A0
:1059E00028300446DB070D460ED594F828302046B3
:1059F00043F00103656284F82830D1F7A3FA20460A
:105A0000BDE83840D1F754BF406AE0F7CFFDECE77E
:105A1000406A704700224B6A5A62704770B504466C
:105A2000406A60B10021D7F77BFE054638B1D1F757
:105A3000F7F906462046D1F717FA864200DC70BD1A
:105A4000572200212846D5F78BFD03465922002115
:105A50002846B3F90850D5F783FDE18E054411FBC4
:105A600005F1606A002209B2D4F764FF606ABDE8FC
:105A70007040D1F71DBF00BF2DE9F04F4FF6FF7406
:105A8000A24291B05AD0476A91463E8C83469E42CC
:105A90000D4606D03B8497F8223043F0080387F880
:105AA000223057224FF480213846D5F759FD59222C
:105AB00004464FF480213846D5F752FD8046DBF886
:105AC0002400B4F908400FFA88FA002839D00021E0
:105AD000D7F726FE002204EB0A0313FB09F3C08A62
:105AE0000AEBDA7AA3EB6A0303441046DBF82410CE
:105AF00008F1FF38A0448C8A9BB264F30F0263F371
:105B00001F4298440B8B009263F30F0068F31F4011
:105B1000019002A8DCF72AFA4FF48021384602AA45
:105B2000D0F7F0FA28466A4602A9DCF745FA97F85A
:105B300022303E8423F0080387F8223011B0BDE8FC
:105B4000F08FC38AFFDE00BF2DE9F0474FF6FF74E8
:105B5000A2428EB059D0446A9046278C06469F4296
:105B60000D4606D0238494F8223043F0080384F8CD
:105B7000223006A8D9F7DCFB4FF48021204606AA84
:105B8000D0F73EFC59224FF480212046D5F7E8FC9F
:105B9000ADF82A00706AC0B30021D7F7C1FD0646F0
:105BA00098B34FF0000E069BC18AB3F90820BDF9E7
:105BB0002A30B4F814A002EB030C1CFB08FCF046DE
:105BC00003EBD370ACEB600C8C44B4F81890013B41
:105BD00013441FFA8CFC63446AF30F0E69F30F0839
:105BE0006CF31F4E63F31F48A96804A802AACDF8FE
:105BF00008E0CDF80C80DEF7ADFE48B994F822300D
:105C0000278423F0080384F822300EB0BDE8F08723
:105C100004ABD5F808803046AB6002F003FF0022E9
:105C200003460092284606A906F11402D9F798FB0C
:105C3000C5F80880E2E700BF10B50C464FF480615C
:105C40002046D0F747F820460421D0F743F82046F5
:105C50004FF40031CFF7F2FF20460121CFF7EEFFDE
:105C60002046BDE8104002F0A9BD00BF486A38B523
:105C70000C4618B1D7F7D6FA0023636294F83C308B
:105C800013F0100500D038BD206BE0F78FFC2563C2
:105C900038BD00BF70B50C46002594F83C30264A4C
:105CA000264823F03F0343F03803254E4FF480612C
:105CB000C4E90A5084F83C30A2632046C4E90C557C
:105CC0006562CFF7BBFF4F2331462A460A2B2BD004
:105CD00011F8013F002BF9D1002394F83C10013258
:105CE000E3862387CB06A28603D4206B08B1E0F7B6
:105CF0005DFC94F83C30204643F0100384F83C30BF
:105D00002663D1F7D5FD606A08B1D1F7D1FD2046F1
:105D1000D7F7D4FC01460B48D0F7E2F80546D0F798
:105D200053F965626C6270BD013211F8013F92B2A5
:105D3000A286002BCAD1CFE70000FFFFB4F6031004
:105D4000B8F60310D43F04102DE9F041084682B0A4
:105D50000C46E3F7D7FC18285BD0054621469E4841
:105D6000E3F7B2FC012851D12046E3F7C7FC082D28
:105D7000044600F09380092D466A00F08780012DCB
:105D800044D1E4F7ABFB054600283FD0E4F7ACFB79
:105D9000012804D02846E4F7A7FB032836D128467B
:105DA0006946E4F74DFC706ABDF90250002800F026
:105DB000B6800021D7F7B4FC0746002800F0AF807A
:105DC00057220021B0F81680D5F7CAFB03465922A6
:105DD00038460021B3F90870D5F7C2FBC0F3C033D1
:105DE000074403FA80F005EB6003A3EB08033FB21E
:105DF0001BB293FBF7F3B28E9BB2934224BF02F126
:105E0000FF3293B220467387D1F752FD02B0BDE84E
:105E1000F0812046E3F772FC2046E3F76FFC03466F
:105E200020465E6AE3F7D8FD0546726A6846A968AF
:105E30001432DEF78FFD10B396F83C30AF689B0646
:105E4000728FC5F808D05ED5F38E934269D02023B7
:105E500029463046FFF710FE202329463046728F30
:105E6000FFF772FE012329463046F28EFFF704FE4B
:105E7000012329463046F28EFFF766FEAF602146C9
:105E8000554802B0BDE8F041E3F71EBC4FF6FF7382
:105E9000738702B0BDE8F041D1F70ABDE4F71EFBFD
:105EA000E4F702FC05460028B0D1646AE4F716FB6B
:105EB0000746E4F719FB042879D03846E4F714FBC9
:105EC00001286E463AD03846E4F70EFB032835D059
:105ED00001212046CFF748FF4FF6FF73012163876A
:105EE000606ACFF7ABFE002220212046E3F7CCFB0F
:105EF000A36A002B6BD0E38E32461C212046009310
:105F0000E3F7C2FB82E7294630462023FFF7B4FDC2
:105F1000202329463046728FFFF716FEAEE7002396
:105F200070E71A46294630462123FFF7A5FD2123B5
:105F300029463046728FFFF707FE9FE73846314605
:105F4000E4F77EFB606ABDF9025070B30021D7F719
:105F5000E7FB074648B357220021B0F81680D5F773
:105F6000FFFA0346592200213846B3F90870D5F7E5
:105F7000F7FAC0F3C0333A1803FA80F005EB600378
:105F8000A3EB080312B21BB293FBF2F3A18E9BB2F8
:105F90008B4224BF01F1FF318BB2002263F30F0269
:105FA00063F31F42C4F8362092E70023F5E7E38E3F
:105FB00020462387CFF7F6FE0646E4F7DDF90028F2
:105FC0003FF47BAF29463046E4F76EF975E720468B
:105FD000D1F76EFC8FE700BFD43F0410014610B527
:105FE0000348CFF77DFF0446CFF7EEFF204610BDF4
:105FF000F03F0410826A8A4202D08162D1F758BC15
:10600000704700BF002936D00022F8B582860B7891
:1060100004460D46002B44D08C460A2B2DD01CF88C
:10602000013F002BF9D1013292B20023A28628460B
:10603000E386238708F0D0FD226B461C22B194F83A
:106040003C3013F0100720D03046E0F797FA206379
:1060500090B1294608F0ECFC94F83C30204623F03F
:10606000100384F83C30D1F723FC606AC0B1BDE86E
:10607000F840D1F71DBCFEE7FEE7013292B2A286DE
:106080001CF8013F002BC8D1CDE71046E0F78EFA8F
:1060900030462763E0F772FA20630028D9D1EBE796
:1060A000F8BD0122C1E700BF59B3002238B582868E
:1060B0000B7804460D4673B308460A2B22D010F81D
:1060C000013F002BF9D1013292B2002394F83C1029
:1060D000E3862387CB06A28603D4206B08B1E0F7C2
:1060E00065FA94F83C30204643F0100384F83C30C5
:1060F0002563D1F7DDFB606A60B1BDE83840D1F7B8
:10610000D7BBFEE7013292B2A28610F8013F002B06
:10611000D3D1D8E738BD0122D7E700BF002967D027
:1061200090F83C302DE9F047DB0605460F46164651
:1061300060D4D5F83090B9F1000F74D0484608F01B
:106140004BFD0446384608F047FD804608EB040145
:1061500048460431E0F740FA2863002849D04FF65A
:10616000FF7300229E4208F10308025563D0D5F860
:10617000309099F80030002B77D04946144606E05D
:106180000A2B11F8013F08BF013201340BB19642CE
:10619000F6D114B1AB8EB34251D9DFF8DCA0404642
:1061A000E0F7AEFA8046002844D0394608F000FBFC
:1061B000AB8EB34202D92F4B1B8803802E6BDAF8CB
:1061C0000030214630469847424601463046E2F7C5
:1061D0003DFD4046E0F74CFBAB8E28460133AB86D5
:1061E000D1F766FB686AC0B3BDE8F047D1F760BB82
:1061F000FEE7FEE7046B204608F0EEFC0130E0F716
:10620000BDF9286370B1214608F012FC95F83C30C6
:10621000D5F8309023F0100385F83C30B9F1000F29
:106220008CD100E0FEE74C468CE74046E0F768FA88
:106230008046A0B9FEE7002CF7D0D5F83090DFF803
:1062400038A021464846DAF800309847094A014606
:1062500048460134E2F7FAFCA1E7BDE8F087394689
:1062600008F0E6FBDFF810A0A8E71C46DFF808A05E
:1062700095E700BF70F00310640E002010B50446CF
:10628000006BA8B194F83C30DB0612D5002394F8DB
:106290003C20204663F30412236384F83C20A38649
:1062A000D1F706FB606A18B1BDE81040D1F700BB1A
:1062B00010BDE0F77BF9E9E7C38E8B4217D0838EE0
:1062C000426A8B429CBF03F1FF3399B2002361F312
:1062D0000F0361F31F4310B50446C0F836300AB10E
:1062E000FFF79CFB2046BDE81040D1F7E1BA7047AC
:1062F00090F83C2002F00F0C8C4505D061F30302AE
:1063000080F83C20D1F7D4BA704700BFC162D1F702
:10631000CFBA00BF034690F83C20406A61F34512B3
:1063200083F83C2008B1D1F7C3BA7047406A704780
:10633000806A7047024B006B002808BF1846704700
:1063400084F60310C08E7047808E7047F8B5056BD9
:106350000F46002D42D006462846144608F03CFC65
:1063600038B34FF0000E318F73466A1E09E012F801
:1063700001CF0133BCF10A0F08BF0EF1010E9842A4
:1063800017D07145F3D1984213D9ACB104F1FF3C59
:10639000C21A0024781E07E0644509D001349442F3
:1063A00000F8011F16D0356B1D44295D0A29F3D171
:1063B000274400233B70F8BDC21A781E05E0013463
:1063C000944200F8011F05D0356B1D44295D0A2950
:1063D000F5D1EDE7002317443B70ECE70D70F8BDF5
:1063E0002DE9F041056BDDB10846884608F0F4FB65
:1063F0002B78074600269BB10A2B2CD02C464FF059
:10640000000C14F8013F0CF1010C0A2B16D0002BE4
:10641000F7D1674508D025462B780136002BEBD104
:106420004FF0FF30BDE8F0813A464146284608F07B
:10643000C5F80028EFD13046BDE8F081674501D0AE
:10644000651CE9E73A464146284608F0B7F80028B7
:10645000F6D13046F0E7002FEDD02C46F0E700BF34
:10646000C06A704790F83C00C0F34010704700BF0E
:1064700090F83C0000F00F00704700BF2DE9F0419C
:10648000044682B00121CFF765FC2046656AD7F744
:1064900015F901462846D6F75BFF4FF0FF31606AD9
:1064A000D6F7F2FF0121606ACFF714FC00221F210A
:1064B0002046E3F7E9F8666A26B130460021D7F7AF
:1064C0002FF906463046216B02F03AFA42F2D171BA
:1064D000606AD0F7C5FA3046D2F7D4FB606AD0F7CD
:1064E00099FC05462046D0F795FC854209DC4FF41F
:1064F000887394F83C2002F00F02D340DB0700F1D0
:10650000B0803046D0F78CFC322207460021606A0A
:10651000D5F726F8102200218046606AD5F720F8CA
:10652000112205460021606AD5F71AF894F83C302C
:10653000054403F00F0205EB48053D44082A1746C1
:106540002DB255D0042A10D02946606AD0F7A0FA9F
:106550002046FFF763FA7B1E606A072B2BD8DFE823
:1065600003F078702A682A2A2A23B4F91680A845ED
:10657000EADADDF7D9FBDDF7EFFBB4F91A30C01A20
:10658000804580F29380DDF7CFFBDDF7E5FB638B81
:10659000C11A09B2A942A8BF2946606AD0F778FAA1
:1065A0002046FFF73BFA606A00230D222146009344
:1065B000D2F7A8F8606AD2F765FB94F83C3003F094
:1065C0000F03013B012B55D900213046226BD6F732
:1065D00093F9022801464FF0000302D0032818BFA8
:1065E000012130461A4602B0BDE8F041D0F738BB71
:1065F000B4F91A80DDF798FBDDF7AEFBA8448045BF
:10660000A2DDB4F91680DDF78FFBDDF7A5FBB4F949
:106610001A30C01A80454FDDE18A606A013909B23B
:10662000A942A8BF2946D0F733FA2046FFF7F6F96A
:10663000606A00230A2221460093D2F763F8606A59
:10664000B9E70023132221460093D2F75BF8606A72
:10665000B1E70023102221460093D2F753F8606A75
:10666000A9E72046656AD0F7D5FB01462846D0F752
:10667000F7F946E7606AD0F773FB0546606AD0F722
:1066800091FB0746DDF750FBDDF766FBB8429BDC6C
:10669000D4F82480DDF748FBDDF75EFB691EC91BDB
:1066A000014409B24046D0F797F98DE7B4F91630A6
:1066B0009D42A8BF1D4647E7DDF736FBDDF74CFBE3
:1066C000638BC31A013B1BB29D42A8BF1D463BE72B
:1066D00070B582B00446E3F701FF0546E3F7E4FF37
:1066E00038B12046238FE38602B0BDE87040D1F771
:1066F000DFB80121606ACFF741FB0646F0B90121FE
:106700002046CFF731FB4FF6FF7301216387606AA4
:10671000CFF794FA324620212046E2F7B5FFE38E08
:10672000228F9A4213D01C212046238701AA01936D
:10673000E2F7AAFF012807D002B070BD204602B0E0
:10674000BDE87040FFF79ABE2046D1F7B1F8284661
:10675000E3F7CAFE0428EFD12046CFF723FB002140
:1067600002B0BDE87040E3F79FBD00BF2DE9F04FD8
:10677000D4489DB00D46E2F7A7FF012802D01DB016
:10678000BDE8F08F2846E2F7BDFF04462846E2F751
:10679000B5FFA4F108030446242BF0D801A252F857
:1067A00023F000BF6F6803107F6703107F6703103B
:1067B0007F6703107F67031079680310C96A0310AD
:1067C00043680310436803107F6703107F6703105B
:1067D0007F6703107F670310D96803107F6703107A
:1067E0007F6703107F6703107F6703107F670310C5
:1067F0007F6703107F6703107F6703107F670310B5
:106800007F6703107F6703107F6703107F670310A4
:106810007F6703107F6703107F6703107F67031094
:106820007F6703107F67031039680310396803100E
:106830007F670310F16A03101DB0BDE8F04FD0F779
:1068400081BB0121CFF790FA4FF6FF73606A0121F7
:106850006387CFF7F3F90022202120461DB0BDE861
:10686000F04FE2F711BFE3F741FF844287D02046A3
:106870001DB0BDE8F04F2BE72846E2F747FF03784D
:106880000A3B112B3FF67BAF01A252F823F000BF69
:10689000676803107F6703107F6703107F6703102B
:1068A0007F6703107F6703107F670310316B03104E
:1068B0000B6B03100B6B0310316B03107F6703101E
:1068C0007F6703107F6703107F6703107F670310E4
:1068D0007F670310496B03102846E2F70FFF044659
:1068E0002846E3F779F83222002181462046D4F782
:1068F00037FE1222002105462046D4F731FEADB204
:106900002844132200211FFA80FB2046D4F728FEDA
:10691000284483B21022002120460493D4F720FE9D
:1069200005440CA8D8F704FD4FF4003120460CAA0A
:10693000CFF766FDD4F82880ADB2B8F1000F00F0B3
:106940004A8194F83C60162206F00F06002120468A
:10695000A6F10106D4F704FEB6FA86F6C0B27609AF
:10696000012808BF46F00106E06A002800F0F18027
:10697000D8F7C4FC0346022B0590E06A00F01181B1
:1069800014AF3946DCF79AFA012800F067814FF618
:10699000FF724FF0FF3A96465346002E00F0E48017
:1069A000B4F814C0DC441FFA8CF1013971440FFAB9
:1069B0008CF009B2ADF828000598ADF82C1002282B
:1069C000E18A00F0DB8020460593CDE90621D0F76F
:1069D00027FA0799A0EB0A00069A00EBD07001EBAA
:1069E000600189B2013A0A443846ADF82A10ADF880
:1069F0002E20D8F7D3FA3A464FF400312046CFF78D
:106A000057FD059B0AEBDA7A03EBD3735B106E221A
:106A10004FF40031ADF8543020464FEA6A03ADF828
:106A20005630D4F79DFD0DF1280AADF850005246BE
:106A300039464846E36AD8F7C3FA3846D8F778FCAF
:106A40003A4600212046CFF7DBFC41F6FF73019365
:106A50009DF86D3041460293BDF96230149A00935F
:106A600009A8BDF96430E2F743F8E38A1D44BDF894
:106A70002630ADB2ADF82A501D44E36AADF82E5071
:106A8000002B00F0DB80BDF82430002E65D0049A86
:106A9000218B891A89B2CB1A1AB20BB2ADF82C30FD
:106AA0000023ADF828200093524643463946484615
:106AB000D8F756FCA36A002B7FF461AE4046DFF79F
:106AC000D7FE5CE6F03F0410CFF76CF9E3F754FC17
:106AD0000546E3F703FDE3F707FD04287FF44FAE17
:106AE000002D31D020461DB0BDE8F04FFFF7C6BCE9
:106AF0002846E2F70BFE03465722204600211C469B
:106B0000D4F72EFD0389638039E60121606ACFF74F
:106B100035F90028E6D1E38EA28E01339342BFF609
:106B20002EAE2046E3861DB0BDE8F04FFEF776BFDF
:106B30000121606ACFF722F90028D3D1E38E002B20
:106B40003FF41DAE013BECE7238F01212046E38695
:106B500078E614AF0DF1280A6FE7A28A5A4413FAB7
:106B600082F31BB212B299E70498218B091A89B2F9
:106B7000A1EB0E00013900B209B21BE76B189BB202
:106B8000ADF82A30013B134400220DF1280AADF87C
:106B90002E304846E36A0CA900925246D8F7E0FB33
:106BA0004BE741F6FF7301939DF84D3014AF02930C
:106BB000BDF9423001460C9A00933846BDF9443085
:106BC000E1F796FFBDF95030BDF952A01FFA83FEE0
:106BD0001FFA8AF2E1E68020DFF792FD266B8046FD
:106BE000002E47D0304607F0F7FF18B30027B4F85F
:106BF00038C03B46721E07E012F8011F01330A2914
:106C000008BF0137984233D0BC45F5D198422FD9FF
:106C1000C71A3246002008F1FF3107E07F2809D06B
:106C20000130874201F8012F04D0226B1A44125C14
:106C30000A2AF3D1002308F8003082E62046A58A0C
:106C4000D0F7E8F8BDF92430C21A02EBD27205EB96
:106C5000620213FA82F31BB212B21FE7BDF8522090
:106C60001498C2F34A1AC0F38A239E46524694E609
:106C70000020DFE7067064E610B501210446CFF777
:106C800073F84FF6FF73606A01216387CEF7D6FF72
:106C90002046BDE8104000222021E2F7F5BC00BFED
:106CA000012108B5406ACFF769F880F00100C0B251
:106CB00008BD00BF38B5002591F838304D6223F08B
:106CC0007F0343F0030381F8383008460C46D0F7C1
:106CD000A1F803462046A385D0F7A2F84FF08072B2
:106CE000238FE08523F4607343F080032046022164
:106CF000A562256362632387CEF7ECFF2046BDE8DB
:106D000038404FF48031CEF799BF00BF91F838304A
:106D100003F00303013B012B00D9704710B50C466B
:106D2000486ADFF743FC002294F83830626243F08F
:106D3000030384F8383010BD014610B50348CFF77F
:106D4000CFF80446CFF740F9204610BD0C400410A0
:106D50002DE9F0410E4686B00446D0F7A9FD304635
:106D6000D8F7CCFA03284DD0054604A93046DCF705
:106D7000A5F8002D3AD194F8383003F00303013B15
:106D8000012B40F2AB80049ABDF812306662C2F368
:106D90008A22C3F34A1300219DF8100005F0030571
:106DA000C0F3040045EA800594F8380062F30F014F
:106DB00020F07F000543501063F31F416086581098
:106DC000A08684F838502046E162D0F7BBF8238EC5
:106DD0001BB9E38EB3F5807F02D02046CFF7F0FCDD
:106DE0002046D0F765FD06B0BDE8F0816B1EDBB232
:106DF000012B19D9049ABDF81230C2F38A22C3F3C9
:106E00004A13C8E794F8383003F00303013B012B21
:106E100060D9002294F83830626243F0030384F8AA
:106E2000383006B0BDE8F081676AB7421ED0304600
:106E300007F0D2FE94F83830013003F00303013B31
:106E4000012B05D9DFF79AFB074600284AD1FEE758
:106E5000DFF794FB80460028F9D0314607F0E8FDC3
:106E6000C4F8248017B13846DFF7A0FB022DC1D14A
:106E7000572200212046D4F773FB582200210746F1
:106E80002046D4F76DFB592200210FFA80F82046E6
:106E9000D4F766FB00B20023009041F6FF703A463B
:106EA000314602930190434605A8E1F721FEBDF863
:106EB00014200499BDF81630C2F30A0262F394213B
:106EC0000491C3F30A03C1F30F4163F34F11ADF80B
:106ED000121060E7606ADFF769FB9AE7606ADFF724
:106EE00065FB50E7314607F0A3FD6762BEE700BFD0
:106EF0002DE9F04F084699B00C46E2F703FC15283F
:106F000002D01828054614D12046E2F7F7FB2046A8
:106F1000E2F7F8FB06462046E2F7F0FB122E0546A4
:106F200000F0A481152E4DD0182E4BD019B0BDE81D
:106F3000F08F2146CC48E2F7C7FB0128F6D1204666
:106F4000E2F7DCFB113D06461B2DEFD801A353F8F9
:106F500025F000BF377203100F6F0310AF710310DD
:106F60002D6F03102D6F03102D6F03102D6F031065
:106F70000F6F03102D6F03102D6F03102D6F031073
:106F80002D6F03102D6F03102D6F03102D6F031045
:106F90002D6F03102D6F03102D6F03102D6F031035
:106FA0002D6F03102D6F03102D6F03102D6F031025
:106FB0002D6F03102D6F0310977103102D6F0310A9
:106FC000777103102846CFF725FF81462846CFF773
:106FD00027FF3222002182462846D4F7C1FA122226
:106FE000002107462846D4F7BBFABFB23844132223
:106FF00000211FFA80FB2846D4F7B2FA10220021A4
:1070000002902846D4F7ACFA112207EB00080021C1
:107010002846D4F7A5FA6B8E1FFA88F85B44ADF8C2
:107020002430AB8E03904344ADF8263095F83930C8
:1070300003F00303012B00F0768109A8B5F9303085
:107040000190E88E5246494600900AA8DBF7C2FA42
:10705000DDE90A31D5F814A023F080222AF080203F
:1070600083EA0A0303F0802302445A4021F080237C
:1070700081EA0A01034401F080214B400A920B93FC
:10708000D5F81890214678486A61AB61E2F71CFB9D
:1070900001287FF44BAF152EC5E905A97FF446AF53
:1070A000B5F92E30002B3FF441AFB5F92C30002B51
:1070B0003FF43CAFEB8E002B3FF438AF2046E2F7B5
:1070C0008BFC0446B5F9180005F1320C0490B5F9B3
:1070D0001A00B5F91460B5F93030B5F92E20B5F9BC
:1070E00016A0B5F92C10CDF804C00690E88E1FFA52
:1070F0008AFA009010A8DBF76DFAB3B2BDF84460CD
:10710000BDF840200136B61AB2B2BDF846900592DD
:10711000BDF8422009F10109A9EB020995F83920CF
:107120001FFA89F902F00302012A00F04082BDF83B
:107130002810BDF82C20521A1A4492B2BDF82A1019
:107140000492BDF82E20521A524492B2164695F877
:10715000382012F0020100F06D8102F00302022AD1
:1071600005F1140600F049820023324620461946F4
:10717000D7F726FFDAE62046E2F7C8FA96F8393064
:10718000044603F00303012BF16A00F0258101603E
:1071900019B0BDE8F08F90F8383003F00303022BEC
:1071A00000F0148119B0BDE8F04FCFF709BB2046BD
:1071B000E2F7ACFA338E054623B9F38EB3F5807F40
:1071C0003FF4B4AE3046CFF725FE80463046CFF7C9
:1071D00027FE074606F13202B6F930300192F28EF0
:1071E0004146009210A83A46DBF7F4F9BDF9403069
:1071F000B5F900205B429342B8BF13461BB22B8007
:10720000BDF9424064429C42B8BF1C4624B22C8067
:10721000BDF94430A3EB0803A342B8BF23461BB219
:107220002B80BDF94620D21B9A42B8BF1A462A804D
:1072300019B0BDE8F08F2046E2F768FA0446304600
:10724000B6F92C50CFF7E6FD854275D0304610A92F
:10725000D1F7B2FD0022216810A8DDF7B7FC20713C
:1072600019B0BDE8F08F00BF0C4004102046E2F7D3
:107270004DFA03780646022B3FF458AE95F83830A5
:107280009A074DD403F07C03102B01D0042B47D177
:10729000462200212846D4F763F9C3B2FF2B3FD121
:1072A0002F8E002F3CD12046E2F730FAEB8E80463D
:1072B000B3F5807F00F0B5802846CFF7ABFD0446DC
:1072C0002846CFF7ADFD05F132030193EB8E024660
:1072D0002146009310A83B46DBF77CF9BC46AC8AFC
:1072E000EB8ABDF840503A46254465F30F0CBDF8D3
:1072F000445040462C4464F30F07BDF8424010A9A7
:107300001C4464F31F4CBDF84640CDF840C02344F4
:1073100063F31F471197DDF755FD00287FF406AE94
:107320000123337002E628460AA9CFF7C9FCDDE93C
:107330000A23D5F814A0A3E63046B6F92E50CFF7AD
:107340006FFD854282D1F38EB3F5807F0AD1338EF3
:1073500043B9B6F92C30B6F9322003EBD373B2EB54
:10736000630F54D03046CFF755FD05463046CFF772
:1073700057FD024606F13200B6F930300190F08E2A
:107380002946009010A8DBF725F900210F46B58AA1
:10739000F38ABDF840600A462E4466F30F01BDF83B
:1073A000446010A8354465F30F07BDF842501D44F2
:1073B00065F31F411091BDF846100B4463F31F475E
:1073C00021681197DDF702FC2071AFE5416A19B021
:1073D000BDE8F04FFFF7BCBC06F13202B6F9303021
:1073E0000192F28E10A800920A1409B2DBF7F2F8AB
:1073F000BDF84420BDF84630BDF84000BDF842104D
:1074000001320133121A5B1A228063808EE5B6F9CD
:107410002E30B6F9342003EBD373B2EB630FA1D156
:1074200014E73A4605F11401DDF7CCFC00287FF49F
:107430007DAD75E7CDE90613029A039B3A441F44DC
:10744000BFB293B210A802930397D7F7A7FD2846BF
:10745000069910AACFF72CF8EA8E9DF85410ADF8D3
:1074600042202A8E029BADF84020D5F8322011929E
:1074700095F83820D20962F30001BDF828208DF874
:1074800054105A44ADF83020BDF82A204244ADF8DB
:107490003220BDF82C20D21AADF83420BDF82E20B1
:1074A000A368D21B0CAFADF8362019463A463846D1
:1074B0000693DDF74FFA00283FF438ADB5F92E00FA
:1074C000B5F92A2008EB0A0C92FBF0F1B5F928A0D7
:1074D000B5F92CE000FB11229AFBFEF112FA8CF2B6
:1074E000A7600FFA8CFC17B2BC450EFB11AE079BD0
:1074F00080B292B202DA171ABAB23FB203990138D7
:10750000A6EB010C0FFA8CFC0244BC45ADF83E2002
:10751000ADF83A7045DD0BEB03071EFA87F1049BCB
:10752000029A1FFA81FBA3EB02085B46E346059E25
:107530003FB20FFA88F80FFA81FA5745A98DADF8D6
:1075400038A031DA5A1A10B2ADF8380092B20139C7
:107550000A448045ADF83C2060DD02971F466B6A07
:107560000EAA204610A9D7F72BFDBDF83830BDF87C
:107570003C2033441BB232449845ADF83830ADF866
:107580003C20ECDCBDF83A20BDF83E104A4412B273
:1075900049445A453B46ADF83A20029FADF83E10AB
:1075A000CBDB069BA360C1E41A465046CFE7BDF98A
:1075B0001400B5F92C10B5F92E20091A013101EB90
:1075C000D17104984910494213FA81F310FA81F1FC
:1075D00089B204910FFA89F1521A013202EBD27288
:1075E0000698521052421AFA82F110FA82F292B2BE
:1075F00016469BB21FFA81FAA9E510A8D7F798FEA4
:10760000284610AA0021CEF7FBFE00230093324645
:1076100020466B6A10A9D7F7A3FE87E4DC46BDF8C5
:107620003A304B441BB26345FBDBBAE70185D0F728
:107630003FB900BF4185D0F73BB900BF2DE9F0410C
:10764000B1F5616F0C46054684B039DB8CB2A4F508
:1076500061639BB2B3F5616F6AD3A4F5E1539BB24A
:10766000B3F5616F64D3A4F52853303B9BB2B3F5F7
:10767000616F5DD3A4F561539BB2B3F5616F57D3CE
:10768000A4F58C43503B9BB2B3F5616F50D3A4F586
:10769000A843603B9BB2B3F5616F49D3A4F5C443E3
:1076A000703B9BB2B3F5616F42D3A4F5E1439BB24B
:1076B000B3F5616F3CD3A4F5FD44103C24B238E02F
:1076C000002936DA8BB203F5616424B2002C30DA7B
:1076D00003F5E15424B2002C2BDA03F5285430349E
:1076E00024B2002C25DA03F5615424B2002C20DAF0
:1076F00003F58C44503424B2002C1ADA03F5A84464
:10770000603424B2002C14DA03F5C444703424B27B
:10771000002C0EDA03F5E14424B2002C09DA03F55B
:10772000FD44103424B2002C03DAA3F5E643603B99
:107730001CB22B8E9C426DD02846D1F7A3FA284666
:10774000CFF768FB06462846CFF76AFB074605F1E8
:107750003208CDF80480EB8E31460093B5F9303015
:107760003A4602A8DAF736FF00221146AB8ABDF886
:107770000800184460F30F02BDF80C00034463F3E3
:107780000F01BDF80A00EB8A184460F31F42029211
:10779000BDF80E202846134463F31F41039102A94C
:1077A000D0F768F82C862846D5F790FF04460021CC
:1077B000E1F772FE2846CFF703F820460121E1F7F2
:1077C0006BFECDF80480EB8E31460093B5F9303076
:1077D0003A4602A8DAF7FEFE0022AC8AEB8A284677
:1077E0001546BDF8086002A9264466F30F02BDF8ED
:1077F0000C60344464F30F05BDF80A401C4464F384
:107800001F420292BDF80E20134463F31F450395F7
:10781000D0F730F804B0BDE8F08100BF2DE9F043A7
:10782000B0F9323004468B420D46904685B003D104
:10783000B0F9343093426FD02046D1F723FA204676
:10784000CFF7E8FA06462046CFF7EAFA0746E38E76
:1078500004F132090093CDF804903146B4F9303088
:107860003A4602A8DAF7B6FE00221146A38ABDF80E
:107870000800184460F30F02BDF80C00034463F3E2
:107880000F01BDF80A00E38A184460F31F42029218
:10789000BDF80E202046134463F31F41039102A953
:1078A000CFF7E8FF65862046A4F83480D5F70EFFB1
:1078B00005460021E1F7F0FD2046CEF781FF28467E
:1078C0000121E1F7E9FDCDF80490E38E3146009304
:1078D000B4F930303A4602A8DAF77CFE0022A58AD5
:1078E000E38A20461446BDF8086002A92E4466F3D8
:1078F0000F02BDF80C60354465F30F04BDF80A5063
:107900001D4465F31F420292BDF80E20134463F339
:107910001F440394CFF7AEFF05B0BDE8F08300BF6E
:10792000C38E8B4200F081802DE9F041044684B083
:107930000D46D1F7A7F92046CFF76CFA0646204648
:10794000CFF76EFA804604F132070197E38E314695
:107950001B0A00934246B4F9303002A8DAF73AFE27
:1079600000221046BDF80830BDF80CC0A18A013BCA
:107970000B440CF1010C614463F30F02BDF80EC01F
:10798000BDF80A3061F30F00E18A0CF1010C013BF4
:107990000B44614463F31F4261F31F40CDE90220B1
:1079A00002A92046CFF766FF012D38BF01252046EA
:1079B000E586D5F78BFE05460021E1F76DFD2046F3
:1079C000CEF7FEFE28460121E1F766FD0197E38E22
:1079D000424600933146B4F9303002A8DAF7FAFD96
:1079E00000221646BDF80830A08A013B034463F329
:1079F0000F02BDF80C30BDF80E7001331844BDF80D
:107A00000A30E58A0137013B2B4460F30F063D4401
:107A100063F31F42204602A965F31F46CDE9022603
:107A2000CFF728FF04B0BDE8F081704790F8382008
:107A3000B1EBD21F05D061F3C71280F83820CFF721
:107A400037BF704790F8392002F0030C8C4505D001
:107A500061F3010280F83920CFF72ABF704700BFD9
:107A6000406A7047B0F92800704700BFB0F92A009B
:107A7000704700BF008E7047D0F832300B607047FF
:107A8000C08E704790F83800C009704790F83900F0
:107A900000F00300704700BF91F8483010B55A0657
:107AA0000C4603D5886A08B1DEF780FD002294F801
:107AB0004830A26223F0400384F848301B0702D507
:107AC0000023636210BD606ADEF770FD002363620D
:107AD00010BD00BFA0F84610CFF7EABEA0F84410D2
:107AE000CFF7E6BEC16A4B1C38D070B504461C4BBC
:107AF000406A1B680339984794F848305A06636A0D
:107B000048BFA66A03EB00021B5C58BF04F12806BD
:107B100073B100239C4616F80C1001331170626A91
:107B2000DBB2C118555C9C460A44002DF3D11E44BB
:107B30003378137094F848305B0603D5A06A08B117
:107B4000DEF734FD00214FF0FF3294F84830C4E9ED
:107B50000A1223F0400384F8483070BD704700BF1C
:107B60005C0E00202DE9F04F0D46B5F9003091B0C4
:107B70001222002104460893D3F7F2FC10220021C0
:107B8000099020466D88D3F7EBFC2D1A2BB22046C6
:107B90000EA90493CFF786F9BDF83C30BDF8380044
:107BA00001331B1A1BB25722002120460593676A36
:107BB000D3F7D6FC5922002183462046D3F7D0FCC8
:107BC0005822002105462046D3F7CAFC94F84830D5
:107BD00002B2C3F30019039206909A064FF0000117
:107BE0004FF00102204648BF49F00209BBF908A046
:107BF000D3F7B6FC42F2D17300B2984205D194F8A3
:107C000023301B0758BF49F0040900212046626A4F
:107C1000D4F772FE39780790002900F0EA800AEB69
:107C2000050300253E462C46984604E03B5D2DB2F8
:107C30003E19002B74D000205946059B039A0090F2
:107C4000CDF804903046E0F783FE049905EB0A0373
:107C50008B42224645440444E8DB6F4B38461B68A0
:107C60000D940DA9904698470A2803D03B5D002B40
:107C700000F0A980079B022B56D0032B00F0A580B3
:107C8000002500238DF82B300B93002C3AD044456F
:107C900040F2AD80DDE9082119F00109A2EB0102F3
:107CA0000FFA82FA5AD10DAB05930BAB03930CABD1
:107CB000CDF81CB00493DDF818B00BE00B9B08EB7B
:107CC000030294421BD011F80810C1B1944240F253
:107CD0008E809946DDE90412039B3046E1F78CF86B
:107CE000DDE90C120798DBF729FA00EB0B0305FA24
:107CF00080F02B44824507EB09011DB2DEDA4C46C9
:107D0000CDF82C90454D21462B683046984741468A
:107D100004462B6838469847204411B0BDE8F08FE0
:107D2000079BA046022BA8D1A4EB08015A46039B4F
:107D30003046CDF80090E0F739FEBDF83C30BDF894
:107D4000382001339B1A00EBD070C3F3C0324010CF
:107D500002FA83F3C0EB63052DB292E799460DABAF
:107D600005930BAB03930CAB04931AE0DDE90C1203
:107D70005846DBF7E3F9069B07EB0901EB1805FA18
:107D800080F5AA451844BADB0B9B05B203EB080249
:107D9000A242B4D011F808100029B0D099469442FC
:107DA00025D9DDE904123046039BE1F725F80B9B4A
:107DB0000DF12B00F15CE0F72DFF0028D6D00B9BD6
:107DC00008EB0302EBE7013454E7A4EB0801039B43
:107DD0005A463046CDF80090E0F7E8FDBDF83C503B
:107DE000BDF838300135ED1A2D1A2DB249E71C4681
:107DF00088E7022808D003280AD00C463E46884669
:107E00008DF82B100B917DE73E4688460C468DE79A
:107E10003E4688460C46DAE7680E0020640E0020D5
:107E20004FF0FF332DE9F04F04469DB008A90363DE
:107E3000CFF738F8BDF82450BDF820305722002184
:107E400020460135ED1AD3F78BFB59220021064657
:107E50002046D3F785FB5822002180462046D3F7E1
:107E60007FFB94F8483000219A06C3F3001A4FF0C4
:107E7000010207B2204648BF4AF0020AD3F770FB5E
:107E800042F2D17300B298422DB20FFA88F905D1AF
:107E900094F823301B0758BF4AF0040ACDE9015A71
:107EA000CDF80090616A3B46324606A8E0F720FE16
:107EB0002046CFF747F894F8481001F0070102294F
:107EC00029D0032900F0DD80012905D02046CFF715
:107ED000EFFC1DB0BDE8F08FBDF82630BDF82220C4
:107EE00001339B1ABDF91A201BB29A420ADDB6F97A
:107EF0000830934206DAAC4B606A1B689847032847
:107F000000F25A814FF0FF332046E362CFF7D0FCF6
:107F10001DB0BDE8F08F662200212046D3F720FB7C
:107F200087B2002F00F0A0800AAD2846DCF7F6F9F2
:107F30004FF496734FF6FF7217931993BDF82430E0
:107F4000BDF820100133ADF868205B1ABDF9182088
:107F50001BB29A420A943EDD9B1A1493002200231E
:107F600092492046CDE912230B91DCF72BFBDDE98A
:107F700014231299002800F0C881066B9E4214DA7F
:107F800090F842009DF86A30169623F001038607A8
:107F90008DF86A3009D508461292149111460246AE
:107FA000DBB243F002038DF86A303846DCF74CFB55
:107FB0000346284615931893DCF79CFA7C49204623
:107FC000DCF7ECF900232046A4F84630CFF770FC2C
:107FD0001DB0BDE8F08F4FF0000820467349DCF774
:107FE000DDF9BDF82630BDF8222001339B1ABDF91A
:107FF0001A201BB29A42A4F84480DFDD9B1AB6F91E
:1080000008206B499B1A1493002200232046CDE9D7
:1080100012230B91DCF7D6FADDE91423129900281C
:1080200000F06881066BB34214DD90F842009DF8C1
:108030006A30800768F3000316968DF86A3009D518
:1080400008461292149111460246DBB243F0020335
:108050008DF86A303846DCF7F7FA03462846159360
:108060001893DCF747FA31E72046D5F72FFBDBF70B
:108070001FFFA7F1AA3787FB0037A7EBE077BFB256
:1080800052E7642200212046D3F76AFA66220021D3
:1080900080462046D3F764FA87B2002F78D00AAD25
:1080A0002846DCF73BF94FF6FF73ADF86830BDF8B2
:1080B0002430BDF8202001339B1ABDF918201BB2D3
:1080C0009A420A942CDD202230461146DBF736F81E
:1080D00002464FF0000A4FF0000BBDF91830334E46
:1080E000A2EB82020021D21A3846CDE912AB0B96E0
:1080F0001492DCF7A9FA314615902046DCF762FAB3
:1081000000B1006BB8F1000F00F00A81D8F8302000
:10811000D8F83C30169219932846DCF7EBF94DE776
:1081200022492046DCF73AF90021BDF82630BDF897
:1081300022200133BDF91A009B1A1BB29842A4F801
:1081400044107FF73BAF4FF0000A4FF0000BB6F939
:1081500008304242164ED21A3846CDE912AB14927C
:108160000B96DCF771FA314615902046DCF72AFAB7
:1081700000B1006BB8F1000F00F0DE80D8F83020BD
:10818000D8F83C30169219932846DCF7B3F99DE6EF
:108190002046D5F79BFADBF78BFE064B83FB0037B7
:1081A000A7EBE077BFB27AE7600E0020DD7A03101C
:1081B000D57A0310565555552E22BDF82450BDF8DA
:1081C0002030114630460135ED1ADAF7B7FFBDF819
:1081D0002620BDF82230B6F908600132D21AB14427
:1081E00013B2C11993FBF9F009FB1033C1EB8130D5
:1081F00001EB8001ADB20D4419B28E4292B2D4BFF0
:10820000B618A2EB08029BB2D4BFF31AD31A9BB2E2
:1082100007A92046ADF81E30ADF81C50FFF7A2FCB0
:10822000656A8046284606F0D7FC654B8246414683
:1082300028461B68984700F10309CA4506460A907C
:1082400028BF0AAD0CD25F4F0AAD29463B68606A71
:1082500098470A9E08F1FF3806F10309CA45F4D38E
:108260000423CDF81480304600279846564ADFF89C
:108270005CB1636A1844136898473844C7B229460A
:10828000606ADBF800309847032F6CD80A98824563
:1082900003D3B8F101084C4AEBD194F84830656A31
:1082A00013F04002DDF81480354451D0A06A002854
:1082B00054D0DEF77BF90023A36294F8483023F012
:1082C000400384F848303A46294604F12800DEF796
:1082D0005BFB2E220020636A08F103019A55636A52
:1082E00033445A70636A33449A70636A03F809002E
:1082F000E162EBE543457FF7ADAE9DF86A3016903D
:1083000060F300038DF86A30A4E6002B7FF74DAED2
:108310009DF86A30169060F300038DF86A3044E6E9
:10832000159B83427FF7F8AE9DF86A30169068F38C
:1083300000038DF86A30EFE6159B83427FF724AF88
:108340009DF86A30169068F300038DF86A301BE7D9
:1083500062F38613A26284F84830B4E760F38613B0
:1083600084F84830AFE794F84830656A5B06DDF87A
:108370001480354403D5A06A08B1DEF717F94FF031
:10838000000A94F84830042F23F0400384F8483062
:10839000C4F828A097D0781CDEF7F0F8A062002877
:1083A0003FF494AD29463A46DEF7EEFAA36A03F8A5
:1083B00007A094F8483043F0400384F8483088E739
:1083C0005C0E0020680E0020540E0020580E002085
:1083D0002DE9F043CD4893B00D46E1F775F901283A
:1083E00002D013B0BDE8F0832846E1F78BF90446CC
:1083F0002846E1F783F9A4F113030446192BF0D8BA
:1084000001A252F823F000BFBB850310E3830310E1
:1084100091840310E3830310E3830310E3830310C9
:10842000E3830310E3830310E3830310E383031068
:10843000E3830310E3830310E3830310E383031058
:10844000E3830310E3830310E3830310E383031048
:10845000E3830310E3830310E3830310E383031038
:108460007184031071840310E3830310DB85031010
:1084700090F8483003F00703012B01D1FFF732FBDE
:10848000636A002BADD0204613B0BDE8F043C7E4CB
:108490002846E1F733F904462846E1F79DFA06A994
:1084A00005462046CEF7FEFC94F8483000219A0697
:1084B000C3F300164FF00102204648BF46F0020603
:1084C000D3F74EF842F2D17300B2984200F0D68052
:1084D0000AA8D6F72DFF636C002120460AAACDF822
:1084E0003E308DF84560CDF78BFF9DF8443013B9D1
:1084F00001238DF844304FF6FF72E36B216C9342F9
:108500000B930C9117D0914215D055224FF4802136
:108510002046D3F725F84FF4802102462046D4F7B1
:1085200059F82022ADF836004FF480212046D3F7C9
:1085300017F8ADF8380094F8483003F00602022A24
:1085400000F0A38008AF03F00703032B00F0938033
:10855000BDF81E30BDF81A2001339B1A1BB2B3F5CB
:10856000806FC0F2888004F130083846AA6806A9F6
:10857000DCF7F0F900283FF434AF94F8483013F0FA
:10858000070900F0B38003F00602022A636A00F0D4
:10859000A2802846CDF8008006AA0AA9D6F7E0FEF8
:1085A000D5F8089094F84830AF6003F00703032B28
:1085B00000F0AE80C5F8089013E757220021D2F7EB
:1085C000CFFFB0F9081028460029B8BF0331891041
:1085D00013B0BDE8F043E1F71DBA57220021D2F7EE
:1085E000BFFF5822002107462046D2F7B9FF592283
:1085F00000210FFA80F82046D2F7B2FF94F84830F5
:1086000006B2C3F300199806204648BF49F0020994
:10861000CEF70CFC012200212046D2F7A1FF42F246
:10862000D17300B2984222D194F8233019071ED496
:1086300041F6FF70616A43463A46CDE9010900966A
:108640000AA8E0F755FA2846E1F760F8BDF92820B6
:10865000B0F90040BDF92A30B0F90210A242B8BF0B
:1086600022468B42B8BF0B4602804380B9E62046C3
:10867000CEF7DCFBDEE74FF0000876E794F8233016
:108680001B0758BF46F0040622E79DF84420023A33
:10869000012A3FF657AF41F6FF73616ACDE9013613
:1086A000BDF93A3008AF0A9A00933846BDF93C301C
:1086B000E0F71EFABDF81C30BDF8182001339B1AF4
:1086C000BDF920201BB29A42C4BF01238DF844306B
:1086D00094F8483037E7D5F808902846AF6006AAE6
:1086E000CDF800800AA9D6F73BFE5BE72046D0F71D
:1086F000D7FD4242494612B206A8DCF70FF9638B58
:10870000ADF81E3094F848303DE700BF2840041013
:1087100041F6FF73616ACDE90136BDF93A300A9A34
:10872000009305A8BDF93C30E0F7E2F9BDF81C3034
:10873000BDF818200133BDF914109B1A1BB29942E1
:1087400020DCBDF81E30BDF81A200133BDF916003B
:108750009B1A1BB298427FF72DAF0A9B06AA1B8972
:108760000AA91844B4F846301844636AB4F844407F
:10877000ADF84000CDF800802846ADF83E40D6F771
:10878000EFFD17E72022B4F844300A9819448EB25E
:108790001146DAF7D3FCB4F8462000EB4000636AD8
:1087A0000644ADF840202846CDF8008006AA0AA964
:1087B000ADF83E60D6F7D4FDC3E700BF014610B563
:1087C0000348CDF78DFB0446CDF7FEFB204610BDD8
:1087D00028400410F8B504460D46CFF769F8666ADC
:1087E00025B3AE4222D046B194F8483013F00807C2
:1087F00003D13046DDF7DAFE6762284606F0ECF971
:108800000130DDF7BBFE606278B1294606F010F951
:1088100094F84830626A23F0080384F848305AB16B
:108820002046BDE8F840FFF7FBBAFEE794F8483071
:108830001B0702D53546E0E7F8BD304606F0CCF917
:10884000014630460131DDF7C7FE08B16062E7E757
:10885000FEE700BF38B50C4600254FF6FF724FF01B
:10886000FF3094F84830C4E90E5223F05F0384F8D7
:10887000483022640221C4E90A50C4E90C0565624B
:1088800020466564CDF726FA15492046DBF786FDBC
:1088900020461449DBF782FD94F84830656465F39F
:1088A000451303F00702012A84F8483010D094F8E9
:1088B0004830626A23F0070384F8483012B120463A
:1088C000FFF7AEFA2046BDE838400749FFF782BF00
:1088D000E36A0133EBD02046FFF704F9E7E700BF76
:1088E000DD7A0310D57A0310D4F603100EB470B5F8
:1088F00083B0079DF5B10446CEF7DAFF606A20B178
:1089000094F8483013F0080615D008A928460191BC
:10891000E0F752FA94F84830606223F0080384F8D4
:10892000483010B12046FFF77BFA03B0BDE8704035
:1089300003B07047FEE7DDF739FE6662E5E700BF8A
:1089400090F8483070B513F0080604460D4611D172
:10895000406A10B1DDF72AFE666285B194F84830AE
:10896000656243F0080384F848302046BDE8704053
:10897000FFF756BA0029F1D1436A002BF5D170BD3B
:1089800038B504460D461649DBF708FD1549204663
:10899000DBF704FDAA1E022A8CBF0022012200215F
:1089A00094F84830616462F3451303F00702012A2A
:1089B00084F848300CD094F84830626A65F30203BA
:1089C00084F848305AB12046BDE83840FFF728BA4D
:1089D000E36A0133EFD02046FFF784F8EBE738BDB8
:1089E000DD7A0310D57A031090F84820C2F3001CFA
:1089F0008C450DD010B4446A61F3041280F848200D
:108A00001CB15DF8044BFFF70BBA5DF8044B7047DF
:108A1000704700BFC163CEF74BBF00BF0164CEF704
:108A200047BF00BF406A704790F8480000F0070059
:108A3000704700BF90F84800C0F30010704700BFB7
:108A40002DE9F04F8FB00491C2B1456A92460021E2
:108A50002A460446D3F750FF2B7805907BB90228AD
:108A6000AAF8023000F0BB80032800F099800128AA
:108A700001D1AAF800300FB0BDE8F08FFEE7204624
:108A80000CA9CEF70FFABDF83480BDF8303008F1EC
:108A90000108A8EB03080FFA88F3572200212046AB
:108AA0000993D2F75DFD5922002106460690204623
:108AB000D2F756FD5822002107902046D2F750FDEC
:108AC000B6F9082094F84830089202B2C3F30019AE
:108AD00003920A909A064FF000014FF001022046DF
:108AE00048BF49F00209D2F73BFD42F2D17203B20E
:108AF00093424ED0564B28461B68049998472E78CF
:108B00008346002E00F0A080DDE9072300264C46B6
:108B1000CDF82CA028463746DDF81890DDF824A0C3
:108B200003EB020804E0E95CE81871B11F4616B2D5
:108B30000022534600924946039A0194DFF708FF4A
:108B4000C3199B4508EB0602EDD2A1461C46DDF891
:108B50002CA0BBF1000F29D105EB07087942039B3C
:108B60004046069ACDF80090DFF720FF049B0546AB
:108B70009F4202D00A9B03441DB2059B022B35D0B5
:108B8000032B4ED0AAF80050AAF802600FB0BDE83F
:108B9000F08F94F823301B0758BF49F00409A9E768
:108BA0002046CEF743F9AAF8000064E705EB0B086E
:108BB00018F8013C0A2B06D00D2B04D005EB070852
:108BC000ABEB0701CBE715F80B20002AF6D1DDE966
:108BD00007130B4433445F4611461EB2BFE72046DD
:108BE000CEF724F900EBD070431042E7039B069ABE
:108BF000E11B4046CDF80090DFF7D8FEBDF83430D9
:108C0000BDF830105A1C521A00EBD070C2F3C031BC
:108C100040F34F0301FA82F2C3EB62032B441DB20F
:108C2000B0E7039B069A4046CDF80090E11BDFF7C2
:108C3000BDFEBDF83430BDF8302001339B1A1BB2A5
:108C40001B1A2B441DB29DE73746344681E700BF0F
:108C50005C0E002009B1FEF785BFFEE7002900F099
:108C6000B7802DE9F04F04468FB00F460CA9CEF720
:108C700019F9BDF83430BDF8300001331B1A1BB2AE
:108C80005722002120460593666AD2F769FC5922D3
:108C9000002182462046D2F763FC58220021054677
:108CA0002046D2F75DFC034600211BB2626A0690A3
:108CB00020460493BAF908B0D3F71EFE94F8483062
:108CC00007909906C3F3001248BF42F002030392D3
:108CD0004FF000014FF00102204648BF0393D2F746
:108CE0003FFC42F2D17203B2934200F0AA80307886
:108CF000002800F0F1800BEB05030025B1462C465F
:108D0000984604E0305D06EB040900287CD0DDE9DC
:108D10000423039948460191002100915146DFF751
:108D200017FE08EB050205EB0B0315B2B7F902209D
:108D300021469A420444E5DC8846079B022B67D013
:108D4000032B00F0AB8000250022CDF82480CDE974
:108D50000A228DF82320002C3BD0013C4445C0F072
:108D6000BF80039B0DF12C0B13F0010F09AB039394
:108D70000DF128096FD02346CDF814A04446924641
:108D8000984615E0DDE90A120598DAF7D7F9B7F940
:108D90000020284403B29A4280B2C0F29980069B18
:108DA000099C18442346AA4605B29845C0F087801E
:108DB00049463046039B5A46E0F71EF8099B0DF1E1
:108DC0002300F15CDFF726FF0028DBD0099BECE7EE
:108DD000FEE72246254621465046DAF7AFF90499C8
:108DE000B7F900206B1A9A420ADB0B4603440133A1
:108DF0002B449A42CCBF002001200FB0BDE8F08F79
:108E000000200FB0BDE8F08F079BA046022B97D142
:108E1000039B0146524600934846049BDFF7C6FD7C
:108E2000BDF83430BDF8302001339B1A00EBD07010
:108E3000C3F3C032401002FA83F3C0EB63052DB2D6
:108E400082E794F823301B073FF551AF039B43F0B3
:108E5000040303934BE723464446984603E0099CEA
:108E6000A04533D30546039B5A4649463046DFF7B3
:108E7000C3FFDDE90A125046DAF760F9B7F90020BE
:108E8000284403B29A42069B80B2184400B2E6DA44
:108E9000A046DDE90A42CDF824809CE7039B014609
:108EA000524600934846049BDFF780FDBDF83430FE
:108EB000BDF8302001339B1A1B1A1DB244E75246FD
:108EC000DDF814A01546DDE90A4284E72A46F9E7F1
:108ED000A046DDF814A0DCE7B146804604462CE746
:108EE0001546144677E700BFC06B7047006C7047AB
:108EF00042B190F848302DE9F0411B07044602D5F5
:108F0000BDE8F081FEE715460F46CEF7D1FCD4F858
:108F10002480404605F060FE0646284605F05CFECB
:108F20000644711C4046DDF757FB0346606270B192
:108F30004FF6FF7297420BD039462A461846DFF7A4
:108F400085FE2046BDE8F0410021FFF743BCFEE767
:108F5000024B1B689847636A0746EDE7600E0020E6
:108F600090F848301B0700D5704770B504460D4691
:108F70001646CEF79DFC32462946606ADFF7C6FEEC
:108F8000636A23B12046BDE87040FEF749BF70BD5B
:108F90000846002390F82A20022163F3000203858B
:108FA000436280F82A20CCF795BE00BF2DE9F04738
:108FB000664888B00C46E0F787FB012802D008B06D
:108FC000BDE8F0872046E0F79DFB06462046E0F727
:108FD00095FB132E054600F0A6802C2E76D0152E7C
:108FE000EDD12046E0F7F8FC2B8D8146002BE6D032
:108FF0006B6A002BE3D003A92846CDF761FE284613
:10900000BDF80C60D0F73CF903462846F61ABDF8C7
:109010000E80D0F73DF9A8EB00082846CDF700FFF9
:10902000044605A8D6F736FF0021284605AACDF745
:109030009DFA2B8DB6B2012B1FFA88F8BFD908EB29
:10904000040087B2002416E0ADF8061053884846A5
:109050004344ADF80A3001AA02AB05A9D6F726FFB2
:109060009DF81D3001346AF382038DF81D302B8D7D
:10907000013BA342A3DD6B6AA20033F82410043243
:109080003144ADF80410995A95F82AA01A4403EB1C
:1090900084035B8831441AF0010AADF8081008EB2C
:1090A0000301A7EB0303CFD0ADF806305388484641
:1090B000FB1AADF80A3001AA02AB05A9D6F7F6FEF5
:1090C0009DF81D30013423F00403CEE7038D002BFF
:1090D0003FF475AF436A002B3FF471AF2046E0F7D1
:1090E00015FB2C8D074674B300210A466B6A03EB0F
:1090F0008406B3F90000B3F902408242B8BF0246C9
:109100000433A142B8BF2146B342F2D194B28EB229
:10911000492228460021D2F723FA80B202193044AE
:109120003A8078804BE749220021D2F719FA0346AA
:1091300020461CB2E0F7EAFAB0F90030A342BFF6CD
:109140003EAF04803BE72646E2E700BF4440041000
:10915000014610B50348CCF7C3FE0446CCF734FFF4
:10916000204610BD4440041010B5044641620285FB
:10917000CDF7E8FE2046BDE81040CEF799BB00BF12
:1091800090F82A2002F0010C8C4505D061F3000212
:1091900080F82A20CEF78CBB704700BF90F82A00D9
:1091A00000F00100704700BF09B2CDF715BC00BF49
:1091B000F0B5572283B00E4600210746D2F7D0F90A
:1091C000572204464FF480213846D2F7C9F9B4F942
:1091D00008505922B0F9084000213846D2F7C0F9AA
:1091E000631903EBD37300EB63043846FD8ACDF7B4
:1091F00017FE0246A4B2E30B03FA84F302EBD27229
:10920000A5EB630303EB62039BB21C4473803846F7
:109210006946F480CDF754FDBDF80020BDF8043058
:109220003280B38003B0F0BDF8B5858C214BB0F827
:1092300026C0A3FB0563ED1A03EB5503C3F38F03AD
:10924000BCFBF3F603FB16CC03EB4305ADB2AC4419
:109250001FFA8CFCBCFBF3F6A0F826C003FB16CC6F
:1092600065445722002105850446D2F779F9592231
:10927000002105462046D2F773F907462046B5F986
:109280000850CDF7F1FD0646002120463FB22F449D
:10929000D4F746FA05EBD575E18C6D1011FB07513B
:1092A00006EBD676C1EB660109B2BDE8F840CDF712
:1092B00093BB00BF2549922408B50068D4F72CFA67
:1092C00090F82A30DB0700D408BDBDE80840ABE7C2
:1092D0002DE9F04F0F4693B000210446D4F720FA51
:1092E000002867D00546FFF79DFB0021024628466F
:1092F000D3F702FB022872D0032863D001285CD088
:10930000572200212046D2F72BF959220021064688
:109310002046D2F725F90FFA80F82046B6F90890D2
:10932000CDF7A2FD6522064600212046D2F718F9A6
:10933000C84409EBD97306EBD6761FFA88F9824642
:10934000C6F34F06C3F34F081FFA80FB17B1BBF1FA
:10935000000F13D194F82A30DB0750D4E48C14FBAF
:109360000984341B24B228462C49DBF717F8214620
:10937000284613B0BDE8F04FCDF72EBBE48C14FBAC
:109380000984341B24B26846DAF7C8FF234B284609
:1093900001930095CDF7E4FC214B224A0793034645
:1093A0001FFA8AF16846CDE90A41CDE908330392F4
:1093B000DBF7A0F813B0BDE8F08F00212846CDF709
:1093C000F3FA9DE72046CDF731FD06462846CDF756
:1093D00021FD311A09B22846CDF7E6FA90E720467A
:1093E000CDF724FD06462846CDF714FD311A01EBD2
:1093F000D171284641F34F01CDF7D6FA80E72046D8
:10940000FFF712FFE48C14FB0984341B24B2002FF5
:10941000A9D0BBF1000FA6D0B5E700BFA9910310FA
:10942000A5460110B992031070B50C46002594F8BA
:109430002A30102123F0010384F82A302046656287
:109440002585CCF747FC4FF400712046CCF742FC51
:1094500021461848CCF744FDCCF7B6FD29462046F6
:10946000D4F75EF94F232A4606461349C4F826501E
:109470000A2B16D011F8013F002BF9D194F82A30AD
:10948000013223F00103304684F82A30A2840A49CD
:10949000FFF7A0F9E38C30462385BDE87040CDF797
:1094A0008FB9013211F8013F92B2A284002BDFD1B3
:1094B000E4E700BF60400410DCF603102DE9F04142
:1094C000084692B00C46E0F71DF9152818D005465D
:1094D00021466148E0F7F8F8012802D012B0BDE853
:1094E000F0812046E0F70AF9132D06465CD0292DBD
:1094F000F4D1D4F711F9002112B0BDE8F041E7E64C
:109500002046E0F7FBF82046E0F7F8F80546D4F7E8
:1095100003F906460AA8D5F70BFF304600210AAA30
:10952000CCF76EFF2846FFF785FA28B19DF8453045
:1095300043F001038DF845302046E0F74DFA04462C
:10954000A76804A8394606F11402DBF703FA0028DD
:10955000C4D004AB3046A36006A9FFF729FE6B69AF
:1095600008AA08932B8B1046ADF82430BDF81A30AA
:10957000A168ADF82630DBF7EDF905F11408A6680F
:1095800000284CD1AB8A08AAADF82030BDF81E30B7
:109590003146ADF82230AB6910460993DBF7DAF9B2
:1095A00000284BD1A76099E72046E0F7AFF80546C1
:1095B0003046D4F7B1F800210746D4F7B1F8044695
:1095C00000B357224FF480213846D1F7C9FF034634
:1095D00058224FF4802138461F46D1F7C1FF034679
:1095E00020461CB2FFF71EFA41F6FF730146002029
:1095F00001930290234600903A460AA8DFF778FAD2
:10960000BDF928403046CDF705FCB5F90030241AE5
:109610009C42B8BF1C462C8012B0BDE8F08108AB5C
:10962000A3602846FFF7FEF9002203460092204679
:1096300042460AA9D5F794FEA660A3E708ABA3604B
:109640002846FFF7EFF900220346009220464246E3
:109650000AA9D5F785FEA5E7604004102DE9F04F73
:10966000BF489BB00D46E0F72FF8012802D01BB091
:10967000BDE8F08F2846E0F745F804462846E0F7B5
:109680003DF8631E04462B2BF1D801A252F823F0BB
:10969000FD99031021990310D19803106F960310C0
:1096A0006F9603106F9603106F960310D1980310F6
:1096B0006F9603106F9603106F9603106F9603104A
:1096C000659903101B9A0310399A03106F960310C3
:1096D0006F9603106F960310499A03106F9603104C
:1096E000639703106F9603106F9603106397031030
:1096F0006F9603106F9603106F9603106F9603100A
:109700006F9603106F9603106F9603106F960310F9
:109710006F9603106F9603106F9603106F960310E9
:109720006F9603106F9603106F9603106F960310D9
:1097300057970310419703106F960310599A03101F
:109740000021D3F7EDFF18B100222A21DFF79CFF9B
:109750002046CDF7F7FB002120461BB0BDE8F04FB7
:10976000B6E52846DFF7CEFF04462846DFF7C6FFFA
:10977000152C064600F0A582182C7FF478AF2846F9
:10978000E0F72AF905460CAF3846D5F7D1FD3A4641
:109790004FF480213046CCF733FE304606A9FFF760
:1097A00007FDA96806AA08A8DBF7D4F800283FF44B
:1097B0005EAF00213046D3F7B3FF8046FFF73AF99A
:1097C00028B19DF84D3043F001038DF84D304046EF
:1097D000FFF728F904463046DDF83090BDF944A083
:1097E000BDF942B0CDF716FBCDE900B002204A46E4
:1097F00021465346029005A8DFF77AF93046CDF7A7
:109800000FFBB6F9163000EBD07040F34F09B8F9F2
:1098100016404B444046E41ACDF702FBA40394FBE8
:10982000F0F4572200213046D1F79AFE0C9BB0F994
:1098300008C0B3F90800BDF81630A0EB0C0000EB2F
:10984000D070A3EB60031BB203FB04F4ADF8163039
:10985000B6F916303222994409EBA439A9EB600914
:1098600000213046D1F77CFE12220446002130460A
:10987000D1F776FE8246132200213046D1F770FEE2
:10988000B28AA3B29A449244328B03449DF84D109D
:10989000D31AADF82C30BDF8163041F002018DF826
:1098A0004D10ADF82A90994408ABAC68ADF828A0EB
:1098B000ADF82E904046AB60FFF7B4F800220346A7
:1098C0000092394628460AAAD5F74AFDAC60CEE692
:1098D0000021D3F725FF064600283FF4C8AEE0F785
:1098E000FDFD0746E0F700FE042800F0A6810228EF
:1098F00001D1E38C23853846E0F7F6FD012800F01E
:10990000D8803846E0F7F0FD032800F0D2800CAF95
:10991000E38C3A461C2120460C93DFF7B5FEA6E601
:10992000E0F7DCFD0CA9E0F7CBFEBDF93230002BEF
:109930003FF49DAE00212046D3F7F2FE0546CDF759
:109940000FFA0146BDF832302846194409B2CDF766
:1099500043F894F82A3043F0020384F82A3086E66C
:109960007C4004102846DFF7D1FE0378A3F11202F1
:10997000012A40F21681142B02D0112B7FF477AE0E
:10998000E18C00293FF473AE94F82A204B1ED207D5
:10999000258DA78C9BB21FD5B04AA2FB0702B81A2F
:1099A00002EB5002C2F38F00834215D2B1FBF0F2FA
:1099B0001E4612FB00F292B28B1A19B2891B0029C3
:1099C000B8BF4942B1EB500F9BB203D99E4234BF9E
:1099D0003618361A324493B20022BB4224BF07F134
:1099E000FF339BB263F30F0263F31F420121204652
:1099F000C4F82620FFF76CFC258538E690F82A305D
:109A0000002123F0020380F82A30D3F789FE94491D
:109A10001BB0BDE8F04FDAF7C1BCCCF7C3F9E0F7F3
:109A2000ABFC0546E0F75AFDE0F75EFD0428E38C49
:109A300000F0F88023851AE6038DC28C9A423FF429
:109A400016AE0121C38488E60021D3F769FE1BB05E
:109A5000BDE8F04FCCF7B4BE2846DFF757FE002133
:109A600006462046D3F75CFE054600B357224FF466
:109A700080212046D1F774FD034658224FF48021FF
:109A800020461C46D1F76CFD0346284600271DB230
:109A9000FEF7C8FF41F6FF730146019322462B46AD
:109AA000029700970CA8DFF723F8BDF930503580F6
:109AB000DDE594F82A3013F0020540F0D5803846F1
:109AC0000AA9E0F7BDFDF28ABDF82A300AA99B1A5F
:109AD000ADF82A30B28ABDF8283030469B1AADF86E
:109AE0002830FFF7B7F880463046FEF79BFF0C950D
:109AF0008246B8F1000F00F0FB802E46A946DFF841
:109B000064B10CAF39465046DBF8003098470A285C
:109B100005F1010503D1C8451CBF013636B2A84581
:109B2000DDF83090EED1002EFFF6F2AE94F82A2048
:109B3000A38CD207B5B223D5484AA2FB0312991AC7
:109B400002EB5102C2F38F02954219D2E08CB0FBB6
:109B5000F2F111FB02F189B2401A0FFA80FCACEB72
:109B6000060CBCF1000FB8BFCCF1000CBCEB520FDF
:109B700080B203D9854234BFB618B61A31448DB2CB
:109B80009D4224BF03F1FF339DB2002365F30F0311
:109B900065F31F4301212046C4F82630FFF798FBE8
:109BA000B6E6E28CA38C511C9942BFF660AD94F8E6
:109BB0002A00268DC0078DB222D52848A0FB03704D
:109BC0001F1A00EB5700C0F38F00854218D2B2FB7A
:109BD000F0F717FB00F7BFB2D21B0FFA82FCACEB19
:109BE000010CBCF1000FB8BFCCF1000CBCEB500F66
:109BF00092B203D9954234BF4119291A0F44BDB21C
:109C0000AB429CBF03F1FF339DB2002365F30F030A
:109C100065F31F4301212046C4F82630FFF758FBA7
:109C2000268524E5002D7FF405AF228D9A423FF46E
:109C30001EAD01212046E2848FE5E38C204623857A
:109C4000CCF7B0F80546E0F797FB00283FF453AE99
:109C500000212846E0F728FB4DE600BF2549922465
:109C6000A9910310580E0020572200212046D1F759
:109C700077FC5922054600212046D1F771FC0346A6
:109C80002A8938469F18B4F91630B4F91A200C21E5
:109C9000D21A02EBD27203EB6203F68A1DB2E2F72C
:109CA00087FA33181BB23FB2EE1A96FBF7F6A38C75
:109CB00026EAE6769E42A8BF03F1FF3636B20CAF25
:109CC00031E72846DFF788FE04460AA93046FFF749
:109CD0006FFA0CA8D8F74AF930460CAA4FF4802145
:109CE000CCF710FA20460AAA0CA9D8F765F9BEE409
:109CF00046460CAF1AE700BF014610B50348CCF743
:109D0000EFF80446CCF760F9204610BD7C40041003
:109D100071B32DE9F04F0C4683B00021064617467B
:109D2000D3F7FEFC00223285726223780546002BB1
:109D300069D0944622460A2B1BD012F8013F002B13
:109D4000F9D10CF101039BB2B38496F82A30DFB944
:109D500067F3000386F82A3021462846FEF73AFDCD
:109D6000F38C2846338503B0BDE8F04FCCF728BD0F
:109D7000FEE70CF1010C1FFA8CFCA6F824C012F8C7
:109D8000013F002BD7D1DCE743F0010386F82A30EE
:109D9000204604F021FF00F1010ACAEBCA0318466D
:109DA0000193DCF7ADFC4FF0070B4FF00A0881463A
:109DB00000EB0A07A7EB0A00214604F039FE0BF17D
:109DC000FF3313F0FF0B07F8018C5744F2D1019BCE
:109DD00049464B4403F801BC2846FEF7FBFC4846C5
:109DE000DCF746FDB28C02EB4203C2EBC202B28446
:109DF00096F82A209BB2D207F384B2D53046FFF7FB
:109E000013FAF38CADE701239EE700BF0B46114622
:109E100090F82A2030B5D207B0F824E023D51A4AAA
:109E2000A2FB0E2CAEEB0C020CEB520CCCF38F0C05
:109E30009C4518D9C48CB4FBFCF212FB0CF292B214
:109E4000A41A25B2ED1A002DB8BF6D42B5EB5C0F18
:109E5000A4B206D9A34234BF9C44A3EB0C0C1FFA56
:109E60008CF31A4493B20024734524BF0EF1FF3ED5
:109E70001FFA8EF363F30F0463F31F44C0F8264008
:109E8000BDE83040FFF724BA25499224F8B557229F
:109E90000D4600210446D1F763FB592207460021F5
:109EA0002046D1F75DFB002106B232222046D1F7D1
:109EB00057FB0346B7F908102046314411FB05F162
:109EC00001EB430109B2BDE8F840CCF7E1BD00BFAA
:109ED00090F82A200346D207C08C0DD59A8C074BE8
:109EE000A3FB0213D21A03EB5203C3F38F03B0FB9D
:109EF000F3F203FB120080B2704700BF25499224A1
:109F0000F8B50D46002114460746D3F709FCFEF7C5
:109F100089FD064604F060FE38B30022B7F826E05B
:109F20001346711E09E011F801CF0133BCF10A0F8D
:109F300004BF013292B2984217D09645F3D19842AD
:109F400013D9ACB1C21A013B671E1E440024691E1E
:109F500006E0BC4208D00134944201F8013F16D01B
:109F600016F8013F0A2BF4D1254400232B70F8BDCD
:109F7000C21A013BF018691E04E00134944201F852
:109F8000013F04D010F8013F0A2BF6D1ECE7002383
:109F900015442B70F8BD00BF08B50021D3F7C0FBF6
:109FA000BDE80840FEF73EBD90F82A30808CDB0704
:109FB00007D5044BA3FB0023C01A03EB5003C3F3E4
:109FC0008F007047254992242DE9F843C2F34F06CC
:109FD000013A05460C4692B2002B57D00023088860
:109FE0001946801B80B2EF8A6E8B024460F30F0328
:109FF00062F30F0167F31F4366F31F4123601222D0
:10A00000284661604FF44031D1F7AAFA13224FF489
:10A01000403107462846D1F7A3FA10224FF44031C9
:10A0200081462846D1F79CFA11224FF4403106466A
:10A030002846D1F795FA69224FF4403180462846E8
:10A04000D1F78EFA03466A224FF4403128461D4666
:10A05000D1F786FA00221146ABB225881F44EF1BC8
:10A06000A5884B442B4480B263F30F0163880644F8
:10A070009E1BE388404467F30F02184466F31F42B7
:10A0800060F31F4122606160BDE8F8831946608873
:10A09000801BAE8A80B266F30F03024460F31F4355
:10A0A000288B60F30F0162F31F41A7E738B50C4618
:10A0B000002594F874304FF4407123F0030384F8C2
:10A0C000743020462567CBF705FE10212046CBF7DC
:10A0D00001FE2846D9F7ECFE1D2805DC2046BDE828
:10A0E00038400121CEF760BE2846D9F7E1FE064B85
:10A0F0000A3083FB0023C117C1EBE3012046BDE812
:10A10000384009B2CEF750BE676666662DE9F04F5B
:10A11000D548B3B08846DFF7D7FA012802D033B06C
:10A12000BDE8F08F4046DFF7EDFA06464046DFF720
:10A13000E5FA0746F9F714FF002401282546814671
:10A1400000F0C380022800F0F280112E00F054814C
:10A15000012E00F04481022E54D0033E262EDED87C
:10A1600001A353F826F000BFFFA303101FA10310A3
:10A170001FA103101FA103101FA10310FFA30310B1
:10A180001FA103101FA103101FA103101FA1031083
:10A1900051A40310A1A503101FA103101FA10310B8
:10A1A0001FA103101FA10310C3A403101FA10310BC
:10A1B000C1A503101FA103101FA103101FA10310AD
:10A1C0001FA103101FA103101FA103101FA1031043
:10A1D0001FA103101FA103101FA103101FA1031033
:10A1E0001FA103101FA103101FA103101FA1031023
:10A1F0001FA103101FA103101FA103101FA1031013
:10A20000B7A403103B6F002B89D0E0F767F9044631
:10A21000E0F76AF9012882D1204620A9E0F710FA78
:10A22000D7E90A343846E41ACCF7F4FD0546384637
:10A23000CCF7F6FD8542C0F2558212220021384645
:10A24000D1F78EF91322002106463846D1F788F956
:10A2500080463846CCF7DEFD06EB0803C51A162209
:10A2600000213846D1F77CF9C2B2012ABDF980300D
:10A270002DB200F0F982B7F9142002FA86F69B1B82
:10A2800005EBD571491003FB041191FBF5F1BA6A96
:10A2900011443B6F07F1300083421C6800F0D1820B
:10A2A000D7E90B239142A8BF11469942B8BF19467E
:10A2B0008C423FF434AF01223846F9F76DFD00229D
:10A2C0001C213846DFF7E0F929E7112E7FF440AF73
:10A2D0004046DFF71BFABC6806460CB1B4F91440DF
:10A2E000FA6EBB6E2146CDE9203220A82246DAF76D
:10A2F000F7FA0022316820A8DAF768FC05463071C9
:10A3000000287FF40CAFB9F1020F7FF408AF7A6E2A
:10A310003B6E2146CDE9203220A82246DAF7E0FA4A
:10A320002A46316820A8DAF751FC3071F7E6112E81
:10A33000CED0012E7FF40FAF3846CDF7B9FA97F89B
:10A34000743043F0010387F87430E0F7C7F820A9B0
:10A35000E0F776F93846CCF75DFD05463846CCF790
:10A360005FFD0446162200213846D1F7F9F8A542D0
:10A37000C0F2E981C0B20128BDF9801000F08082EE
:10A38000B7F96C008842C0F2DA81B7F960208A42DE
:10A3900000F36682B7F96830B7F96440A41AC01AAE
:10A3A00004EBD47402EB640200EBD070521A03EB9E
:10A3B00060035B1A002AB8BF5242002BB8BF5B4251
:10A3C0001BB212B29A4297F8743040F3678207F1D9
:10A3D000240223F002033A6787F874309FE6384678
:10A3E000CDF766FA97F8743007F1240243F00103C1
:10A3F00087F874303A6792E64FF0000968E7002664
:10A4000097F87430384623F0010387F874303E67BC
:10A41000CDF74EFA3846CBF7C5FC0546DFF7ACFF63
:10A420000446E0F75BF8E0F75FF804287FF477AEC6
:10A43000002C3FF474AE3846F9F792FD022800F084
:10A4400035823146284633B0BDE8F04FDFF72CBFE8
:10A450004046DFF75BF90378113B032B3FF65FAE15
:10A46000DFE803F01A041A049840041097F87430D7
:10A4700038469B0700F1DC81F9F75AFD01460122BD
:10A4800038460139F9F788FC00221C21384633B0E0
:10A49000BDE8F04FDFF7F8B897F8743038469A0700
:10A4A00000F1BD81F9F744FD01220146384611440F
:10A4B000F9F772FCE8E7384633B0BDE8F04FCCF767
:10A4C0007FB912224FF440313846D1F749F81322B0
:10A4D0004FF4403104B23846D1F742F810224FF41D
:10A4E00040310FFA80FB3846D1F73AF811224FF489
:10A4F00040310FFA80FA3846D1F732F86D224FF426
:10A5000040310FFA80F93846D1F72AF869224FF422
:10A51000403106B23846D1F723F86A224FF4403171
:10A5200005B23846D1F71CF803B238460193CCF790
:10A5300071FC00EB450238460092CCF771FC019BA0
:10A54000009A00EB430082424FEA45054FEA43037D
:10A5500080F2A7803846CCF75DFC054445F34F05F3
:10A5600038464FF44031CCF7ADF807464046DFF7A8
:10A57000CDF85C45B8BF5C465445B8BF54464C4521
:10A58000B8BF4C4605FB06F6A31C3B44B0F90020BF
:10A5900003EB26231BB29342B8BF13460380BEE5EC
:10A5A000DFF79CFFDFF7A0FF042802D002287FF42A
:10A5B000B6AD97F8743023F0020387F87430AEE537
:10A5C0004046DFF79BF806464046DFF705FA1622BD
:10A5D000002181463046D0F7C3FFC3B23046019315
:10A5E000CCF718FC83463046CCF71AFC8345B4BF41
:10A5F0000022012296F85C30824603F00303012B0F
:10A6000000925DD0D345304654DBCCF709FC804640
:10A61000019B012B63D0B6F9385004AF3846D7F709
:10A62000A5FC3A464FF440313046CBF76BFD4FF076
:10A63000000342463046ADF80C30ADF80E3002A9AA
:10A64000009BADF80850ADF80A40FFF7BDFC039B36
:10A65000029D4946F36620A8B566CCF79DF8002315
:10A660004FF4403222932E93984B304606F1680403
:10A67000CDE923472D922193F9F772FC022800F0CF
:10A6800093801A2120AA3046DEF7FEFF2246394683
:10A690004846D7F791FC1B21304620AADEF7F4FF8D
:10A6A0003DE538460093CCF7BBFB009BC51845F34E
:10A6B0004F0555E7CCF7AEFB8046B6F93640ACE720
:10A6C000B36A002B9EDAF36A002B9BDDD34530463C
:10A6D0002CDBCCF7A5FB736A8046002B98DAB6F921
:10A6E00034509AE7102200213846D0F739FF112262
:10A6F000002106463846D0F733FF05463846CCF7EA
:10A700008FFB2E44831B18B2C3F3C031B7F91A3044
:10A71000BDF98220014403FA85F39B1A491004FB1A
:10A72000031191FBF0F1BA6A1144B2E5CCF772FB68
:10A73000736A8046002BC0DAB6F93A406DE707F13C
:10A7400024033B67EBE4BDF98220B7F96A309A42F3
:10A75000F5DBB7F96600824200F38280B7F9621038
:10A76000401A00EBD07001EB6001B7F96E00891A56
:10A77000C01A00EBD07003EB60039B1A0029B8BF2E
:10A780004942002BB8BF5B421BB20AB29A4297F80B
:10A79000743040F38380002107F1240261F3410308
:10A7A0003A6787F87430BAE43822394612A8DCF7E1
:10A7B000EBF81A2120AA3046DEF766FF224639461A
:10A7C0004846D7F7F9FB1B21304620AADEF75CFF8D
:10A7D000D34551DB019B2D14012B14BFB6F9343046
:10A7E000B6F9383042463046ADF8083002A9009B31
:10A7F000ADF80A50FFF7E8FB039B38227366029B13
:10A8000012A933663846DCF7BFF8012306F160046D
:10A810001A21CDE922342E93249720AA33E7F9F7A1
:10A820008DFB0122014638461144F9F705FB2BE662
:10A83000F9F784FB0146012238460139F9F7FCFAA1
:10A8400022E67B6A9942A8BF19469142B8BF1146D9
:10A850008C423FF464AC01223846F9F7EDFA2EE55C
:10A8600007F130033B675AE4B7F918200FFA88F86C
:10A87000A2EB0802D31A03E52BB2B6F93A50B1E7BE
:10A88000B7F968308B423FF75AAFB7F964408C4252
:10A89000E6DBB7F96C00B7F960207FE507F130021D
:10A8A00043F002033A6787F8743038E497F874305D
:10A8B000990704D443F0020387F874302FE466F359
:10A8C00041033146284687F87430BCE598400410AF
:10A8D000014610B50348CBF703FB0446CBF774FBE6
:10A8E000204610BD9840041090F8740000F001005C
:10A8F000704700BF4FF0FF3300684362CCF7D8BF0A
:10A900004162CCF7D5BF00BF08460021D9F746BD4C
:10A9100010B54FF0FF330C46102120466362CBF791
:10A92000D9F920460821CBF789F92046BDE8104027
:10A930004FF48061CBF782B92DE9F043B448A5B05C
:10A940000C46DEF7C1FE012802D025B0BDE8F08339
:10A950002046DEF7D7FE05462046DEF7CFFE132D54
:10A96000064600F0C3801C2D00F00681152DECD1A9
:10A970002046DEF7C3FE034620461C46DFF72CF8D0
:10A980001222064600212046D0F7EAFD13220021BC
:10A9900007462046D0F7E4FD1022804600212046DD
:10A9A000D0F7DEFD1122002105462046D0F7D8FD64
:10A9B00000231946A28A1744228B67F30F03A2EBE8
:10A9C000080262F30F01E28A154465F31F43009306
:10A9D000638B1B1A63F31F4105A80191D7F7C6FAD1
:10A9E0004FF40031204605AACBF78CFB6A4630466F
:10A9F00005A9D7F7E1FA2046CCF712FA238B87B2E4
:10AA0000A28ADB1B01339B1A1FFA83F81DB2636A0B
:10AA10005A1C00F0EB8003FB05F5002DB8BFFF3595
:10AA2000C5F30F25162200212046D0F799FDC0B2AC
:10AA3000012808BFA8EB0505A38A08BFADB21D44D5
:10AA400000239C46ADB2B4F81AE0B4F816802F4447
:10AA500065F30F0367F30F0C6EF31F4C68F31F438E
:10AA600012224FF440312046CDF80CC00293D0F7AB
:10AA700077FD132280464FF440312046D0F770FD19
:10AA800010224FF4403105462046D0F769FD1122CF
:10AA900007464FF440312046D0F762FD00231946A7
:10AAA000BDF80820A2EB080262F30F03BDF80C20EA
:10AAB0001544BDF80A2065F30F01D21B62F31F4352
:10AAC0000293BDF80E30184460F31F4113A80391A0
:10AAD000D7F74CFA204613AA4FF44031CBF712FBBC
:10AAE000304613A902AAD7F767FA2EE712224FF4CD
:10AAF0004031D0F735FD2A464FF4403105B230469B
:10AB0000D0F72EFD10220FFA80F94FF44031304675
:10AB1000D0F726FD11220FFA80F84FF4403130466D
:10AB2000D0F71EFD4FF4403107B23046CBF7CAFDD7
:10AB30004D45B8BF4D464545034620462C46B8BF57
:10AB40004446BC42B8BF3C4602341C44DEF7DEFD3E
:10AB50000546A4B2B5F9003024B29C42B8BF1C46E9
:10AB60004FF4003130462C80CBF7ACFD84420FDD32
:10AB7000B5F900002880E8E665220021D0F7F0FC56
:10AB8000044658B9304625B0BDE8F043CCF790BE36
:10AB90004FF400313046CBF795FDEBE73046CBF76D
:10ABA000F9F8756A00F00100691C27D04FEA002807
:10ABB000A5EB002080EAE077A7EBE07700213046A4
:10ABC000D9F7ECFB07FB04F413A8D9F7A7FB114B4B
:10ABD000240A1693104B13A8CDE91B55CDF87480A9
:10ABE00013961E941493D9F785FCCBE72046CBF738
:10ABF000D1F810F0010518BF454613E74FF48077F0
:10AC000010B10025B846D9E780463D46D6E700BFDB
:10AC1000B4400410F5A8031001A90310014610B5B3
:10AC20000348CBF75DF90446CBF7CEF9204610BDBB
:10AC3000B44004102DE9F04F8FB0BDF96040BDF96C
:10AC400070600A94BDF96C40B0F824B006943444A6
:10AC5000A4B207961BFB01F6089417890993089B79
:10AC6000B6B21F44BDF96450BDF9684005923FB2C9
:10AC70000496BBF1000F47D02B19804600250B939B
:10AC8000D8F8280050F82610002935D0D8F83040E0
:10AC90000BF1FF32954234F9153004EB450E57DACB
:10ACA00006F18044013C012200EB840CABEB050A69
:10ACB00008E00078C0070FD53EF8020F9245034424
:10ACC0001BB243D01FFA82F95CF8040F09F1FF347C
:10ACD0000132A4B20028ECD10A7812F0020217D097
:10ACE000059B0799B3F90820069BD3180B44BB4278
:10ACF00002DD089B1A4417B2049B0136B6B25B44CE
:10AD000001359E42ADB2BBDB38460FB0BDE8F08FD7
:10AD100002920B9A08319B1A1BB201930A9B059A67
:10AD200000930DA8099BDDF7E3FE069ABDF93630C6
:10AD300026441344079A2C441344BB42B8BF3B46F5
:10AD4000B8F824B0B6B2A5B21FB2D5E74C46C3E7F7
:10AD50000024C1E72DE9F04FDFB00446DEF7CEFC5A
:10AD600007462046DEF738FE044607F11401A268C4
:10AD700016A8D9F7EFFD10B95FB0BDE8F08F16A89F
:10AD8000D4F808903222A060002138460794D0F70A
:10AD9000E7FB1022002105463846D0F7E1FB0446C8
:10ADA000112226B2002138460D96D0F7D9FB00B209
:10ADB000122200210C903846D0F7D2FB064613220F
:10ADC00033B2002138460B93D0F7CAFB82463A6A69
:10ADD000554B0FFA8AF1134043F400233A8C30A804
:10ADE0003B6210920A91D7F7C1F830A802464FF49F
:10ADF000A0213846CBF786F920A8D4F799FA20A8E5
:10AE00004FF4A02102463846CBF7FAFA97F82230E1
:10AE1000109A23F008033A8487F822303846B7F8AE
:10AE20001680CEF735FAADB22B19013B9844A8EB4A
:10AE300000083846ADF86680CEF722FA16220021C7
:10AE40000F903846D0F78CFB0799C4B24CA8CBF7CB
:10AE5000A3FC4FF4A02300225993344B3EA94D93F9
:10AE6000FB8C509128A90DF1600B51914E92002B53
:10AE700000F08781012C00F0E9812E441546711EF7
:10AE800008921191CDF84890FA6A089CBBF8069098
:10AE900032F91410BDF95E0009F1010212B28944C1
:10AEA0000FFA89F99042ABF80220ABF80690C0F295
:10AEB00066811198BA8A02440F98121AABF80420DE
:10AEC000BA8C002A00F054810026904601EBD17123
:10AED000C1F34F030E93A3B20DF1680A0993B86A48
:10AEE000AB00049350F8253000EB8500002B00F0F8
:10AEF0003C811B780693BBF804303C6B5A1CABF8C2
:10AF0000002034F8162008F1FF3C13441BB2B4456E
:10AF1000ABF8043004EB460440F394810022194658
:10AF2000ACEB060C10E000BF0000F7FFD0400410AF
:10AF30001B78DB070FD534F8023F94450B4419B258
:10AF4000ABF8041000F0088150F8043B1FFA82FEB1
:10AF50000132002BECD106EB0E039BB20593BDF939
:10AF60005A30013575444B45ADB200F3ED809DF884
:10AF7000E300DBF80020BBF90410C0F34403000732
:10AF8000AAF80690CAF80020AAF804100FD5B7F95D
:10AF900014000B9C0FFA82FC2044844507DDBDF9A8
:10AFA000E00000EBD070ACEB600CAAF800C09C078E
:10AFB00010D5B7F916000D9C42F30F4C2044B0EBAE
:10AFC000224F07DABDF9E02002EBD272ACEB620C43
:10AFD000AAF802C0180711D5B7F918200A98121A52
:10AFE000013A91420ADABDF9E00000F0010200EBFB
:10AFF000D07002EB60020A44AAF80420D90711D5E8
:10B00000B7F91A300C9A9B1A013B4B450ADDBDF982
:10B01000E03003EBD37203F0010303EB62034B4414
:10B02000AAF80630FB8E099A934203D1BB8EB34235
:10B0300000F0BE80382230A93EA8DBF7A5FC202214
:10B0400020A928A8DBF7A0FCBB8C089A1A2102FBD8
:10B05000036338464CAA5A93CDF83CA1DEF714FBA3
:10B06000524607983EA9D6F7A7FFBB6A049A9B5899
:10B07000002B62D012224FF4A0213846D0F770FA8C
:10B0800013224FF4A02106463846D0F769FA102261
:10B090004FF4A02181463846D0F762FA112280464B
:10B0A0004FF4A0213846D0F75BFABBF80020BBF87C
:10B0B00004301644B96AB2B2A3EB0903049E9BB2F2
:10B0C00089595E1CB61A36B20196BBF80660BBF809
:10B0D00002C0301A069CBDF9B260C44400960DF15E
:10B0E000700804F0020602960831C4F34006A8F87E
:10B0F0000020A8F80430A8F80600BDF9B430209A62
:10B10000A8F802C015A8DDF7F3FC86B90E99BDF9C1
:10B110005630BBF8022003EBD3730A44C3F34F034A
:10B1200092B2D11A1344A8F80210A8F806305A4671
:10B1300016A91EA8D9F70EFC48BB1B2138464CAAFD
:10B14000DEF7A2FAB7F82480059E0136B6B2B04504
:10B150000DD9BBF90690C2E60EF1010E1FFA8EFE64
:10B1600006EB0E039BB20593F9E60693C3E6FB8C50
:10B17000089A0132089292B293423FF685AEDDF80A
:10B180004890079BC3F808905FB0BDE8F08F079C1C
:10B190001EAB0499A360BB6A20465B5800210833AC
:10B1A0000091424628A9D4F7DBF816ABA360C4E7A8
:10B1B0003A8C02F06001A1F12003B3FA83F302F0AC
:10B1C00008005B0902F0040C92074FEA43132ED5E6
:10B1D00043F00203BCF1000F24D108B143F008038F
:10B1E0003B8497F822303EA843F0080387F82230CA
:10B1F000D6F7BCFE28A8D4F79BF84FF4A021384618
:10B200003EAACAF77FFF4FF4A021384628AACBF701
:10B21000F7F8109B3B8497F8223023F0080387F857
:10B22000223011E743F004030028D7D1D8E7BCF15E
:10B23000000FF7D10028D1D1202908BF0B467FF499
:10B24000F9AECDE74FF0000E059688E6CDF84C90AC
:10B250009146AA4409921AADCDF848A0FA6A099914
:10B26000BBF8066032F91100721CBDF95E1012B213
:10B27000064436B29142ABF80220ABF80660C0F249
:10B280005C81129C3A8BB98C121B0F9C013A121BE9
:10B29000ABF80020002900F049810024CA4600EBE9
:10B2A000D070C0F34F031193BDF824300E93BB6AE6
:10B2B0004FEA8A02049253F82A2003EB8A0C002AF0
:10B2C00000F0308113780693BBF80030D7F830E0F7
:10B2D000581E02B2ABF80420059282B23EF8140068
:10B2E00001F1FF391B1A1BB24C450892ABF8003034
:10B2F0000EEB440E80F2788100221846A9EB040977
:10B300000CE01B78DB0710D53EF8023F9145A0EB1F
:10B31000030318B2ABF8000000F0FF805CF8043BB8
:10B320001FFA82F80132002BEBD108EB04031FFA5D
:10B3300083F90AF101039844BDF95A301FFA88FADB
:10B34000B34200F3E1809DF8E310059BDBF8002099
:10B350000807AB80EE802A60C1F344030DD50B983B
:10B36000B7F91410014410B2884206DDBDF9E010AF
:10B3700001EBD171A0EB6100288099070FD50D98E2
:10B38000B7F916100144B1EB224F42F30F4006DA31
:10B39000BDF9E02002EBD272A0EB620068801807D2
:10B3A00012D50A99B7F91820521A0599013A914213
:10B3B0000ADABDF9E02002EBD27102F0010202EBE1
:10B3C000610208991144A980D90710D5B7F91A303C
:10B3D0000C9A9B1A013B9E4209DABDF9E03003EB5F
:10B3E000D37203F0010303EB62033344EB80FB8E63
:10B3F0000E9A934203D1BB8EA34200F0B280382252
:10B4000030A93EA8DBF7C0FA202220A928A8DBF744
:10B41000BBFABB8C099A1A2102FB034338464CAA9B
:10B420005A934F95DEF730F92A4607983EA9D6F78A
:10B43000C3FDBB6A049A9B58002B5FD012224FF4C5
:10B44000A0213846D0F78CF8132204464FF4A021EF
:10B450003846D0F785F810224FF4A02180463846B0
:10B46000D0F77EF8112206464FF4A0213846D0F7D7
:10B4700077F8BBF80430BBF80020B96A2244A3EB8C
:10B480000803049C9BB2095992B25C1CA41A24B212
:10B490000194BBF80640BBF802C0201AB444BDF9C1
:10B4A000B240069E009406F002040294C6F34004E3
:10B4B000ADF87020ADF87430ADF87600BDF9B43059
:10B4C000209A083115A8ADF872C01CAEDDF710FB4C
:10B4D00074B91199BDF95620BBF8023002EBD27253
:10B4E0000B44C2F34F029BB2991A13447180F3804C
:10B4F0005A4616A91EA8D9F72DFA08BB1B213846B3
:10B500004CAADEF7C1F8B98C09F101091FFA89F4D8
:10B51000A14209D9BBF90660C9E608F101081FFA82
:10B5200088F802E70692CFE6D146FB8C099A0132F1
:10B53000099292B293423FF691AEDDF84C9020E62C
:10B54000079C1EAB0499A360BB6A20465B58002190
:10B5500008330091324628A9D3F702FF16ABA36047
:10B56000CCE73A8C02F06001A1F12003B3FA83F337
:10B5700002F008005B0902F0040692074FEA431349
:10B5800029D543F002030EB143F0040308B143F0A0
:10B5900008033B8497F822303EA843F0080387F85D
:10B5A0002230D6F7E3FC28A8D3F7C2FE4FF4A0213F
:10B5B00038463EAACAF7A6FD4FF4A021384628AA6D
:10B5C000CAF71EFF109B3B8497F8223023F0080334
:10B5D00087F822301DE7002ED6D10028D7D12029A8
:10B5E0007FF40DAF0B46D4E7A1464FF00008A0E66C
:10B5F000F8B50D468B8CC98CAA6A01FB03F3E3B145
:10B600000024264652F82400A70090B1436843B1B5
:10B610001846DAF7CBFFAB6A53F82420566053F88C
:10B620002400DAF7C3FFAB8CE98CAA6A01FB03F3B1
:10B63000D6510134A4B29C42E4DB12B11046DAF7D1
:10B64000B5FFE86A08B1DAF7B1FF286B18B1BDE8B9
:10B65000F840DAF7ABBFF8BD4FF0011310B50C4658
:10B660004B620220DAF78AFFE38C20635800DAF796
:10B6700085FF82220346216BE362A06A0A801A805A
:10B68000A38CE18C03FB01F18900DAF7A5FF00230D
:10B69000A062036010BD00BF2DE9F04F0D468DB0D4
:10B6A0004FF4A021914612220446CFF759FF1322EE
:10B6B00007B24FF4A0212046CFF752FF10224FF4DB
:10B6C000A0210FFA80FA2046CFF74AFF11224FF44B
:10B6D000A0210FFA80FB2046CFF742FF582203B289
:10B6E0004FF4A02120460793CFF73AFF592203B227
:10B6F0004FF4A02120460993CFF732FF57224FF491
:10B70000A0210FFA80F82046CFF72AFF05224FF438
:10B71000A02108902046CFF723FF062206B24FF45F
:10B72000A0212046CFF71CFF079BCDE9017ACDE988
:10B7300003B3DDE9082307B2CDF800802046A9B2A3
:10B74000FFF778FAB842A8BF384600B2B042B8BF97
:10B750003046E36A33F9152023F81500904208D0EB
:10B760002046CBF7EFFB20460DB0BDE8F04FCCF7FD
:10B770009FB800236F00ADF82830B9F1000F0CD04E
:10B78000216B01EB49000238023931F8022F1344D2
:10B790001BB28842ADF82830F7D11622002120468E
:10B7A000CFF7DEFEC0B2012852D02046CDF768FDAB
:10B7B000BDF8283012221B1A00212046ADF828308F
:10B7C000CFF7CEFEBDF82830184480B2236BADF819
:10B7D000280033F8193001381844ADF82C00002344
:10B7E000ADF82A305DB1E16A023F0F44023931F809
:10B7F000022F13441BB28F42ADF82A30F7D100213B
:10B8000010222046CFF7ACFE0346BDF82A20204682
:10B810001344ADF82A30CDF73BFDBDF82A30E26A7B
:10B82000181A80B2ADF82A0032F81530B4F91410A5
:10B83000013B1844B4F91620ADF82E000AA8D9F738
:10B840006DF820460AA9CCF715F80DB0BDE8F08FC9
:10B850002046CDF715FDBDF828301844ADF8280076
:10B860002046CBF7D7FA1322064600212046BDF822
:10B870002880CFF775FE8044A6EB08039BB2226BAD
:10B88000ADF82C3032F819209B1AADF82830A6E715
:10B890002DE9F04F12228BB04FF4A0210546CFF7CF
:10B8A0005FFE13224FF4A02106462846CFF758FE2C
:10B8B00010224FF4A02107B22846CFF751FE1122E3
:10B8C00003B24FF4A02128460793CFF749FE582230
:10B8D0004FF4A0210FFA80F92846CFF741FE5922F4
:10B8E00003B24FF4A02128460893CFF739FE572220
:10B8F0004FF4A0210FFA80FA2846CFF731FE052237
:10B900004FF4A02109902846CFF72AFE06224FF4D3
:10B91000A0210FFA80FB2846CFF722FEEB8CF3B173
:10B92000002436B20FFA80F80799DDE90832CDE934
:10B9300002712846A1B2CDE900A6CDF81090FFF71C
:10B9400079F94045A8BF404600B25845B8BF5846AF
:10B95000EB6A23F81400EB8C01349C42E4D32846B4
:10B96000CBF7F0FA28460BB0BDE8F04FCBF7A0BFFD
:10B970002DE9F04F868E0446C78E83B0002E00F06E
:10B98000A8800023026B7600B01832F9021B0B442A
:10B9900090429DB21BB2F8D1162200212046CFF76B
:10B9A000DFFDC0B20128204662D0CDF769FC12222B
:10B9B000804600212046CFF7D3FD226B0544925BE1
:10B9C000A5EB0805013A0FFA85FB12FA85F5ABB233
:10B9D00001932DB2002F66D00022E16A7F0007EBB1
:10B9E000010C31F9020B02448C4596B212B2F8D127
:10B9F000102200212046CFF7B3FD06442046CDF7A4
:10BA000047FCB6B2E26A1FFA80F8A6EB0809BBF160
:10BA1000000F32F907A01FFA89F70FFA89F91EDB28
:10BA20002046CBF7F7F9A8424DDBB9F1000F0BDB4D
:10BA30002046CBF7F5F9013F5744BFB23BB29842DD
:10BA400033DB03B0BDE8F08F012300212046A8EBD3
:10BA5000060212B203B0BDE8F04FCEF7FDB9CBF14C
:10BA6000000101230022204609B2CEF7F5F9DCE7F8
:10BA7000CDF706FC81462046CBF7CCF91322804651
:10BA800000212046CFF76CFD236B2844A8EB00086B
:10BA9000A8EB09009B5B82B2D31A019205B20FFAA0
:10BAA00083FB002F98D13E46A2E72046CBF7B8F99A
:10BAB0000246012300212046D21B12B203B0BDE88A
:10BAC000F04FCEF7C9B92046CBF7A4F9019BC11AB4
:10BAD000C7E7354660E700BF2DE9F041BA4882B0BC
:10BAE0000C46DDF7F1FD012802D002B0BDE8F0817F
:10BAF0002046DDF707FE05462046DDF7FFFD6B1EFD
:10BB000005462B2BF1D801A252F823F0D3BB03102A
:10BB1000D3BB0310EBBA0310EBBA0310EBBA03105C
:10BB2000EBBA0310EBBA0310A7BC0310EBBA031077
:10BB3000EBBA0310EBBA0310EBBA0310E3BC03102B
:10BB4000C7BB0310EBBA0310EBBA0310EBBA031038
:10BB5000EBBA0310EBBA0310EBBA031077BD031076
:10BB6000EBBA0310EBBA0310EBBA0310EBBA0310F5
:10BB7000EBBA0310EBBA0310EBBA0310EBBA0310E5
:10BB8000EBBA0310EBBA0310EBBA0310EBBA0310D5
:10BB9000EBBA0310EBBA0310EBBA0310EBBA0310C5
:10BBA000EBBA0310EBBA0310EBBA0310EBBA0310B5
:10BBB00023BD0310EBBA03102BBD0310002328464E
:10BBC0006B63FFF7D5FE284602B0BDE8F041CBF726
:10BBD0006FBEDEF783FCDEF787FC00F0FD00012876
:10BBE00083D1DEF77BFC01A9DEF72AFD2846BDF8EC
:10BBF0000440CDF745FB1622044400212846CFF728
:10BC0000AFFCC0B20128A4B200F0F48012220021DF
:10BC10002846AE8ACFF7A4FC0644A4EB060C0FFA24
:10BC20008CFCAC8C7CB10022296B1346023902E0FB
:10BC3000B2B2A24207D031F8020F561C03441BB225
:10BC40006345F5DD14462846BDF80660CDF720FBB8
:10BC50001022804600212846EF8ACFF781FCA6EB10
:10BC6000000CACEB070CEF8CC4440FFA8CFC7FB1DA
:10BC70000022E96A1346023902E0B2B2BA4207D0A2
:10BC800031F8020F561C03441BB29C45F5DA1746E7
:10BC9000AB8EA34203D1EB8EBB423FF426AF2846C6
:10BCA000AC86EF8690E7CBF703FEDEF717FCDEF7F6
:10BCB000FBFC4FF6FF73AA8E9A4205D0EA8E9A4299
:10BCC00002D0002800F0A780DEF708FCDEF70CFCAD
:10BCD00000F0FD0001287FF408AF4FF0FF336B63E5
:10BCE00003E72046DDF712FD4FF6FF71AB8EEA8EBB
:10BCF0008B423FF463AF8A423FF460AF0168AF8C80
:10BD0000EE8C1139BB4234BF1C460024B24234BF12
:10BD10001046002003293FF6E8AEDFE801F0326666
:10BD2000625702B0BDE8F041B2E52046DDF7EEFC17
:10BD3000AC8C002C6CD000232A6B02EB440432F94B
:10BD4000021B0B44944299B21BB2F8D101390CB2D8
:10BD5000E98C002959D00023EA6A02EB410532F947
:10BD6000021B0B44AA4299B21BB2F8D1013909B2A5
:10BD700004804180B9E6204602B0BDE8F041FEF7FC
:10BD8000E9BFBC4200F1FF3006DB711E8142C6BF35
:10BD90000024013007F1FF34B0421FDB711EA342C3
:10BDA00002D18A423FF4A1AEE9862846AC86CBF7A1
:10BDB0007FFD2846FFF7DCFD00221C21284602B04B
:10BDC000BDE8F041DDF760BCD0400410611EB9420F
:10BDD000DBDA4C1C2DD138BB4EB3044620EAE071AF
:10BDE000DDE70134BC42D0DAD6E7A74200F101001A
:10BDF000D2DCCAE71322002128462E8BCFF7B0FBF6
:10BE0000331A1B1B0FFA83FC0BE74FF0FF31AFE730
:10BE10004FF0FF349CE702461C212846DDF734FC36
:10BE200001287FF462AE4FE77C1E0138B4E7344648
:10BE3000BAE70C46B0E700BF014610B50348CAF7A1
:10BE40004FF80446CAF7C0F8204610BDD040041091
:10BE50002DE9F041B0F82680884541D004460F46D0
:10BE6000C06AE1844900DAF7B7FBE062002836D007
:10BE7000A38CE58CB84503FB05F5A06A4FEA85065F
:10BE800030D918FB03F39FB2AF4242D94FF00008FC
:10BE90000DE0DAF78BFBA36A01359A59C2F80480EA
:10BEA0009859DAF783FBAF420BD9A06AAE008359E9
:10BEB00058680028EDD118460135DAF777FBBD4206
:10BEC000F3D3E18CA38CA06A03FB01F18900DAF7BC
:10BED00083FB58B1A0622046BDE8F041D8E4FEE7FC
:10BEE000BDE8F0813146DAF777FB00B9FEE7A28CB6
:10BEF000E38C02FB08F802FB03F3A3EB0803A06248
:10BF0000990000EB8800DAF7E3FF2046BDE8F04136
:10BF1000BEE43146DAF760FB0028DBD1E6E700BF7C
:10BF20002DE9F04F828C8BB08A420891019200F08B
:10BF3000B6800546C08CA98401FB00F08000DAF7CA
:10BF40001DFB0446002800F09580EA8CA98C02FBBA
:10BF500001F18900DAF7BCFF0199089F0B46B9424D
:10BF600028BF3B46EA8C9A46A86A002A53D04FF075
:10BF7000000BCA1B89000491D946B9005F469B009B
:10BF800002EB0A060391591E0793B600069102932D
:10BF9000099400940592009C0299224600EB0B0341
:10BFA00089B1069905296FD90BF101010144611A84
:10BFB000022969D90799581853F8041B984242F886
:10BFC000041BF9D1A86A059B002B15DDB0464FEA8A
:10BFD0008A0400594668002E4ED03046DAF7E6FA59
:10BFE000AA6A11594F601059DAF7E0FAA86A0751A6
:10BFF0000434A045EDD14646049B009A9B441E4460
:10C00000019B03999A44EB8C09F101090A444B45C1
:10C010000092C0D8099CDAF7C9FA089B286BAC6279
:10C020005900DAF7D9FA286328B3019B08991A4610
:10C030008B421AD2A1EB030BBBF1010F12D04FF0D0
:10C04000821400EB43024FEA5B0102EB810142F8EC
:10C05000044B8A42FBD11BF0010F06D0019A2BF052
:10C06000010B5A44822320F8123028460BB0BDE859
:10C07000F04F0DE4FEE7FEE7DAF798FAA86A0651FA
:10C080000434A045A5D1B6E702990098013B0818F1
:10C0900013F8011F02F8011B8242F9D192E70BB09D
:10C0A000BDE8F08F002B38D02DE9F04F1D46838C72
:10C0B000044693428846914683B037D9E38C434582
:10C0C0002DD9A38CA76A08FB039A57F82A60AEB350
:10C0D000736896F800B00193284602F07DFD014692
:10C0E00030460931DAF778FAA26A47F82A0052F89E
:10C0F0002A0098B12946083002F09AFCA06A4A4604
:10C1000050F82A3041462046019C83F800B05C601C
:10C1100003B0BDE8F04FFFF7BFBAFEE7FEE708F156
:10C120000101204689B2FFF793FECAE7511C89B28C
:10C13000FFF7F6FEE38C4345C3D8F0E7B34601961C
:10C14000CAE700BF08B42DE9F04F82B00B9B002B6B
:10C1500048D0838C044693420E4617464AD9E38C56
:10C16000B34241D9A58CA36A06FB057553F8259007
:10C17000B9F1000F46D099F800B0D9F80490002129
:10C180000CAB08460B9ACDE90033F5F7E3FC80468B
:10C19000D4F828A008F109015AF82500DAF71CFAAA
:10C1A000A36A4AF8250053F82500E0B1002100EB0E
:10C1B00008030B9A19720830019B08F10101F5F789
:10C1C000C9FCA36A3A4653F825303146204683F825
:10C1D00000B0C3F80490FFF75FFA02B0BDE8F04F7B
:10C1E00001B07047FEE7FEE7711C204689B2FFF7F9
:10C1F0002FFEB7E7511C89B2FFF792FEE38CB342E2
:10C20000B0D8F1E7CB46BAE7838C70B58B420446D1
:10C210000D46164607D9236B204623F81560BDE866
:10C220007040FFF735BB013189B2FFF779FEF2E7C5
:10C230002DE9F0411446828C0546A2420E469846EE
:10C240000FD9EA8CB24213D9AA8CAF6A06FB02441A
:10C2500057F8246096B1337848EA03033370BDE899
:10C26000F081611C89B2FFF75BFEEA8CB242EBD829
:10C27000711C284689B2FFF7EBFDE5E70920DAF7E4
:10C280007DF9AA6A47F8240052F824305BB11E7089
:10C290005E60334652F824603372337848EA030311
:10C2A0003370BDE8F081FEE72DE9F0411F46838C35
:10C2B0000546934214460E4610D9EB8CB34214D96E
:10C2C000AB8CD5F8288006FB034458F8246096B15F
:10C2D000337823EA07033370BDE8F081511C89B23B
:10C2E000FFF71EFEEB8CB342EAD8711C284689B2D8
:10C2F000FFF7AEFDE4E70920DAF740F9AA6A48F84B
:10C30000240052F824305BB11E705E60334652F850
:10C3100024603372337823EA07033370BDE8F08179
:10C32000FEE700BF2DE9F0411F46838C054693428E
:10C3300014460E4614D9EB8CB34218D9AB8CD5F801
:10C34000288006FB034458F82460B6B1706820B119
:10C35000DAF72CF9AB6A53F824607760BDE8F08116
:10C36000511C89B2FFF7DCFDEB8CB342E6D8711C9F
:10C37000284689B2FFF76CFDE0E70920DAF7FEF8FE
:10C38000AA6A48F8240052F8243033B11E705E6067
:10C39000334652F824603372D8E7FEE7C38C8B42F1
:10C3A0000AD9838C934207D903FB0122836A53F88D
:10C3B000220008B1083070470048704784F6031027
:10C3C000C08C7047808C7047838C8B4286BF036B18
:10C3D00033F9110000207047B0F826C08C450FD902
:10C3E000B0F824C094450BD90CFB0122816A51F8A6
:10C3F000220030B1027893430CBF01200020704727
:10C4000000207047C38E0B80838E1380704700BF5F
:10C41000C38C8B420AD9838C934207D903FB012238
:10C42000836A53F8220010B14068704700207047BB
:10C43000704700BFC86A10B50C4618B1DAF7B6F8F5
:10C440000023E362206B18B1DAF7B0F8002323630E
:10C45000A06A18B1DAF7AAF80023A36210BD00BFE2
:10C460002DE9F04F572289B000210446CFF778F824
:10C470005922002180462046CFF772F80346606AB1
:10C48000666C0293FCF7CEFA7F4B31461B688146FF
:10C490009847DFF8FCA109EB0002DAF80030002130
:10C4A0000746104603929847B8F908300D2883468E
:10C4B000019300F2E58042F20142C24012F0010F06
:10C4C0000CBF0146202100224046D6F737FE3146F8
:10C4D00005AA0546606AFCF7B3FA666A3046FCF7BF
:10C4E000A1FA002102463046D0F706FA616ABDF98A
:10C4F0001420B1F914C0B1F91810624402FA85F29F
:10C500008A42BDF804602FDD94F8601011F0080134
:10C510002AD1032828D0BDF81620029BADF81410AC
:10C5200013441A4632440191ADF81620BBF1000FB6
:10C5300000F0A880554B03981B6898470744019961
:10C54000DAF8003009EB070098470D28014606D8B5
:10C5500042F20143C34013F0010F18BF20214046AF
:10C560000022D6F7EBFD0546276532224FF4E02185
:10C570002046CEF7F5FF10224FF4E0210746204673
:10C58000CEF7EEFFBFB207EB000911224FF4E02116
:10C590002046CEF7E5FF12223B184FF4E02120465B
:10C5A0001FFA83F8CEF7DCFF132207EB000A4FF4E3
:10C5B000E0212046CEF7D4FF4FF0000C074408F1ED
:10C5C000FF33BDF81480013F47443D44BDF8167069
:10C5D0001FFA89F93B44A7EB0907E146616AB4F801
:10C5E0004C008A8AB4F848E01FFA8AFAC98AA8EB94
:10C5F0000A081E44B4F84AA0B4F84E3096440244E7
:10C600000B448A446EF30F0C62F30F096AF31F4C5C
:10C6100063F31F49204606A9CDF818C0CDF81C9039
:10C62000CBF728F900239C461A461FFA88F8BFB2B8
:10C6300068F30F0367F31F43A3646346ADB2B6B25A
:10C6400065F30F02D4F824E066F31F42E26420464B
:10C65000BEF81440BEF81620A044254417441644E2
:10C6600068F30F0C65F30F0367F31F4C66F31F436A
:10C6700006A9CDE906C3CBF7FDF809B0BDE8F08FF8
:10C68000014620E720216AE75C0E0020540E0020BE
:10C69000580E002090F854C00CF001028A422ED0AF
:10C6A0002DE9F04300250A1E18BF01222C46D0F8C0
:10C6B000249062F3000C83B080F854C0B9F81420C1
:10C6C000B0F848E0B0F84C80B9F81630B0F84A70CD
:10C6D000B0F84E609644424403EB070C6EF30F052E
:10C6E000334462F30F046CF31F4563F31F44694640
:10C6F00000950194CBF7BEF803B0BDE8F083704716
:10C700002DE9F04F814685B0406AFCF78BF9224B4A
:10C710001B68984758B3D9F830A00746BAF1000F04
:10C7200028D0504602F058FA00FB07FB06460BF1F2
:10C730000100D9F7E5FF0025804604462046324631
:10C7400051460135DAF720F9AF423444F6D10023DF
:10C7500008F80B304146D9F82400FCF73BF8404676
:10C76000DAF786F8484605B0BDE8F04F78E605B040
:10C77000BDE8F08F572251464846CEF7F1FE5346AA
:10C7800042F222026946D6F7D1FC10B9DFF80CA0BC
:10C79000C7E7DFF80CA0C4E7600E00207CF50310AB
:10C7A0000CF70310006890F860305B0700D4704706
:10C7B000A6E700BF70B592B00546DCF7A3FF0446BC
:10C7C0002846DCF79BFF293CE4B20646D0F7A4FFDD
:10C7D000012C01D912B070BD054600213046FBF78F
:10C7E000F9FF2846FFF73CFE65224FF4E02128467A
:10C7F000CEF7B6FE044658B928461249D7F7CEFD03
:10C8000095F8543043F0010385F8543012B070BDF0
:10C810006846D7F783FD01220123CDE908230022D2
:10C820004FF6FF7307496846019107490095079144
:10C830000B940E940A92ADF84030D7F75BFE12B01D
:10C8400070BD00BF95C6031039480110014610B5F0
:10C850000348C9F745FB0446C9F7B6FB204610BD9F
:10C86000EC40041089B170B5044608460D4602F04C
:10C87000B3F90646A06A4EB940B1D9F797FE2046F3
:10C88000A662BDE87040CBF713B8FEE7711CD9F77C
:10C89000A3FEA06250B1294602F0CAF80022A36AA2
:10C8A00020469A55BDE87040CBF702B8FEE700BFBE
:10C8B000436C8B4200F0AF80F0B5574B95B0044607
:10C8C000406A0D461E68FCF7ADF8B047002DB8BFB2
:10C8D0002D18A84206466FDA20466664CCF7D2F9D6
:10C8E000572200212046CEF73BFE05463146606ABE
:10C8F00001AAFCF7A5F82046B5F90860BDF9065075
:10C90000CCF7CEFC85427FDB2046CAF7ADFA07465E
:10C910002046BDF90650CCF7C3FC35442D1ABD4264
:10C9200061DC2046BDF90450CDF786F9854253DB22
:10C930002046CAF77BFA07462046BDF90450CDF7DA
:10C940007BF935442D1ABD423CDCBDF8043065222C
:10C950004FF4E0212046A4F84030CEF701FE054612
:10C96000D8B102A8D7F7DAFC012001212B4B002215
:10C97000CDE902434FF6FF73CDE90A01284902A829
:10C9800009910C92ADF848300D951095D7F7B2FD8E
:10C990002046FFF765FD15B0F0BD20492046D7F7CA
:10C9A000FDFC94F85430204643F0010384F85430E1
:10C9B000FFF756FD15B0F0BD47F6FF739D4218BF57
:10C9C0002E4689E7BDF804300122F118C91B204624
:10C9D00009B2CDF78DFEB8E701222046BDF904105B
:10C9E000CDF786FEA4E7BDF8061001223144C91B2D
:10C9F000204609B2CDF79EFF2046BDF90450CDF781
:10CA00001BF9854294DAE7E701222046BDF90610BA
:10CA1000CDF790FF78E77047600E002095C60310B1
:10CA200039480110012270B540F2DC50002591F820
:10CA3000543092B04A6491F8602023F0030343F02D
:10CA4000030322F00E0281F8543081F860208887B9
:10CA5000C1E90D550846C1E90955CD620D63A1F83C
:10CA600040500C46FBF7AAFE42F264016062C9F72F
:10CA7000F7FF1F49606AFBF7ADFE2A462B461D49AA
:10CA8000606ADCF771FE4FF480612046C9F7D6F882
:10CA900029462046FFF70CFF65224FF4E02120468F
:10CAA000CEF75EFD58B920461349D7F777FC94F8C6
:10CAB000543043F0010384F8543012B070BD064680
:10CAC0006846D7F72BFC0C4B0A95CDE900430125AE
:10CAD0004FF6FF730124094A6846CDE908450B96D5
:10CAE0000E960792ADF84030D7F704FD12B070BD36
:10CAF00084F60310B5C7031095C60310394801101A
:10CB0000F9B1F0B505460C4693B095F86030590779
:10CB100064D46B6BB3B10023009323787BB1514F86
:10CB2000514E69463B68204698473368984701460E
:10CB3000284600F0A5F8009BE35C002BF1D113B070
:10CB4000F0BDFEE7AB6B494E002BE4D11D21224620
:10CB500028463360DCF798FD366846B13378002B01
:10CB6000EDD02146304601F085FE002862D1AB6A47
:10CB70003BB1686AFBF756FF037813B92846CAF73A
:10CB800097FE2246696C686AFCF7B2F9686AFCF79E
:10CB9000ABF94FF6FF739842064626D04FF6FF7169
:10CBA000686AFBF737FF4FF6FF71686AFBF736FFDD
:10CBB00095F860305A071ED42D4B20461B686C6CCC
:10CBC0009847014628462144FFF772FE00221C21A7
:10CBD000284613B0BDE8F040DCF756BD2846FFF705
:10CBE0008FFD6B6B002B96D1ACE7686AFCF77EF982
:10CBF000B042D3D1DCE7EF6A384601F0EDFF0646DC
:10CC0000204601F0E9FF0146314438460131D9F7A9
:10CC1000E3FCE86268B12246696CDCF717F8AB8F79
:10CC200053B995F860305B07C6D52846FFF768FD15
:10CC3000C2E7FEE7344668E76846D7F76FFB002097
:10CC4000002101230B4ACDE90801CDE90052A98F4B
:10CC5000094A0A93094B68460B9107920393D7F749
:10CC600049FCA9E7580E0020700E0020FCD90020D6
:10CC7000600E002031C4031039480110A5C703100D
:10CC8000F0B590F8603097B01D070446019103D5C8
:10CC90000A293BD00D2939D000235C4D0291204652
:10CCA0001D2102AA2B600393DCF7EEFC2D684DB129
:10CCB0002B78002B2AD0284602A901F0DBFD0028A2
:10CCC00040F08180524E0021336801A89847A36B41
:10CCD000054653B14F4B1F6894F86030580777D51D
:10CCE000E06AB847A36B984210D2606B80B10378BA
:10CCF00073B10023049306E0336804A99847854282
:10CD000006D0606B049BC35C002BF5D117B0F0BD5F
:10CD100094F86030590752D4A36A2BB1606AFBF7CC
:10CD200081FE0378002B57D0616C606A02AAFCF781
:10CD3000DFF8606AFCF7D8F84FF6FF7398420546B3
:10CD400037D04FF6FF71606AFBF764FE4FF6FF7154
:10CD5000606AFBF763FE94F860305A071CD5E66AF8
:10CD6000304601F039FF054602A801F035FF0146C3
:10CD7000294430460131D9F72FFCE062C0B1616C23
:10CD800002AADBF763FFA38F53BB94F860305B0705
:10CD900002D52046FFF7B4FC616C20460131FFF755
:10CDA00087FD00221C212046DCF76EFC17B0F0BD89
:10CDB000FEE7606AFCF79AF8A842C2D1CBE72046AA
:10CDC000FFF79EFCA8E729462046FFF799FE9DE75E
:10CDD000606AFBF727FE84E72046CAF769FDA3E7F0
:10CDE00004A8D7F79BFA002200230121CDE90C23E8
:10CDF000094B0A480A4A0793A38F059004A8049494
:10CE00000E910B920F93D7F775FBC5E7FCD9002065
:10CE1000580E0020600E0020A5C7031031C4031077
:10CE20003948011038B50446406AFBF7FBFD05465A
:10CE3000616C01220139DBF769FF2946606AFBF763
:10CE4000C9FC606AFCF750F84FF6FF73984232D085
:10CE50004FF6FF71606AFBF7DDFD4FF6FF71606A08
:10CE6000FBF7DCFDA36A23B1606AFBF7DBFD037807
:10CE700043B394F860305B0710D5616C012201392F
:10CE8000E06ADBF743FFE56A284601F0A5FE0146AC
:10CE900028460131D9F7A0FB60B1E062616C204601
:10CEA0000139FFF705FD2046BDE8384000221C216E
:10CEB000DCF7EABBFEE70546606AFCF717F8A84214
:10CEC000C6D1CFE72046CAF7F3FCD2E7436C03B9DB
:10CED00070474FF07F0C002330B50E4D83B01D21FD
:10CEE00001AA2B600446ADF804C0DCF7CDFB2D6829
:10CEF00035B12B783BB1284601A901F0BBFC20B924
:10CF00002046FFF78FFF03B030BD29462046FFF7CC
:10CF1000F7FDF8E7FCD9002030B50446456C83B036
:10CF2000691CFFF7C5FC636C9D4201D103B030BDA5
:10CF3000002BFBD04FF07F0C00230E4D1D2120460F
:10CF400001AA2B60ADF804C0DCF79EFB2D683DB153
:10CF50002B78002BEAD0284601A901F08BFC18B9E8
:10CF60002046FFF75FFFE1E729462046FFF7C8FDAF
:10CF7000DCE700BFFCD90020002962D0F0B50446F0
:10CF800093B0406A0D46FBF7AFFF4FF6FF73984230
:10CF9000064664D04FF6FF71606AFBF73BFD4FF623
:10CFA000FF71606AFBF73AFD636B606A002B4AD041
:10CFB0003D49FBF70FFC47F6FF712046FFF778FC71
:10CFC00094F86030590702D50022E36A1A700022F3
:10CFD0002B7800927BB1354F354E69463B68284629
:10CFE00098473368984701462046FFF749FE009B63
:10CFF000EB5C002BF1D1A36A23B1606AFBF712FD51
:10D00000037893B394F860305A0712D5284601F09C
:10D01000E3FD0146E06A0131D9F7DEFAE06288B14A
:10D02000294601F005FDA38F3BBB94F860305B07F8
:10D030001FD400221C21204613B0BDE8F040DCF7CD
:10D0400023BBFEE7FEE7A36B002BB1D12946FBF71C
:10D05000C1FB47F6FF712046FFF72AFCCBE7606A69
:10D06000FBF744FFB04295D19EE72046CAF720FC6B
:10D07000C8E72046FFF744FBDBE76846D7F74EF9E1
:10D08000002200230121CDE908230A4B0A480B4A5C
:10D090000393A38F0190684600940A9107920B9323
:10D0A000D7F728FAC5E700BF84F60310580E002012
:10D0B000700E0020A5C7031031C4031039480110B9
:10D0C00090F8543061F3410380F85430704700BF4A
:10D0D00038B590F86030C3F380028A4251D00446DC
:10D0E000406A11BB61F3820384F86030FBF7FCFEF9
:10D0F0004FF6FF73984205464FD04FF6FF71606AB6
:10D10000FBF788FC4FF6FF71606AFBF787FCE16A6A
:10D11000606AFBF75FFBE06AD9F748FA0023E36235
:10D120002046BDE83840FFF79BB943F0040384F87C
:10D130006030FBF777FC054601F04EFD0130D9F772
:10D140001DFAE06240B3294601F072FC94F86030A9
:10D150005B0717D4606AFBF7C7FE4FF6FF73984270
:10D16000054613D0606A4FF6FF71FBF753FC606A07
:10D170004FF6FF71FBF752FC2046BDE83840FFF741
:10D180006FB938BD2046FFF7BBFAE3E7606AFBF7EB
:10D19000ADFEA842E6D1C3E7FEE7606AFBF7A6FE54
:10D1A000A842AAD1B3E700BFB9B170B50546084699
:10D1B0000C4601F011FD0646286B711CD9F70CFADC
:10D1C000286358B1214601F033FC00222B6B28461E
:10D1D0009A55BDE87040CAF76BBBFEE7FEE700BF9B
:10D1E00090F86030C3F3C0028A4232D070B5044672
:10D1F0000D46406AC9B965F3C30342F2640184F87D
:10D200006030C9F72DFC2A462946606ACFF7C6FB75
:10D210002A4604212046CFF7F5F800232046BDE832
:10D2200070401A461946CDF701B943F0080384F857
:10D23000603042F2D171C9F713FC606A002242F2F9
:10D240006401CFF7ABFB42F2D1712046C9F720FC55
:10D25000E3E770474163704781637047014B196092
:10D26000704700BFFCD9002038B590F8603061F3FA
:10D27000410380F8603001B138BD0446406AFBF7D5
:10D2800033FE4FF6FF73984205460BD0606A4FF6A7
:10D29000FF71FBF7BFFB606A4FF6FF71BDE83840D6
:10D2A000FBF7BCBB606AFBF721FEA842EED1E3E7C7
:10D2B0008187704770B50C4605460022CFF79EFD6A
:10D2C000022C4FF00003686A07D0032C05D0BDE89C
:10D2D000704001211A46C9F7C3BC2146BDE8704021
:10D2E0001A46C9F7BDBC00BF90F860305B0701D596
:10D2F000C06A7047406AFBF795BB00BF024B806A6B
:10D30000002808BF1846704784F60310406A70472B
:10D31000406C704790F85400C0F34000704700BF65
:10D3200090F86000C0F38000704700BF10B5046B38
:10D3300084B014B1204604B010BD57222146CEF768
:10D340000FF9234642F222026946D5F7EFFE18B9DB
:10D35000024C204604B010BD014CEBE77CF50310F5
:10D360000CF7031090F86000C0F3C000704700BFD6
:10D37000406B7047806B704738B50546406AFBF7D5
:10D38000B3FD4FF6FF73984201D0012038BD04462B
:10D39000686AFBF7ABFD001B18BF012038BD00BF5A
:10D3A00090F86000C0F34000704700BF808F704766
:10D3B00038B50446406AFBF797FD4FF6FF73984275
:10D3C0000BD0606A4FF6FF71FBF724FB606A4FF6E3
:10D3D000FF71BDE83840FBF721BB0546606AFBF7EB
:10D3E00085FDA842EDD138BD416C0131FFF760BA2F
:10D3F000416C01B970470139FFF75ABA30B505469B
:10D4000083B0416C01AA406AFBF71AFB5922002144
:10D410002846CEF7A5F85722002104462846CEF725
:10D420009FF8BDF8063002891C440134B5F840303D
:10D43000144424B2686AADF80640ADF80430C9F768
:10D44000EFFC844201DB03B030BD01A9686AFBF741
:10D4500001FC01462846B5F94040FFF729FAA5F836
:10D46000404003B030BD00BF30B5044683B0416CCE
:10D4700001AA406AFBF7E4FA592200212046CEF7C0
:10D480006FF85722054600212046CEF769F8BDF80F
:10D49000063002890133581B801AB4F8403001A9C4
:10D4A000ADF80600606AADF80430FBF7D3FB014627
:10D4B0002046B4F94050FFF7FBF9A4F8405003B000
:10D4C00030BD00BF2DE9F043A848A1B00D46DCF700
:10D4D000FBF8012802D021B0BDE8F0832846DCF734
:10D4E00011F904462846DCF709F9631E0446172B98
:10D4F000F1D801A252F823F059D5031059D50310E1
:10D5000059D50310D7D40310D7D40310D7D40310A0
:10D51000D7D4031059D50310D7D40310D7D4031090
:10D52000D7D40310D7D4031039D8031015D803105B
:10D53000D7D40310D7D40310D7D40310D7D40310F3
:10D54000D7D40310D7D4031075D70310D7D4031042
:10D55000D7D4031059D60310DCF7C0FF04460028C7
:10D56000B9D02846DCF7CAF890F8543006469F0731
:10D57000B1D52046DCF7B8FF0228ACD02046DCF756
:10D58000B3FF0428A7D0706A0FA9C9F799FB2046FA
:10D5900003A9DDF755F8204605A9DDF791F8BDF997
:10D5A0000C30002B97DBBDF90E20002A93DBBDF871
:10D5B0003C1028465B1ABDF83E10ADF81C30521ADC
:10D5C000ADF81E20DCF79EF80446706AC9F722FC0D
:10D5D000BDF91C30756A002BC0F2B881984200F387
:10D5E000CE8196F8603047F6FF7798070AD5D907BD
:10D5F0000AD5022C00F0FC81032C00F0FE81082CDF
:10D6000000F0FB81D80702D4012C7FF464AF3946C7
:10D610003046FFF74DF996F86030D9077FF55BAFDC
:10D62000D6E916239A42E96B40F29C818B4202D1E3
:10D63000296C8A4204D03046EB632A64CAF738F971
:10D64000032C02D0082C7FF446AF96F8603023F00C
:10D65000010386F860303EE72846DCF74FF80446C1
:10D660002846DCF7B9F90746606AFBF7DBF994F85E
:10D6700054300646DB077FF52EAF0FA8D4F776FCB3
:10D680004FF4E02120460FAAC8F73CFD636AB4F9C5
:10D690004EC09A8AB4F94A50DB8AB4F94C001D4452
:10D6A0006344B4F848C0104462440FA9ADF80C209C
:10D6B000ADF8100003AA3846ADF81230ADF80E50A0
:10D6C000D4F77AFC32224FF4E0212046CDF748FF10
:10D6D00012224FF4E02105462046CDF741FF4FF0DE
:10D6E0000009ADB24FF4E02105EB000810222046FE
:10D6F000CDF736FFCDE90599226D1D4B16441B6809
:10D700000544304698473146024605A8D9F73CF90A
:10D71000BDF80C301FFA88F89844BDF80E30ADB251
:10D720001D4455224946606AADF80E50ADF80C8094
:10D73000CDF716FF85B207A8D1F7FAFD4FF4E02127
:10D74000204607AAC8F75CFE9DF83F30022B04D89C
:10D75000BDF82830AB423FF4BEAE0024384605ABDE
:10D7600003AA07A90094D1F7FBFDB4E6EC4004102E
:10D77000540E00202846DBF7C1FF04462846DCF79C
:10D780002BF90546606AFBF74DF90378002B7FF40F
:10D79000A2AEA36A002B3FF49EAE1B78002B3FF491
:10D7A0009AAE0FA8D1F7C4FD0FAA4FF4002120466E
:10D7B000C8F726FE94F860301A0705D59DF8593051
:10D7C00043F002038DF85930122200212046CDF794
:10D7D000C7FE1022074600212046CDF7C1FE3222A7
:10D7E000064600212046CDF7BBFE83B29A190026DB
:10D7F0003B44A06919B2636912B2CDE9073007A8AA
:10D80000D7F78CF8A36A284607AA0FA90096D1F784
:10D81000A7FD60E665224FF4E021CDF7A1FE0546A5
:10D8200008BB20467D49D6F7B9FD94F8543043F043
:10D83000010384F854304EE62846DBF767FF0168A1
:10D8400014292DD8012925D98B1E122B22D8DFE8C7
:10D8500003F03A5D212121213D2171212121212146
:10D86000216B65612F000FA8D6F758FD6B4A012385
:10D87000002610924FF6FF7269490FA8CDE91733C1
:10D880000F941A951D9519961691ADF87C20D6F730
:10D8900031FE20E6204621B0BDE8F043FFF7F0B9A5
:10D8A0007F29F7D1204621B0BDE8F043FFF734BB14
:10D8B000616C00293FF40FAE2046013921B0BDE86C
:10D8C000F043FEF7F5BF00212046F7E7636C002B1D
:10D8D0003FF401AE00237F26524D1D2120460FAAA2
:10D8E0002B60ADF83C60DBF7CFFE2D6855B12B788F
:10D8F000002B3FF4F0AD28460FA900F0BBFF002835
:10D9000040F086802046FFF78DFAE4E547F6FF7188
:10D910002046D3E7616C20460131CFE7204621B095
:10D92000BDE8F043FFF76ABD204621B0BDE8F043F3
:10D93000FFF79ABD94F860301B07ABD500221F217A
:10D94000204621B0BDE8F043DBF79EBE96F860307C
:10D9500013F002073FF456AE13F001073FF454AE44
:10D96000002746E634D28A4203D1296C8B423FF429
:10D9700067AE3046EA632B64C9F79AFF60E607A9F1
:10D980002846FBF767F9804607A9706AFBF766F936
:10D9900096F860301FFA88F79A077FF533AED907FB
:10D9A0003FF527AE00283FF42FAE012C7FF493AD56
:10D9B00096F860304FF4407143F0010386F8603010
:10D9C0004FF6FF733046B765F365C8F783F91EE677
:10D9D0004FF6FF73994203D12B6C8B423FF430AE6C
:10D9E0004FF6FF733046C5E90F33C9F761FF27E6ED
:10D9F000DA07F7657FF56FAD09E64FF44071304601
:10DA0000C8F71CF996F86030DB077FF564ADFEE5DA
:10DA100029462046FFF774F85DE500BF95C6031060
:10DA200039480110FCD9002010B510210446D9F75F
:10DA30004FFAFF224FF480332273236010BD00BFE2
:10DA400070B50C7BBDF81050022CBDF814600BD9DA
:10DA5000B1F9024044B1B54206D04469CDE904565B
:10DA6000A446BDE87040604770BD00BF2DE9F04F8F
:10DA70001E4685B0BDF83830174606F5B47293429D
:10DA80000D460446BDF93CC09DF84010DDF84490B9
:10DA90004FD0B6F5B47F84BFA6F5B476B6B2B3F571
:10DAA000B47F88BFA3F5B473A7EB0C0A0FFA87FB0A
:10DAB00088BF9BB20FFA8AFA91BB8846C4497208A4
:10DAC000A1FB02024FEA530CA1FB0C1CC2F347124C
:10DAD000042ACCF3471C2FD0BCF1040F00F0F380D4
:10DAE000624500F07781A4B2ADB2002A70D1BCF1DA
:10DAF000010F00F0AC8000231A46E01B3C44E91BF8
:10DB000060F30F033D4464F30F0261F31F4365F3B9
:10DB10001F42C9F80030C9F8042005B0BDE8F08FF5
:10DB20000CEBDC7C4FEA6C0C0CF1010C1FFA8CF84E
:10DB3000C4E7A4B2ADB2DEE7BCF1040F51D0BCF132
:10DB4000030F4ED0A4B2ADB2BCF1000FD3D103F19C
:10DB50005A0109B2084603910293D8F7A9FB06F1CE
:10DB60005A0212B2009010460192D8F7A1FB009B16
:10DB70008342B8BF0399DDE90123B4BF08461046CC
:10DB80000093D8F795FB00FB0AFAA4EB0802009B70
:10DB900002EBEA32A9F8002030B20093D8F788FBF4
:10DBA00000FB0BF2009B3C4418B2A5EB0803444475
:10DBB00003EBE233A9F80440A9F80230D8F778FB68
:10DBC0000BFB00F0A84408EBE038A9F80680A4E7B6
:10DBD000012A00F0BB80022A00F0F580032A8AD1D6
:10DBE000B2E79E42A5D806F15A0000B20093D8F7DA
:10DBF0005FFB00FB0AF1A4B2A4EB080202EBE132E6
:10DC0000A9F8002030B2D8F753FB00FB0BF0009BC3
:10DC1000ADB2A5EB080202EBE03203F15A00A9F81D
:10DC2000022000B2D8F744FB0BFB00F0009B4444F9
:10DC300004EBE034A9F8044018B2D8F739FB0AFB2A
:10DC400000F0454405EBE035A9F8065065E703F11F
:10DC50005A0000B20093D8F72BFB00FB0BF0009B9F
:10DC6000A4EB08021BB202EBE032A9F80020184630
:10DC70000293D8F71DFB31B2019008460091D8F706
:10DC800017FB019A00998242B6BF029B08461846CC
:10DC9000D8F70EFB00FB0AF3A5EB080202EBE33317
:10DCA00006F15A0000B2A9F80230D8F701FB0BFBCD
:10DCB00000F03D444444454404EBE034A9F80650E8
:10DCC000A9F8044029E7032A8BD0022A7FF431AF58
:10DCD000A4B2ADB206F15A0000B20093D8F7E8FA48
:10DCE00000FB0BF0009BEF1BA4EB080202EBE03201
:10DCF000A7EB080703F15A00A9F80020A9F8027061
:10DD000000B2D8F7D5FA0BFB00F0009B44441FB2D9
:10DD100004EBE034A9F804403846D8F7C9FA36B223
:10DD200000FB0AF43046D8F7C3FA0AFB00F084423D
:10DD3000CCBF38463046D8F7BBFA0AFB00F345445F
:10DD4000C3F3CF332B44A9F80630E6E6BCF1020F4B
:10DD50007FF4D1AEE71BA7EB080718B2A9F8007053
:10DD60000093D8F7A5FA00FB0BF0A5EB080202EB35
:10DD7000E032A9F8022006F15A0212B210460192CE
:10DD8000D8F796FA009B00905A331FB23846D8F75E
:10DD90008FFA009B44448342CABF019A384610461A
:10DDA000D8F786FA00FB0AF304EBE334A9F8044041
:10DDB00030B2D8F77DFA0BFB00F0454405EBE035B7
:10DDC000A9F80650A9E6BCF1030F7FF494AE81E7F1
:10DDD000B7600BB69E423FF686AE032A3FF69DAE75
:10DDE00001A151F822F000BFCBDE031061DE031069
:10DDF000F9DD0310E7DB031006F15A0000B20093CF
:10DE0000D8F756FA00FB0BF1A4B2A4EB080202EB20
:10DE1000E132A9F8002030B2D8F74AFA00FB0AF044
:10DE2000ADB2009B05EB080202EBE032A9F8062038
:10DE300018B2D8F73DFA0BFB00F0009BA5EB0805E4
:10DE400005EBE0355A33A9F8025018B2D8F730FA8A
:10DE50000AFB00F0444404EBE034A9F804405CE61B
:10DE600030B20093D8F724FA00FB0BF1ADB205EB0A
:10DE7000080202EBE13206F15A00A9F8062000B2CE
:10DE8000D8F716FA00FB0AF0A4B2009B04EB0802D4
:10DE900002EBE032A9F8042018B2D8F709FA0AFB1D
:10DEA00000F0009BA5EB080505EBE0355A33A9F817
:10DEB000025018B2D8F7FCF90BFB00F0A4EB0804F1
:10DEC00004EBE034A9F8004027E630B20093D8F71D
:10DED000EFF900FB0AF1ADB2A5EB080202EBE1326B
:10DEE00006F15A00A9F8022000B2D8F7E1F900FBC8
:10DEF0000BF0A4B2009B04EB080202EBE032A9F89D
:10DF0000042018B2D8F7D4F90BFB00F0009B45446D
:10DF100005EBE0355A33A9F8065018B2D8F7C8F91E
:10DF20000AFB00F0A4EB080404EBE034A9F800407D
:10DF3000F3E500BF2DE9F043099FBDF91C50BDF981
:10DF400020609DF828E0DDE90B8958B1C46A54B11E
:10DF5000A446CDE90B89CDE9097ECDE90756BDE898
:10DF6000F0436047FEE7BDE8F08300BF10B5054C05
:10DF70002068D8F71BFB0023034A2360C2E9003363
:10DF800010BD00BF2C18002000DA002070B5044638
:10DF9000084D094E2868D8F709FB2046D8F7EEFA55
:10DFA0002860306020B12146D8F792FF746070BDC0
:10DFB000FEE700BF2C18002000DA0020837813FB56
:10DFC00001F3B2EB232F40F39C802DE9F04F90F842
:10DFD00008E04FEA232C0EF1FF3400EB84039B781A
:10DFE00013FB01F3B2EB232F0BDABEF1010F07D9BC
:10DFF000837913FB01F3B2EB232F4FEA232104DDD6
:10E00000FEE730F82400BDE8F08F40F2071807273C
:10E010004FF0030940F2031AA2EB0C02A1EB0C0132
:10E0200013B24FF0000CC3EB032393FBF1F34678DC
:10E03000058890F800E0F60816FB0876C5F345154C
:10E0400015FB0A950EF01F0E1EFB087E7611624628
:10E05000AD1166F3174C65F30F2C4FEA6E1E6EF38D
:10E06000070C6FEA030E4479B0F804B0017924FA82
:10E0700009F414FB0874CBF3451010FB0A9001F06F
:10E080001F0111FB0871641164F3174280114CF0F9
:10E090007F4C60F30F2249115FFA8EFE61F3070295
:10E0A000CCF307245FFA8CF1CCF3074C1EFB04F48D
:10E0B00011FB0EF11EFB0CFE42F07F42DBB2D5B22B
:10E0C000C2F30720C2F3074212FB03E215FB031160
:10E0D00010FB034C02EB022302EBC31201EB012302
:10E0E00001EBC3100CEB0C230CEBC31CCCF3456C05
:10E0F000C0F38460920E40EA4C1040EAC220BDE8B2
:10E10000F08F0088704700BF2DE9F04F8046407ABD
:10E1100087B010F0070069D0DFF870920E4699F8CA
:10E1200008409246002C00F0AA8002280CBF0C4642
:10E130001446D9F8042088EA61076740002A00F0F5
:10E140002181914B1868D9F80050B0B14FF0020C02
:10E150000321A646436833F040440DD00468BC4216
:10E1600000F0AF8042B1838913FB0C1323F003034B
:10E1700010331844A842EDD37446B245B8BFB24636
:10E180000323814903EB4A03096823F00303103397
:10E19000A5EB010B01935B4493422AD2EB7923F068
:10E1A0008003EB716B682F6003F0004343F00102C2
:10E1B000002BA5F80CA0EC816A60C0F2D980D9F8D8
:10E1C0000070019B3B44C9F800301037002CC8BFD9
:10E1D0000026AF6009DD32B221464046FFF7EEFE71
:10E1E0000136B44227F8020BF5D1284607B0BDE846
:10E1F000F08F019890426CD89342CFD9CDE9024775
:10E20000022607469446CDF810A0CDF81480BCF144
:10E21000000F2BD051B303206FF00F0E0A464FF0C2
:10E22000FF385368C3F31D0433F040430CD0938987
:10E23000A04513FB060323F0030303F110031A4464
:10E2400028BFA0469542ECD80C466368C3F31D0274
:10E2500033F040430AD0904545D0A38913FB060311
:10E2600023F0030310331C44A542EED80BEB070345
:10E270006345CCD8DDE90247DDE904A88EE7424DCD
:10E280002868D8F793F92046D8F778F92860C9F8B4
:10E290000000A8B12146D8F71BFE012389F80830F9
:10E2A00098F80930224603F00703022BC9F804400E
:10E2B00061D088EA66075446104687EA0A0742E7B3
:10E2C000FEE703F1010E6EF31D03436007B0BDE8E6
:10E2D000F08FD8F753F9054620B1C37943F0800396
:10E2E000C3715FE7FEE7B4F80CA0A5EB04081AFBC6
:10E2F000060A2AF0030AAEEB0A0B0AF1100A5D4483
:10E30000B8EB0A08C9F8005006D1A5EB010B0BEBDE
:10E3100007039C4582D3ADE74246204604EB0A0141
:10E32000D8F732FBD9F80050A5420ED020464FF066
:10E33000030C8389826813FB06C323F003031033A5
:10E340005A4482601844A842F3D1514604EB0800B5
:10E35000D8F7BEFD0C4BD9F800501968D9F804C0A5
:10E36000A5EB010B0BEB070363453FF650AF81E7CD
:10E3700005F110072AE786EA66073446104688EA60
:10E380000707E0E61046DEE62C18002000DA002041
:10E3900090F90730002B00DB7047D8F707B900BFB2
:10E3A00070B5144882B0C4F7B1F8D5F7BDFC044687
:10E3B0000520D7F767FA05460020D7F763FA0E4E17
:10E3C00002460123294620460096EAF755FE0146FB
:10E3D0002046DAF7F5FD00F017F80020C7F722FC19
:10E3E00002460649064B08681A6002B0BDE8704054
:10E3F000DBF708B810F70310F4FE031010DA002062
:10E400000CDA002000F0B2B810B50020C7F70AFC03
:10E41000524C10212060C7F75DFC2068002246F2B4
:10E420000C31CEF73FFB0022FF212068CEF74EFBD8
:10E430002068FBF761FC012249496060FBF768FC3A
:10E4400060688D21C8F70CFB60685B21C8F720FB72
:10E4500060686FF00401C8F7A7FA60686FF0080100
:10E46000C8F7BAFA60680921C8F7F6FB60680022AD
:10E470004FF20031CEF790FC60680022FF21CEF70A
:10E480009FFC606800223749CEF7A0FC606800223C
:10E4900045F26921CEF706FB60680022FF21CEF726
:10E4A00015FB60684FF480224EF68201CEF774FCB3
:10E4B00060684FF48022FF21CEF782FC60684FF441
:10E4C00080222949CEF782FC60684FF4802241F611
:10E4D000C301CEF7E7FA4FF48022FF216068CEF740
:10E4E000F5FA2068F5F74CFC00221921A060F5F739
:10E4F00053FC0022A0681146F5F79EFCA068262177
:10E50000C8F7AEFAA0680A21C8F7C2FAA06870215D
:10E51000C8F74AFAA0686FF06C01C8F75DFAA06806
:10E520000921C8F799FBA06800224FF00001CEF73F
:10E53000B9FAA0680022FF21CEF7C8FAA0684FF40C
:10E5400000324FF60001CEF7ADFAA0684FF400326A
:10E55000BDE81040FF21CEF7B9BA00BF10DA0020A5
:10E5600024F7031008410410247F041010B5054C53
:10E57000206808B1CEF756FE0023C4E90033A3603B
:10E5800010BD00BF10DA0020002301461A461846CD
:10E5900000F050BB024B0146186800F0F3BB00BF0F
:10E5A000F0120020014800F053B900BF300E0120E6
:10E5B000014800F04FB900BF300E0120032A30B4EB
:10E5C00012D941EA000484460B46A40721D119461A
:10E5D000604653F8044B5CF8045BA54219D1043A39
:10E5E000032AF4D860461946541E7AB1431E0139F5
:10E5F000021901E09A4209D013F8010F11F801CF76
:10E600006045F7D0A0EB0C0030BC7047002030BC58
:10E610007047541EEAE700BF88420DD98B18834229
:10E620000AD900EB020C5AB3624613F801CD9942A5
:10E6300002F801CDF9D170470F2A0DD802F1FF3C45
:10E64000F2B10CF1010C431E8C4411F8012B614511
:10E6500003F8012FF9D1704740EA01039B07F0B599
:10E660000C460ED002F1FF3C03460CF1010C013BBD
:10E670008C4411F8012B614503F8012FF9D1F0BD4D
:10E680007047A2F1100501F1200E01F1100300F115
:10E69000100C25F00F05AE4453F8106C10330CF13C
:10E6A000100C4CF8206C53F81C6C4CF81C6C53F894
:10E6B000186C73454CF8186C53F8146C4CF8146CC7
:10E6C000EAD101EB050C12F00C0F05440CF110011E
:10E6D00005F1100302F00F050E4618D0043DA0EB23
:10E6E000040E25F00304A4440CF1140C0F6801EB94
:10E6F0000E0504312F606145F8D1043402F00302A5
:10E70000A119234402F1FF3C002AAED1F0BD2A46F4
:10E71000F8E700BF830730B546D08418844604E08C
:10E7200003F8011B9D0704D09C46A4456346F7D11E
:10E7300030BD013A0244A2EB0C02032A29D9CCB223
:10E740000F2A04EB042404EB04442FD9A2F1100C8B
:10E7500003F110052CF00F0CAC44C3E90044C3E9ED
:10E76000024410336345F8D112F00C0F02F00F0E83
:10E7700018D02EF0030CAEF104051A469C4442F862
:10E78000044B6245FBD125F0030404330EF0030271
:10E790002344002ACCD0C9B21A4403F8011B934287
:10E7A000FBD130BD7246F4E70346C6E79646E0E784
:10E7B00041EA00020346920715D10A68A2F101302E
:10E7C00020EA020010F0803F0DD101F1040C6146F7
:10E7D00043F8042B5CF8042BA2F1013020EA02007C
:10E7E00010F0803FF3D011F8012B184603F8012BED
:10E7F000002AF8D1704700BF38B50022064D044604
:10E8000008462A60C3F76CFD431C00D038BD2B6856
:10E81000002BFBD0236038BDEC150120014B18689C
:10E82000704700BFF012002038B5074D074C2C1B75
:10E83000A41005D0013C55F8043D9847002CF9D1AF
:10E84000BDE8384000F092BB18F0031018F0031038
:10E85000704700BF704700BF082802D14FF48050B6
:10E86000704708B5FFF7DAFF162203464FF0FF3076
:10E870001A6008BD80EA010C1CF0030F37D110F0BC
:10E88000030C20F0030021F0030150F8042B08BF13
:10E8900051F8043B0ED08CF0030C6FF07F434FEA2D
:10E8A000CC0C23FA0CFC51F8043B42EA0C0243EA7C
:10E8B0000C0300BFA2F1013C9A4201BF2CEA020CFA
:10E8C0001CF0803F50F8042B51F8043BF2D04FEA83
:10E8D00002604FEA1222012828BFB0EB036F08BF85
:10E8E0001B0AF4D003F0FF03000EC01A704710F0AB
:10E8F000030F0AD010F8012B11F8013B012A28BFA1
:10E900009A42F4D0A2EB030070474DF8045D50F832
:10E91000042B01F0030521F0030151F8043B022D03
:10E9200026D04DD822F07F45B5EB132FA2F1013C44
:10E930002CEA020C0DD11CF0803C08BF51F8043BBE
:10E940000AD185EA0205B5EB036F0CD150F8042B10
:10E95000E8E74FEA13235BE03CF07F4C54D10B789F
:10E960004FEA126554E04FEA126503F0FF034FE0EF
:10E970004FEA0245A2F1013C4FEA15452CEA020C90
:10E98000B5EB134F18D11CF0803C08BF51F8043B85
:10E9900007D185EA0205B5EB034F09D150F8042BE6
:10E9A000E6E75FEA0C4C2FD10B884FEA12452FE0C7
:10E9B0004FEA03434FEA12454FEA134328E000BFF2
:10E9C00002F0FF05B5EB136FA2F1013C2CEA020C3B
:10E9D0000DD11CF0803C08BF51F8043B0AD185EAF8
:10E9E0000205B5EB032F0AD150F8042BE8E74FEAF4
:10E9F00013630DE012F0FF0F06D051F8043B4FEA0D
:10EA0000122523F07F4303E04FF0000020BC704745
:10EA100005F0FF0203F0FF00012828BF904204BF69
:10EA20002D0A1B0AF4D0A2EB000020BC704700BFE7
:10EA300080EA0102844612F0030F4FD111F0030F58
:10EA400032D14DF8044D11F0040F51F8043B0BD0B6
:10EA5000A3F101329A4312F0803F04BF4CF8043B0B
:10EA600051F8043B16D100BF51F8044BA3F1013219
:10EA70009A4312F0803FA4F101320BD14CF8043BD1
:10EA8000A24312F0803F04BF51F8043B4CF8044B02
:10EA9000EAD023460CF8013B13F0FF0F4FEA332373
:10EAA000F8D15DF8044B704711F0010F06D011F852
:10EAB000012B0CF8012B002A08BF704711F0020F40
:10EAC000BFD031F8022B12F0FF0F16BF2CF8022B2B
:10EAD0008CF8002012F47F4FB3D1704711F8012B4E
:10EAE0000CF8012B002AF9D1704700BF844641EA97
:10EAF000000313F0030349D1403A23D30B680360AA
:10EB00004B6843608B688360CB68C3600B690361AB
:10EB10004B6943618B698361CB69C3610B6A036293
:10EB20004B6A43628B6A8362CB6AC3620B6B03637B
:10EB30004B6B43638B6B8363CB6BC3634030403160
:10EB4000403ADBD230320BD30B6803604B68436032
:10EB50008B688360CB68C36010301031103AF3D2F9
:10EB60000C3205D351F8043B40F8043B043AF9D287
:10EB7000043208D0D2071CBF11F8013B00F8013B5A
:10EB800001D30B8803806046704700BF082A13D367
:10EB90008B07B1D010F00303AED0C3F10403D21A37
:10EBA000DB071CBF11F8013B00F8013BA4D331F88F
:10EBB000023B20F8023B9FE7043AD9D3013A11F80F
:10EBC000013B00F8013BF9D20B7803704B7843709E
:10EBD0008B7883706046704720F0030110F00300CB
:10EBE000C0F1000051F8043B00F1040C4FEACC0CDA
:10EBF0006FF000021CBF22FA0CF213434FF0010C1D
:10EC00004CEA0C2C4CEA0C4CA3EB0C0222EA03025B
:10EC100012EACC1204BF51F8043B0430F4D0C2F124
:10EC2000000102EA0102B2FA82F2C2F11F0200EB15
:10EC3000D20070472DE9F8431C4D064698460F4612
:10EC400028689146FFF704FE194B1C682CB328680E
:10EC500065681F2D24DC4EB96B1C0235636044F8D7
:10EC60002570FFF7F7FD0020BDE8F88304EB850170
:10EC70000123022EC1F8889003FA05F3D4F8882105
:10EC800042EA0302C4F88821C1F80881E4D1D4F82B
:10EC90008C211A43C4F88C21DEE7064C1C60D6E7B1
:10ECA000FFF7D8FD4FF0FF30DEE700BF381400203B
:10ECB000980C01209C0C0120024B13B10248FFF775
:10ECC00063BC70470000000029E803102DE9F843F9
:10ECD0000646DFF8AC8008208946FFF7BDFD0546F3
:10ECE0003046FFF75FFCD8F808305F6827F003076D
:10ECF000A7F11104A4EB09042C44B4FBF5F4013C86
:10ED000005FB04F4A54208DC00213046FFF774FD42
:10ED1000D8F808303B44984205D03046FFF748FC0D
:10ED20000020BDE8F88361423046FFF765FD013001
:10ED30000FD03F1B104AD8F80830304647F0010783
:10ED40005F6013681B1B1360FFF732FC0120BDE8F6
:10ED5000F88300213046FFF74FFDD8F80820831ACA
:10ED60000F2BDADD43F0010303495360034B1B68AB
:10ED7000C01A0860D1E700BF340E0120E00E002069
:10ED8000E80E002000295AD0F8B50C460746FFF7D8
:10ED900009FC734D54F804CCA4F10802A8682CF0C7
:10EDA00001030CF0010ED1184E68884226F00306CC
:10EDB0007CD088194E60406800F00100BEF1000F61
:10EDC0002ED154F8084C05F1080C121B234494680A
:10EDD000644560D0D2F80CE0C4F80CE0CEF80840EE
:10EDE00000287DD043F0010050600B60B3F5007F38
:10EDF0002ED25809D90801238340686801310343A2
:10EE000055F831006B6005EBC103083BC2E9020312
:10EE100045F83120C2603846BDE8F840FFF7C8BB6E
:10EE200070B9334405F1080C886843F0010460456B
:10EE30006ED0C968C16088605460D350D6E770470F
:10EE40004CF00101B3F5007F44F8041CD350D0D33B
:10EE5000B3F5206F4FEA532144D2990901F13900EB
:10EE600001F13804C100681869580838884203D194
:10EE700055E08968884204D04C6824F003049C4221
:10EE8000F7D8C868C2E9021082603846CA60BDE897
:10EE9000F840FFF78DBB80BB1E44D1E90213CB6065
:10EEA000996046F0010353609651B4E71E44BEF1E9
:10EEB000000F07D154F8083CD21A1E44D2E90213BD
:10EEC000CB60996046F001035360264BAA601B6833
:10EED000B342A0D8244B38461968FFF7F7FE9AE7EB
:10EEE0003344A1E714290DD954291FD8190B01F176
:10EEF0006F0001F16E04C100B5E743F001005060FE
:10EF00000B6088E701F15C0001F15B04C100AAE736
:10EF1000C5E90422C2E902CC5460D3507BE7A410B7
:10EF20000123A3406C6823436B60ABE7B1F5AA7F74
:10EF300006D8D90B01F1780001F17704C10092E7FE
:10EF400040F25450814206D8990C01F17D0001F144
:10EF50007C04C10087E74FF47E717E2483E700BF05
:10EF6000E80E0020E40E00205C0E0120F8B500BF82
:10EF70005FF800F0A90200205FF800F035020020E1
:10EF80005FF800F0190700205FF800F0A1060020EC
:10EF90005FF800F0710A00205FF800F06D020020B9
:10EFA0005FF800F0790600205FF800F0D506002039
:10EFB0005FF800F0CD0100205FF800F011010020A3
:10EFC0005FF800F0E109002049210010BD20001089
:10EFD000F1200010C1210010292100104120001053
:10EFE000712100102D200010051400107521001053
:10EFF000C11700108D2000105D2100100D210010A0
:10F00000210E0010490E0010B9EC0310B52C0010B1
:08F01000E901001005030010E6
:10F018004669726D77617265207374617274656494
:10F02800210000004C56474C20696E6974000000AE
:10F038004D656D6F7279204F4B0000004D656D6F07
:10F048007279204641494C00696E207768696C6581
:10F05800206C6F6F700000000A2A2A2A2050414E47
:10F068004943202A2A2A0A000A0000004E6F20730A
:10F0780070696E6C6F636B73206172652061766175
:10F08800696C61626C6500004E6F20757365722053
:10F09800495251732061726520617661696C6162C1
:10F0A8006C650000486172647761726520616C610B
:10F0B800726D20256420616C726561647920636CCF
:10F0C80061696D6564000000486172642061737352
:10F0D8006572740052656C6561736500626F6F7468
:10F0E800325F77323571303830000000322E322EE0
:10F0F800300000007069636F320000007069636F50
:10F108005F736861726B0000417072203330203287
:10F11800303236005541525420737464696E0000D1
:10F1280055415254207374646F757400554152549C
:10F1380020737464696E202F207374646F75740073
:10F1480055534220737464696E202F207374646F62
:10F15800757400005261737062657272792050692B
:10F16800000000005069636F00000000426F617288
:10F178006420434443000000526573657400000036
:10F18800556E68616E646C65642049525120307810
:10F1980025780A0065702025303258207761732061
:10F1A800616C726561647920617661696C61626C19
:10F1B8006500000043616E277420636F6E74696E8A
:10F1C80075652078666572206F6E20696E6163745C
:10F1D8006976652065702025303258004E6F0A64C4
:10F1E8006174610062696E00202C2E3B3A2D5F002D
:10F1F800EF808C0025640000537500004D6F0000FF
:10F2080054750000576500005468000046720000FD
:10F2180053610000EF819300EF819400256420255D
:10F22800730000004A616E7561727900466562720A
:10F2380075617279000000004D617263680000001A
:10F24800417072696C0000004D6179004A756E6505
:10F25800000000004A756C79000000004175677570
:10F268007374000053657074656D62657200000008
:10F278004F63746F626572004E6F76656D6265727A
:10F2880000000000446563656D626572000000005F
:10F29800323032330A323032320A323032310A32C4
:10F2A8003032300A323031390A323031380A3230AD
:10F2B80031370A323031360A323031350A3230319C
:10F2C800340A323031330A323031320A3230313195
:10F2D8000A323031300A323030390A323030380AA6
:10F2E800323030370A323030360A323030350A326E
:10F2F8003030340A323030330A323030320A323069
:10F3080030310A323030300A313939390A31393935
:10F31800380A313939370A313939360A3139393504
:10F328000A313939340A313939330A313939320A2B
:10F33800313939310A313939300A313938390A31F4
:10F348003938380A313938370A313938360A3139D3
:10F3580038350A313938340A313938330A313938CD
:10F36800320A313938310A313938300A31393739C6
:10F378000A313937380A313937370A313937360AD5
:10F38800313937350A313937340A313937330A31A7
:10F398003937320A313937310A313937300A313998
:10F3A80036390A313936380A313936370A31393679
:10F3B800360A313936350A313936340A3139363375
:10F3C8000A313936320A313936310A313936300A9A
:10F3D800313935390A313935380A313935370A3151
:10F3E8003935360A313935350A313935340A313942
:10F3F80035330A313935320A313935310A3139353F
:10F40800300A313934390A313934380A3139343724
:10F418000A313934360A313934350A313934340A43
:10F42800313934330A313934320A313934310A3115
:10F438003934300A313933390A313933380A3139F4
:10F4480033370A313933360A313933350A313933EA
:10F45800340A313933330A313933320A31393331E5
:10F468000A313933300A313932390A313932380AF6
:10F47800313932370A313932360A313932350A31BF
:10F488003932340A313932330A313932320A3139B0
:10F4980032310A313932300A313931390A313931A8
:10F4A800380A313931370A313931360A313931358B
:10F4B8000A313931340A313931330A313931320AB2
:10F4C800313931310A313931300A313930390A317B
:10F4D8003930380A313930370A313930360A31395A
:10F4E80030350A313930340A313930330A3139305C
:10F4F800320A31393031000030310A30320A3033C3
:10F508000A30340A30350A30360A30370A30380AB9
:10F5180030390A31300A31310A313200256C640041
:10F528006162630041424300EF808D00EF849C00DC
:10F53800456E746572000000EFA2A200EF959A0074
:10F548002B2F2D0031000000330000003400000094
:10F5580035000000360000003700000038000000C9
:10F56800390000002E0000002B00000026000000DB
:10F578002F0000002A0000003D00000025000000C8
:10F588003F000000230000003C0000003E00000097
:10F598005C0000004000000024000000280000007B
:10F5A800290000007B0000007D0000005B000000D7
:10F5B8005D0000003B000000220000002700000062
:10F5C8002000000031230000510000005700000017
:10F5D80045000000520000005400000059000000DF
:10F5E80055000000490000004F00000050000000D6
:10F5F80041000000530000004600000047000000E2
:10F60800480000004A0000004C0000005F000000B5
:10F618002D0000005A0000005800000056000000AD
:10F62800420000004E0000004D0000002C000000C9
:10F638003A00000071000000770000007900000027
:10F6480075000000690000006F0000006100000004
:10F6580066000000670000006A0000006B00000000
:10F668007A000000630000007600000062000000DD
:10F678006E0000006D00000042746E310000000052
:10F6880042746E320000000042746E3300000000C5
:10F6980042746E340000000042746E3500000000B1
:10F6A800436865636B20626F78000000EF81B800E3
:10F6B8004F7074696F6E20310A4F7074696F6E20D5
:10F6C800320A4F7074696F6E203300005465787485
:10F6D800000000004F7074696F6E20310A4F70741B
:10F6E800696F6E20320A4F7074696F6E20330A4F4B
:10F6F8007074696F6E20340A4F7074696F6E2035AC
:10F7080000000000E280A20055495F494E4954209C
:10F71800686173207374617274656400576946691F
:10F728000A424C450A53656E736F72730A52464912
:10F738004400000000000000003E5B4F5B3E3E6B53
:10F748004F6B3E1C3E7C3E1C183C7E3C181C577D73
:10F75800571C1C5E7F5E1C00183C1800FFE7C3E7BF
:10F76800FF0018241800FFE7DBE7FF30483A060ED1
:10F778002629792926407F050507407F05253F5A18
:10F788003CE73C5A7F3E1C1C08081C1C3E7F142288
:10F798007F22145F5F005F5F06097F017F00668933
:10F7A800956A606060606094A2FFA29408047E0479
:10F7B8000810207E201008082A1C08081C2A08089F
:10F7C8001E101010100C1E0C1E0C30383E3830065F
:10F7D8000E3E0E06000000000000005F000000075B
:10F7E800000700147F147F14242A7F2A1223130889
:10F7F800646236495620500008070300001C224165
:10F80800000041221C002A1C7F1C2A08083E080808
:10F8180000807030000808080808000060600020B8
:10F82800100804023E5149453E00427F400072499B
:10F838004949462141494D331814127F102745453F
:10F8480045393C4A49493141211109073649494955
:10F8580036464949291E00001400000040340000C3
:10F86800000814224114141414140041221408022C
:10F87800015909063E415D594E7C1211127C7F499F
:10F888004949363E414141227F4141413E7F4949F4
:10F8980049417F090909013E414151737F08080820
:10F8A8007F00417F41002040413F017F08142241F1
:10F8B8007F404040407F021C027F7F0408107F3E4B
:10F8C8004141413E7F090909063E4151215E7F09B8
:10F8D800192946264949493203017F01033F40401F
:10F8E800403F1F2040201F3F4038403F631408140A
:10F8F8006303047804036159494D43007F41414142
:10F908000204081020004141417F04020102044022
:10F9180040404040000307080020545478407F28A6
:10F928004444383844444428384444287F3854549C
:10F93800541800087E090218A4A49C787F080404BF
:10F948007800447D40002040403D007F102844005E
:10F9580000417F40007C047804787C0804047838EF
:10F9680044444438FC1824241818242418FC7C081F
:10F97800040408485454542404043F44243C40409C
:10F98800207C1C2040201C3C4030403C442810284F
:10F99800444C9090907C4464544C44000836410098
:10F9A8000000770000004136080002010204023C12
:10F9B8002623263C1EA1A161123A4040207A3854E1
:10F9C800545559215555794122545478422155545A
:10F9D800784020545579400C1E52721239555555AD
:10F9E80059395454545939555454580000457C4198
:10F9F8000002457D420001457C407D1211127DF0D8
:10FA0800282528F07C545545002054547C547C0A01
:10FA1800097F4932494949323A4444443A324A48CA
:10FA280048303A4141217A3A42402078009DA0A0CE
:10FA38007D3D4242423D3D4040403D3C24FF242420
:10FA4800487E4943662B2FFC2F2BFF0929F620C03F
:10FA5800887E090320545479410000447D41304890
:10FA6800484A32384040227A007A0A0A727D0D19D3
:10FA7800317D2629292F28262929292630484D4035
:10FA880020380808080808080808382F10C8ACBA31
:10FA98002F102834FA00007B000008142A142222B0
:10FAA800142A14085500550055AA55AA55AAFF55F9
:10FAB800FF55FF000000FF00101010FF0014141481
:10FAC800FF001010FF00FF1010F010F0141414FCC9
:10FAD800001414F700FF0000FF00FF1414F404FCE6
:10FAE800141417101F10101F101F1414141F0010C7
:10FAF8001010F0000000001F101010101F10101040
:10FB080010F010000000FF1010101010101010104E
:10FB1800FF10000000FF140000FF00FF00001F108E
:10FB2800170000FC04F414141710171414F404F448
:10FB38000000FF00F714141414141414F700F71439
:10FB48001414171410101F101F141414F414101088
:10FB5800F010F000001F101F0000001F140000002C
:10FB6800FC140000F010F01010FF10FF141414FF24
:10FB7800141010101F00000000F010FFFFFFFFFF1F
:10FB8800F0F0F0F0F0FFFFFF0000000000FFFF0FB3
:10FB98000F0F0F0F3844443844FC4A4A4A347E0257
:10FBA800020606027E027E026355494163384444D8
:10FBB8003C04407E201E2006027E020299A5E7A58D
:10FBC800991C2A492A1C4C7201724C304A4D4D30FE
:10FBD8003048784830BC625A463D3E494949007E23
:10FBE8000101017E2A2A2A2A2A44445F44444051BA
:10FBF8004A444040444A51400000FF0103E080FF6E
:10FC0800000008086B6B083612362436060F090FF9
:10FC180006000018180000001010003040FF010115
:10FC2800001F01011E00191D1712003C3C3C3C003E
:10FC3800000000000000000000000000950800100F
:10FC4800990800100D0B00106D0B001035070010FF
:10FC5800011401010A1102003A550200366005003C
:10FC68002A0000014005002B000000F001002101DE
:10FC7800001301002900000006005250D3F075421D
:10FC8800DCF0031006005250E182887FE4F0031094
:10FC980006005250ABB36053F4F003100600525004
:10FCA800BBFF3CB6FCF0031006005250861C030252
:10FCB80004F10310060052505422A29D10F10310C3
:10FCC80005005250DE65F468883605100D0A0000FC
:10FCD8000600525053B4F4A134F1031008005250F6
:10FCE80012000000080052509210000000000000AE
:10FCF80031270010000000003527001041270010B0
:10FD08006D27001069270010000000000A0000009D
:10FD180000000306A6000800020002009C00140070
:10FD2800030057494E5553420000000000000000F0
:10FD380000008000040001002800440065007600EF
:10FD480069006300650049006E0074006500720078
:10FD580066006100630065004700550049004400E3
:10FD680000004E007B00620063003700330039005A
:10FD78003800630031002D00370033006300640051
:10FD88002D0034006300620037002D003900380070
:10FD9800620038002D00390031003300610038005E
:10FDA80066006300610037006200660036007D006F
:10FDB80000000000050F2100011C100500DF60DDB8
:10FDC800D88945C74C9CD2659D9E648A9F000003D4
:10FDD80006A60001000000000600525053B4F4A12A
:10FDE80048F10310000000005CF103106CF10310EF
:10FDF800601A012074F1031080F103100902540005
:10FE0800030100807D080B000202020000090400C3
:10FE1800000102020004052400200105240100015C
:10FE280004240206052406000107058103080010C2
:10FE380009040100020A0000000705020240000050
:10FE4800070582024000000904020000FF000105C6
:10FE580012011002EF0201408A2E0900000101027E
:10FE68000301000000000000B13E0010213F001017
:10FE7800453F0010913F0010494000100941001013
:10FE88000000000000000000014200105D42001068
:10FE9800794200109D420010C527001091430010C0
:10FEA80000000000000000009D52001035520010B4
:10FEB80000000000A5550010820082004A020000E0
:10FEC800101810010204080102040800001122336E
:10FED800445566778899AABBCCDDEEFF0011223322
:10FEE800445566778899AABBCCDDEEFF95320110A0
:10FEF800893101101000030000FF010010FF0310FA
:10FF08000000000000000000BC110410CC0C04101C
:10FF1800280C041028FF031010000228E815002000
:10FF280038FF0310880B0410E80A04103D31000064
:10FF380000010000000000000001000002000000B5
:10FF480000020000000000000000000000000000A7
:10FF58000000010000000000000000000000000098
:10FF680000010A0006FB00000000F4F3020B050480
:10FF7800F7020B0109020700000000000000000062
:10FF880000000D02FE00000000000000000000005C
:10FF9800000400F90000000000FC04040000FE005A
:10FFA800FE0200FE00FEFFFC00000000FE0000FD57
:10FFB800FD0000FE00FC000000000000000000FE44
:10FFC800FE00FD00FA00E50000FC0004070000FC4C
:10FFD80002020704FC040000F30000000000000017
:10FFE80000000000F8000000000000000000000011
:08FFF800000000FAFDF500F71E
:020000041004E6
:10000000FE00000000000900F9FEFF0100FC0000F6
:10001000FEEF0000000000000000000000EEFE09FE
:10002000000000000000000000000000F7000000D9
:10003000000000000000000700020000FC000000BB
:1000400000000000000000000000000000000902A5
:10005000010000000000000000000000000000009F
:100060000000000000000000000000000000000090
:100070000000000000000000F80000000000000088
:10008000000000000000000000000000000000026E
:10009000040207FE000004FEF9E102060400FD0070
:1000A000080007000700EB00FD070007FE04020040
:1000B0000001FE0000FC1200120007000903040703
:1000C000000000F80000000001FE0002FCFDFC0240
:1000D00000FE000000F7000000000000000000002B
:1000E00000F100000000000000000000000000001F
:1000F0000001F400F200000000FE0016FDFD020207
:10010000FE00FD020000F4000000000000000000FE
:100110000000EA00020000000000000000000000F3
:1001200000F2000D0000F8000700F1EAF1FC070002
:1001300000F10003FB00FD000000000000000000D3
:100140000000000607E500000000000000000000BD
:1001500000000B000200000000000202FDFC00FF96
:10016000FFFE0000FE000000FC00FE00FBFC00FAA9
:10017000F9F9FC00FC00FC00000000FE0000020099
:1001800002FE000100000002FE000000FE0202FF6D
:10019000000000FC00FF0000000000010003FE0062
:1001A000FD00FC0000FE00070000FE000000000053
:1001B000FF01FEFE0000FE00FE0000000000000047
:1001C0000000FFFF00FEFD0000000000010000FE37
:1001D00000FEFEFE000000000000000000FF000026
:1001E0000000FEFD00FD00F9FEF9040000FC020421
:1001F0000600FAFFFD00FFF502FE02F40200000116
:10020000F400F4FEEDFE00F500040600030000001B
:10021000000000FCFD00F9000000FE000000FE00F0
:1002200000000000FFFF00FFFD00000000000000D4
:10023000FEFE00FEFDFE0000FE00000000000000CB
:1002400000000000FEFE00FD00FE00FC020000FDBC
:10025000010202000000000000FE00000000000299
:100260000000FE00FEFEFD00000000000000020095
:10027000FE00000000FEFD00FC0007FE01F900008A
:1002800006F5F4F7FC0200FEF1FC00FC00FC03FCA8
:10029000F200FA000001FF02FE000200F9F700F58B
:1002A000FBFBFBF9FDFA00FCFA01000100FE000077
:1002B000000200020000000000000000000000FE3C
:1002C00000FF00FFFE00FCFBFBFF00F90000000048
:1002D0000000FE0000000001FF000000020000001E
:1002E00000000000000B0000000000000200000001
:1002F000FE0000000000000000000000FC00020002
:10030000000000000000000000000000FE000000EF
:10031000FC00000000F5F9000000FDF50000FE0201
:1003200000FA00000000000000000000FC0000FCDB
:100330000000000000000000000000000200FC00BF
:10034000000000030002FCFC00FEFEFD00000000B7
:100350000000F900FE00FDFE00FBFAF9FE00FC00C3
:10036000F900000000120000010000FD000200F68C
:100370000000000000EBFC0707FEF70002FD00F59F
:10038000FFFD02F0FE030003F8FDF8F9F70000F3AB
:10039000000D0000FF000000FFFFFEFAF900EB0077
:1003A000000000000000000001000000000000004C
:1003B000000000000000000000FE00FFFEFD000045
:1003C000FC00FE0000000000000000000000000033
:1003D0000000FF00FC000004FF0300FB02FEFFFA28
:1003E000FE00FDFEFE00FDFC0000FEFFFEFCFD0029
:1003F00000FE0002FE00FB000000FC00FC00FCFC14
:10040000020000000000000000FC0200FD00FEFDF4
:10041000F9FEFEFEFFFEFDFF0000000000FEFEFEF6
:100420000000000003FE00FE000000FEFDFEFEFDD9
:10043000FE000209FF00FA00FE0400FEF7FD0300C3
:1004400000F5FC02FC0200FEFEF900FD010000FCCC
:100450000000000202FCFC00FCFEFDFEFE00FC01B0
:10046000FCFC07000000000000000000020000008B
:10047000000000000000000000000000000000007C
:1004800000000000FC000000000000000000000070
:10049000000000000000000000000000000000005C
:1004A000000000000000000000000000000000004C
:1004B000FE0000000000000000000000000000003E
:1004C0000000000000000000000000000000FEFE30
:1004D000000000000000000000000000FD0000FD22
:1004E0000000FEFE00000000FE00000000FF000013
:1004F000000000FE00000000FD00FC000000F9000C
:1005000002FB0400FEF50000FBFE00F7FAFA000013
:10051000F6FEF7F7F500FA00020FFD00FBFEFFFE06
:10052000FCFAFCF8F7FBFE0000FE00010000F0FE04
:100530000705FBF80001F900F5FEFE04EBFD0100E4
:1005400000F1FDF4FEF00000F0000D0100FE0000DF
:100550000000FFFEF7FE00F100000000F900FE00C1
:10056000FFFAF50000FFFDF9FE00FE00000000F6B6
:10057000FEF9F9FEFCFAFEFC00FCFEF9FD00FDFCB4
:10058000FEFC000100FEF9000400FC000000000376
:100590000002FC0900FEFEFD000000000000F90062
:1005A000FE00FDFE00FBFAF9FE00FC02090000005F
:1005B00000120000010000FD000200000000000029
:1005C0000000000000000000FEFC0000000000FF32
:1005D000000000FEFE0000FCFE0000FC0004FF0026
:1005E00000000000000100000000030402FE00F90A
:1005F000FC0007F9F9FCFC090402EDFE04FE00FE14
:1006000002FEF800FE02FDFEF9FE0000070400FAFB
:1006100000F4FD06FDF701FDF9F9FE090200FD00F9
:10062000FA000207FBF8F7FA070001F0FE02FCFEF1
:10063000FB00FBF8FDFDFE0000FBFBFE000705FED6
:10064000F400F4FD00F8F3FFF9FCF9FA060000FDF0
:1006500000FCFE00FEFC0004F9020000F400FEFBBA
:10066000FCFEF9FAF9FB00F9FEFBFCF9FE000001C3
:100670000BFC00F9FE00FEFCFBFAFAF7FDFC04009F
:10068000FD00F5FD0104F9F8FCF907FE01EBFC049F
:10069000FBFCF800F9F7FDFEFEFEFBF9FF0000078A
:1006A00006FEF100F3FB05F7F1FCF8F7F5F904009D
:1006B000000000FD000002FD0402FC040000F9FF40
:1006C00000FF000101FE000000000000FE0000002D
:1006D0000002070000FD00000000FEFEFD0000001B
:1006E0000102000000000200FE000900040101FDFB
:1006F00000040000000200000000000000000000F4
:1007000000070006000000000000000000000000DC
:100710000000F300FE04000700001603FCFC0202C8
:10072000FE01F500000BF3000000000000000000D7
:100730000000F1091F0000000000000000000000A0
:1007400000F30000000000000000000000000000B6
:10075000000000000000000000000000FC0000FCA1
:10076000FE0000000000000000000000000000008B
:1007700000000000FE00FA0000010000021DFCFE67
:100780000706FA0200000202FD000000000000005F
:1007900000000000E3060000000000000000000070
:1007A00000000000000000FA000000FA0000000055
:1007B000FBFF000000FB00FD00F500000000000052
:1007C0000000000000F10000000001000000000037
:1007D00000FE0000FC00FD00FA000000FC02FD002D
:1007E00000FAFEFB0000FA00FE00F500FE0000EE3D
:1007F000FCF7FEF80000F100FAFF00000000000026
:100800000000FDFCFEFC00000000FB00FB03FE04FA
:1008100000FEFBFEFCFC00FDFFFE02FAFF000000F4
:10082000ECFEFD00FB00FEF5FE0000FEFE000000F9
:10083000000200FEFCFE04000000000000000000BA
:1008400000000000000000000000000000000000A8
:100850000000000000000000000000000000000098
:10086000000003000000000000FB00FE000000FC90
:1008700002000000FAFEFC0000FA00FE00F5000095
:100880000000EA00FCF8F50000F100FEFD000000A9
:100890000000000000FEFDFFFD01000004FD000758
:1008A0000BFEFEF9030B0405FA0309030605060017
:1008B000000000000000000000000E0BFCFE00FE27
:1008C000120A12000000020000080000FC000000F4
:1008D000000000000000FE00000000000000000317
:1008E00000000000EDFDFEF7F50000F10000000043
:1008F00000000000000000000000000000FC0000FC
:1009000000000000000000FE0000000000000000E9
:100910000300000000EDFDFEF7F50000F700000009
:1009200000000000000000000000000000000000C7
:10093000FE000000FB0200FE020402F90000FE02BD
:10094000000200000000FA00FEFEFC00FEF7000EB0
:10095000FE00FBFE00FEFC00FEFAFCFD000000FCB9
:10096000000000000000000000FE00000000000089
:1009700000000300000000EDFDFEF7F50000F100AF
:1009800000000000000B000000000000000000005C
:10099000FC00F9FDFE07FEFEF701FF01FEFA00056F
:1009A00000020102FBF7FD00F7FCFAF7F700FCFC80
:1009B000FDFDFEFEFDFE00FEFF030003FE0007003E
:1009C0000000000000000000000000FEFEFE00002D
:1009D000FA00FF00FC000000000000000000000022
:1009E000F30000000000000000000000FEFE00FD1B
:1009F00000000000FE0000FCFE0200FCFCFE00FA0D
:100A0000FEFBFEFD00FC00000000000000000000F6
:100A100000F100070000FC00000000FD00FE0000E7
:100A2000FF0000FE00FB000009FDF9F902020200D0
:100A3000FA020302070207FEFA0000F70000F9FAC3
:100A40000000FC00FDFC00FD00FD00FE0300FEF9BF
:100A5000FE080000FE00FC000003FB0002FE020096
:100A600000F900FEFF00FE02FE000000F7FDFB00A3
:100A7000F90000F50008FE00FC000100FE00FEF990
:100A800000FE0200000000FE000002FD010000FD6B
:100A9000FE00FD000000000000000000000000005B
:100AA00000000000F200050000FE00000000000051
:100AB000FEFE0000000400050000000000F2F3014B
:100AC0000A0704F702090008000400000000000003
:100AD00000000000000C000000000000000000000A
:100AE00000000000000000000000010200030405F7
:100AF00002060708090A090A0B0C0D0E0F10110C4B
:100B000012131415150000001617181917191919C2
:100B10001719191A1919191917191719031B1C1D57
:100B20001D1E1F2021222300240025262727270001
:100B30002726282926262A2A272A272A2B2C2D2E23
:100B40002E2F2E3000002309310900000000000084
:100B50000000000000000000000000000000000095
:100B60000000000000000000000000000000000085
:100B70000000000000000000000000000000000075
:100B80000000000000000000000001020003040556
:100B900002060708090A090A0B0C000D0E0F1011B6
:100BA00012130C14140000001516171819161A1B2E
:100BB0001C1D1D1E1F201D1D1621222303241E2562
:100BC00025262728292A2B002C002D2E2F303132C4
:100BD000332D343435302D2D2E2E36373839333AE7
:100BE0003A3B3A3C290000093D09000000000000A2
:100BF00000000000000000000000000000000000F5
:100C000000000000000000000000000000000000E4
:100C100000000000000000000000000000000000D4
:100C20000000000000000000200000005F00010044
:100C3000000000000000000000000200B000000002
:100C4000F3F76000500C0410000000003E000300A9
:100C50000000721F51EF58EF5BEF5CEF5DEF61EF4B
:100C600063EF65EF69EF6CEF71EF76EF77EF78EF99
:100C70008EEF93EF98EF9BEF9CEF9DEFA1EFA2EF2C
:100C8000A3EFA4EFB7EFB8EFBEEFC0EFC1EFC4EF33
:100C9000C7EFC8EFC9EFCBEFE3EFE5EF14F015F0C6
:100CA00017F019F030F037F03AF043F06CF074F0D0
:100CB000ABF03BF190F191F192F193F194F1D7F116
:100CC000E3F13DF254F2AAF412F7F2F7000000004B
:100CD000000000000000C003000000000000C0038E
:100CE000030A00000F008005050500051C00D0095F
:100CF0000A0A00004E00B008090F00FE9200D00B57
:100D00000C0A0000CE00A0090A0B00FF0501F0024A
:100D1000030500050D01B004040E01FD2901C00406
:100D2000040E00FD4501A005060600055701200838
:100D30000807000273013003030500FE7B01600514
:100D40000503000383013003030300008801F0045E
:100D5000070EFFFFB9015009090A0000E60130053E
:100D6000040A0000FA011008080A00002202000824
:100D7000080A00004A0260090A0A00007C02100802
:100D8000080A0000A402A008090A0000D1026008B5
:100D9000080A0000F9020009090A00002603A00859
:100DA000080A00004E033003030800005A03300312
:100DB000030B00FD6B032008080800018B032008CB
:100DC00008060002A303200808080001C303000866
:100DD000080A0000EB03800E0E0D00FD4604400AD9
:100DE0000C0AFF008204A00A090A0100AF04200ACD
:100DF0000A0A0000E104900B0A0A010013056009C9
:100E0000080A01003B05E008080A01006305D00A52
:100E10000A0A00009505600B090A0100C20550048A
:100E2000020A0100CC053007070AFF00EF05100A8F
:100E30000A0A010021065008080A01004906600D4F
:100E40000B0A01008006600B090A0100AD06C00B09
:100E50000C0A0000E906200A090A01001607C00B67
:100E60000C0D00FD6407300A090A01009107B00863
:100E7000090A0000BE073008090A0000EB07100B42
:100E8000090A01001808F0090B0AFF004F08C00FFB
:100E9000100A00009F0870090A0A0000D108100912
:100EA0000B0AFF0008093009090A00003509B004DF
:100EB000040E01FD5109F004070EFFFF8209B00482
:100EC000040E00FD9E09300807060102B309000761
:100ED000070100FFB709600805020109BC096008A5
:100EE00008080000DC099009080B0100080A000846
:100EF00008080000280A9009090B00005A0A900807
:100F0000080800007A0AF004060B00009B0AB009EA
:100F1000090B00FDCD0A9009080B0100F90AE00356
:100F2000020B0100040B0004050EFEFD270BA008B8
:100F3000080B0100530BE003020B01005E0BD00E07
:100F40000D080100920B900908080100B20BE0089F
:100F500009080000D60B9009080B01FD020C90094E
:100F6000090B00FD340CC00505080100480C000702
:100F700007080000640CD005060A0000820C8009F6
:100F800008080100A20CD0070908FF00C60C900C4D
:100F90000D080000FA0CC007080800001A0DD00761
:100FA000090BFFFD4C0D500707080000680DF00409
:100FB000050E00FD8B0D3004020E01FD990DF004AD
:100FC000050E00FDBC0D200808030003C80DE00558
:100FD00006050006D70D600404030003DD0D000EB6
:100FE0000F0FFFFE4E0E000E0E0B00009B0E000EAC
:100FF0000E0D00FFF60E000E0E0B0000430FA009B1
:101000000A0B00007A0F000E0E0F00FEE30F000E19
:101010000E0F00FE4C10C00F100D00FFB410000E9C
:101020000E0F00FE1D11C00F100B00007511000EF9
:101030000E0F00FEDE110007070C00FF0812800AE9
:101040000B0C00FF4A12C00F100E00FEBA12000E69
:101050000E0B00000713A0090A0F00FE5213400CEC
:101060000A0E01FE9813400C0D0F00FEFA13400CFF
:101070000D0D00FF4F14400C0D0D00FFA414400C8B
:101080000A0E01FEEA14400C0E0DFFFF4515C008C4
:10109000090D00FF8015C008090D00FFBB15400CAD
:1010A0000D0D00FF1016400C0D0400032A16C00F92
:1010B000100B000082168011120F00FE0917C00FDE
:1010C000110FFFFE8917000E0E0D00FFE417400CF4
:1010D0000D0800011818400C0D0800014C18801173
:1010E000120B0000AF18000E0E0B0000FC18000ED3
:1010F0000E0F00FE6519000E0F0FFFFED619400CF3
:101100000D0D00FF2B1A400C0D0F00FE8D1A400C28
:101110000D0D00FFE21A400C0D0C00FF301B000EFD
:101120000E0B00007D1BC0080A0FFFFEC81B400C01
:101130000D0F00FE2A1C400C0D0F00FE8C1CC00F72
:10114000100B0000E41C000E100FFFFE5C1D800A57
:101150000B0F00FEAF1D8011120D00FF241E801129
:10116000120A00007E1E8011120A0000D81E801193
:10117000120A0000321F8011120A00008C1F801119
:10118000120A0000E61F8011120C00FF5220400CD2
:101190000C0F00FEAC20400C0D0F00FE0E21000EC7
:1011A0000F0FFFFE7F218011120B0000E221800A49
:1011B0000B0F00FE3522100E0F0A00000EA0D90DF5
:1011C00090C80C80B70A60110B80D91F0991F08874
:1011D0001F0880F088000000000D203C00000F0078
:1011E00069002FFFFFFFF7015C11A610006900C323
:1011F00000008800D2009FFFFFFFF012C523E2200D
:1012000000D203C00000F004B00000007000000035
:101210000E00000000E0000019EFEA300CD6E6A74F
:1012200002F40E00001F80E000006FEF5000001677
:10123000FFE500000E0AF00100E05F13F85E6EB0FB
:1012400005CFFE9100000E0000000070000008DDD8
:101250003000A7004B02D004C0007700D01D200052
:101260004B03D0A7000007DC34C4CC3000001D2D98
:1012700022D00000A63B00B30005C03A00A3001D29
:10128000200D00D000A60004CC40004DFC30000032
:10129000F718C00001F205D00000BB6E4000005FEF
:1012A000F3000007E6DB03802F301DBAA05F0001CA
:1012B000DF401FB448FEC003BFFC40B20000000086
:1012C000001F01F01F00F0000003F10B900F404FD2
:1012D000007D009B00AA00AA009B007D004F000F2C
:1012E000400B9003F15E000E6008C004F001F300B3
:1012F000F500E600E600F501F304F008C00E605EBC
:101300000000930088A6C209FE404DDDB142935013
:10131000005200000450000008A0000008A0001FB8
:10132000FFFFF30339B3300008A0000008A000015C
:1013300003F61E60E12C00000003FFF903331000E8
:1013400003F52E4000000E400004E000009A00006B
:101350000E400004F000009A00000E400003F00070
:10136000009A00000E500003F000009A00000E509A
:101370000003F00000004CFE70004FB68F900DB0DF
:10138000005F32F40000E74F20000CA4F20000CA16
:101390002F40000E70DB0005F204FB68F90004CF5B
:1013A000E700EFFB44CB00AB00AB00AB00AB00AB06
:1013B00000AB00AB00AB07DFEA108E857EC00100FA
:1013C00006F1000006F000000D900000CC00001CAB
:1013D000C00001DB00001DE544427FFFFFF97FFFF5
:1013E000FFF024445F900000BC000009E100003FD2
:1013F000D81000046DD0000002F4100002F4BD7596
:101400007DD019DFEA1000000DA0000000AC000044
:101410000007E10000004F40100002F600F5001D3B
:10142000A000F5007FFFFFFFF3133333F730000018
:1014300000F500000000F50009FFFFF00AB4444089
:101440000C8000000E7000000FFFFC4003345CF2C3
:10145000000000F7100000F78E856CF108DFFB300C
:10146000002AEFD5003FD657400CC0000002F40020
:1014700000004F5BFFA104FE845DD03F80003F3041
:10148000E80003F206F845DC0005DFE9109FFFFFE6
:10149000FD9D4444E99C0004F200000BB000002FC5
:1014A000400000AD000001F6000008E000000E80E2
:1014B00000006F1000019EFE9100BE636EC00F60C1
:1014C000006F00CC202BC002EFFFE200DC424CD0CA
:1014D0005F20001F55F20002F50ED535DE001AEF31
:1014E000EA1003BFEA202FA44BE18E0000E99D0023
:1014F00000DD4F7129FF07FFFC9E000210AC0000C9
:1015000002F607658FB00AEFD7002E53F5000000F2
:101510000000003F52E42E53F50000000000002EB2
:1015200052F60D21D001000000003100006CF201E4
:101530008ED6000FC300000AFB40000017EE7000BB
:101540000005C3000000001FFFFFF303333330002A
:10155000000000000000001FFFFFF30333333004DE
:101560000000000ED71000005CF92000002AF200F5
:1015700003AFB106DE82001C60000000000000071F
:10158000DFEA109E746EC0010006F0000009C00082
:10159000008E200006F2000008700000000000002D
:1015A0000B8000000C900000006CEFDA4000003D62
:1015B000A41016D90001E509EE98CA900A80BD432F
:1015C000AFC0D30F13F2000CC0693C06D00007C0B7
:1015D0003B4B06D00007C02C3C03F2000CC04A0F66
:1015E00010BD439EE3C50A8009EE91CF9001E5004E
:1015F00000000000003DA41028000000007CEFD98E
:10160000100000000CF1000000003FD700000000B7
:10161000B96E00000002F20E50000009A007D000D1
:10162000001F3000F400007FFFFFFB0000E73333B2
:101630004F2005F000000C900C90000006F18FFF89
:10164000FEC408E3334BF28E00001F58E00018F18F
:101650008FFFFFF808E33337F68E000009C8E0007B
:10166000009D8E33347F78FFFFFD700007CFFB4075
:1016700000CF966AF50AE20000301F600000004FBC
:10168000200000004F200000001F600000000AE260
:1016900000003001CF966AF50007DFFB408FFFFEA8
:1016A000A4008E4446CF708E000007F38E00000029
:1016B000DA8E0000009D8E0000009D8E000000DA92
:1016C0008E000007F38E4446BF708FFFFEA4008F8C
:1016D000FFFFF68E4444418E0000008E0000008F14
:1016E000FFFFC08E3333208E0000008E0000008E7E
:1016F0004444428FFFFFF98FFFFFF68E4444418E32
:101700000000008E0000008E0000008FFFFFC08EE2
:101710003333208E0000008E0000008E0000000099
:1017200007CFFC5000CF966AF60AE20000201F6047
:101730000000004F200000004F200000B91F600093
:1017400000B90AE30000B900CF966AF80007DFFC91
:10175000608E000008E8E000008E8E000008E8E0DF
:1017600000008E8FFFFFFFE8E333339E8E000008FA
:10177000E8E000008E8E000008E8E000008E8E8E0B
:101780008E8E8E8E8E8E8E8E02FFFFC00444BC0025
:101790000009C000009C000009C000009C00000976
:1017A000C02000BA0EB58F603CFE808E00004F5006
:1017B0008E0004F6008E003F70008E03F800008E4D
:1017C0002EC000008EECF600008FB07F30008E003F
:1017D0000AE1008E0000CC008E00001EA08E0000EA
:1017E000008E0000008E0000008E0000008E0000C1
:1017F000008E0000008E0000008E0000008E444429
:10180000408FFFFFF28E00000008E8F7000002FEA4
:101810008FF10000BFE8DCA0004F9E8D2F300D87B8
:10182000E8D09C06E07E8D01E7E507E8D006FC00E5
:101830007E8D000A2007E8D00000007E8E10000890
:10184000E8FC00008E8FF90008E8E6F6008E8E09AD
:10185000F308E8E00CE18E8E001EB8E8E0003FEEF1
:101860008E00006FE8E00000AE0007CFEB500000F4
:10187000CF966BF9000AE200005F601F6000000A6B
:10188000D04F20000006F04F20000006F01F60003F
:10189000000AD00AE200005F6000CF966BFA0000F9
:1018A00007DFEB50008FFFFD7008E4458FB08E001E
:1018B000005F38E00001F58E00003F48E0014DD0A8
:1018C0008FFFFFB208E33310008E00000008E00035
:1018D00000000007CFEB500000CF966BF9000AE242
:1018E00000005F601F6000000AD04F20000006F07B
:1018F0004F20000005F01F6000000AD00AE200003F
:101900005F6001DF855AFA000008DFFC500000002C
:1019100001EC21940000001BFFC100000000120038
:101920008FFFFD7008E4458FB08E00005F38E00047
:1019300001F58E00003F38E0014DD08FFFFFC20857
:10194000E333DA008E0002F608E00005F3019EFDA5
:10195000A200CE646B702F40000001F8000000066A
:10196000FD950000016AEE500000009F0020000578
:10197000F13FA547EB004BEFE910FFFFFFFF2444C9
:10198000BD44400009C00000009C00000009C000E8
:1019900000009C00000009C00000009C000000093D
:1019A000C00000009C00009C00000BA9C00000BA11
:1019B0009C00000BA9C00000BA9C00000BA9C0004D
:1019C00000BA8E00000D94F40003F50CF868FD00D9
:1019D00009EFE9100CB000000AC05F200001F5001B
:1019E000E900008E0008F0000E70001F6005F10095
:1019F00000AD00C9000003F43F3000000CBAC00085
:101A000000005FF500000000EE00006F10000DB058
:101A10000002F21F60003FF10008D00BB0008BE61F
:101A2000000D7006F000E69B002F2001F503F14F3A
:101A3000108D0000CA09B00E60D800006F0E60095A
:101A4000B2F300001F9F1004F9D000000CFB00004F
:101A5000EF80000007F600009F30003F50000DA00F
:101A600008F2009D0000CC04F300002F9E700000DF
:101A700006FC00000009FE1000004F4DB00001E818
:101A800002F7000BD0007F207F20000BD00CB000AD
:101A9000009C002F50002F30009E000C900000E8AA
:101AA00005F1000005F3E60000000CFD0000000059
:101AB0003F4000000002F3000000002F3000000053
:101AC00002F300004FFFFFFF9144444AF30000037C
:101AD000F6000001EA000000CC0000009E100000AB
:101AE0006F4000003F7000001ED4444436FFFFFFEB
:101AF000FC8FF68D318D008D008D008D008D008D59
:101B0000008D008D008D008D008D318FF65D000001
:101B100000F200000B8000006D000001F200000BDD
:101B20008000006D000001F200000B7000006D00ED
:101B30000001F200000B7000006D000001F2BFF325
:101B400025F302F302F302F302F302F302F302F3CA
:101B500002F302F302F325F3BFF300AD00001EC44D
:101B6000000885A000E20E105B00970B5002E0EE2B
:101B7000EEEEE00BC00009B004CFEA100B745DB0CC
:101B8000000004F004CEEEF21F8214F24F1004F2B3
:101B90001F703DF204DFD7F2BA000000BA00000067
:101BA000BA000000BA8EFC30BFD54BF3BE1000CA9D
:101BB000BA00007EBA00007EBE1000CABFD55BF33B
:101BC000B98EFC30007DFD6009F748F42F500020ED
:101BD0005F0000005F0000002F50002009F748F46C
:101BE000007DFD600000001F40000001F4000000C7
:101BF0001F4008EFC4F40AF748FF42F50007F45FFE
:101C000000002F45F00001F42F50006F40AE637EBE
:101C1000F4008EFC4F40008EFC400AD538F42F2093
:101C2000008C5FEEEEFF5F2111112F70001009F89C
:101C300046E4007DFE80009EE305F44108C000CF2D
:101C4000FFF029D32008D00008D00008D00008D029
:101C50000008D00008D000007EFC4E60AF747FF614
:101C60002F50005F65F00000F65F00000F62F60085
:101C700006F609F747FF5007EFC4F50000003F20C4
:101C8000CB646EB003AEFD8000BA000000BA000065
:101C900000BA000000BA8EFB20BFC56DD0BE0003A5
:101CA000F2BA0000F4BA0000F5BA0000F5BA00007C
:101CB000F5BA0000F5BAA800BABABABABABABABA4E
:101CC000000AB0009900000000AB000AB000AB00B1
:101CD0000AB000AB000AB000AB000AB000AA064E82
:101CE00071DFA0BA000000BA000000BA000000BA1C
:101CF000001CC0BA01CC00BA1CD100BBCF6000BF31
:101D0000DBE100BD11DC00BA003F70BA0007F3BA96
:101D1000BABABABABABABABABABAB99EFA15DFD466
:101D20000BFB45EDE64AF2BE0006F6000E7BA00076
:101D30004F2000C9BA0003F1000C9BA0003F100027
:101D4000C9BA0003F1000C9BA0003F1000C9B99E66
:101D5000FB20BFB45DD0BE0003F2BA0000F4BA00AD
:101D600000F5BA0000F5BA0000F5BA0000F5007DF4
:101D7000FD60009F748F702F50007F05F00001F30D
:101D80005F00002F32F50007F009F748F70007DF82
:101D9000D600B98EFC30BFC43AF3BE1000CABA00F8
:101DA000007EBA00007EBE1000CABFD55BF3BA7ECB
:101DB000FC30BA000000BA000000BA000000008E3B
:101DC000FC3F40AF748EF42F50007F45F00001F4CB
:101DD0005F00002F42F50007F40AF748FF4008EFC4
:101DE000C4F40000001F40000001F40000001F4088
:101DF000B98E4BFD71BE100BB000BA000BA000BA3B
:101E0000000BA00005DFEA13F735A06F000001EE1C
:101E10009610016AEF300000D96C646F62AEFD70FD
:101E200008D00008D000CFFFF029D32008D0000848
:101E3000D00008D00008D00005F551009FE3C8008D
:101E400002F3C80002F3C80002F3C80002F3C9009D
:101E500003F3AB0007F35F837EF306DFC5F30D905A
:101E6000000AA06E0001F300F5007D0009C00E60BD
:101E7000003F24F00000C8B9000006FF3000000F4A
:101E8000C000C80006F1000D56D000CF6003F01F5F
:101E9000302F9C009A00B807B2F10E4005E0D60C36
:101EA00074E0000F6F007C990000AFA001FF4000BC
:101EB00005F4000BE0004F3007E109D02F4000D9B6
:101EC000D900003FD000004FE10001E7BB000BB09C
:101ED0001E707E1005F30D90000AA06F0001F30044
:101EE000F6007D0009C00D60002F34F00000C9A984
:101EF000000005FF2000000EC0000000E500009477
:101F0000AD00001BFC2000005FFFFFA13337F40091
:101F100001E70000CB00008E10004F40001EA333ED
:101F200026FFFFFC006EA00F9201F4001F4001F499
:101F3000003F303FC0006F3001F4001F4001F4004B
:101F40001F4000FA2005EA8B8B8B8B8B8B8B8B8B46
:101F50008B8B8B8B8BBE5002AE0005F0005F0005B3
:101F6000F0004F1000DF104F5005F0005F0005F04B
:101F7000005F002AE00BE40007EC40B41E25DFC040
:101F80000100000004CC302B01C05700932B01C08E
:101F900005CC3006A10FF60BE200000000000000A7
:101FA0000000000000027BFB000000049DFFFFD04A
:101FB0000003AFFFFFFFFD0000AFFFFFFFDFD0001A
:101FC0000AFFFFB610ED0000AF9400000ED0000A2B
:101FD000F1000000ED0000AF1000000ED0000AF18B
:101FE000000045FD0000AF1001EFFFD0179DF1008C
:101FF0005FFFFC0EFFFF1000AFFD31FFFFE00000B0
:10200000010003BDA30000000000501888888884E8
:1020100005FABFDDDDDDFDAFE47F100000CA4EE054
:102020004F100000C80EFEEF100000CFEFE03FEEB3
:10203000EEEEF80EF68F766666EB6FF8AF100000E6
:10204000CC8FE03F100000C80EFCDF655555EECF89
:10205000C25FFFFFFFF92C57750577777775FFFF94
:102060001FFFFFFFFFFFFF2FFFFFFFFFEFFF0EFF31
:10207000FFFFFE01100011111110EFFE0EFFFFFF18
:10208000FEFFFF2FFFFFFFFFFFFF1FFFFFFFFF68A8
:1020900087078888888668870788888886FFFF1F63
:1020A000FFFFFFFFFFFF2FFFFFFFFFDFFD0DFFFF24
:1020B000FFFD0000000000015000000000001DF8BE
:1020C0000000000001DFFD000000001DFFE22D60A8
:1020D0000001DFFE20DFF7001DFFE2008FFF71DF50
:1020E000FE200008FFFEFFE20000008FFFFE200040
:1020F000000008FFE200000000007D20000000005A
:10210000000000007F60000BE2EFF600BFF84FFF19
:102110006BFFD104FFFFFD10005FFFE10000BFFF78
:10212000F6000BFFDFFF60BFFD14FFF5CFD1004FBE
:10213000F61710000360000000110000000000000E
:10214000FF000000006F21FF12F70006FF61FF167D
:10215000FF601FF901FF109FF16FE001FF100EF605
:10216000AF8001FF1008FACF6001FF1006FCAF80BE
:1021700000AA0008FB7FD00000000DF71FF8000048
:10218000008FF107FF91002AFF70009FFFEEFFF91B
:10219000000005CFFFFD50000000024420000000B9
:1021A00000000000000000000AFFA0000000000C7A
:1021B000FFC0000003D6DFFFFD6D300EFFFFFFFF05
:1021C000FFE05FFFFFAAFFFFF51AFFF4004FFFA13A
:1021D00003FFD0000DFF3004FFF0000FFF404FFF62
:1021E000FB22BFFFF42FFFFFFFFFFFF209FEFFFFFF
:1021F000FFEF9000505EFFE5050000000CFFC000FF
:1022000000000004774000000000000310034100BC
:102210000000009FF50DF50000001BFDFF8DF5008F
:102220000002DFB12DFFF500004FF83EC2BFF50000
:1022300007FF55FFFE39FE409FE38FFFFFF56FF666
:10224000AC2AFFFFFFFF73E6005FFFFFFFFFF10017
:10225000006FFFD77FFFF200006FFF900DFFF200CD
:10226000006FFF900DFFF200004FFF700BFFE100C9
:102270000000003300000000000BFFB00000000071
:102280000CFFC0000000000CFFC0000000000CFFAD
:10229000C0000000000CFFC00000008FFFFFFFF82F
:1022A00000002EFFFFFFE2000002EFFFFE20000013
:1022B000002DFFE20000799982DE289997FFFFFB4D
:1022C00022BFFFFFFFFFFFFFFFFFFFFFFFFFFFFA40
:1022D000B3CFACCCCCCCCCCCCA0006BBBBBBBA30E9
:1022E00000004FFFFFFFFFE10000EF30000006FBA2
:1022F0000009F800000000CF504FD0000000002F70
:10230000E1DF84420000344BF9FFFFFD0001FFFFD5
:10231000FBFFFFFF988BFFFFFCFFFFFFFFFFFFFFAF
:10232000FCFFFFFFFFFFFFFFFB9FFFFFFFFFFFFF24
:10233000F60000000000003300018DFFC600EF0032
:102340004EFFFFFFE4DF04FFB3004CFFFF0EF90078
:1023500000008FFF6FC00001FFFFFF8E500001DE05
:10236000EEED00000000000000222222000000210B
:10237000FFFFFF100008F8FFFBBC10001EF4FFFC7D
:10238000100001DFC0FEEFE8448EFE10FE1AFFFFD2
:10239000FFC100FD0028BB94000000000270000295
:1023A000EF0002EFFDFFFFFFFFFFFFFFFFFFFFFF5B
:1023B000FFFFFFFFFFFF3447FFF00005FF000005B0
:1023C000C00000000000027000000002EF000000EA
:1023D00002EFF0000DFFFFFF0220FFFFFFF08E1F56
:1023E000FFFFFF00E7FFFFFFF03F5FFFFFFF0890E9
:1023F0003447FFF000000005FF0000000005C000AA
:102400000000000000000000000000077000000055
:1024100002700005FA0000002EF000814F600002FB
:10242000EFF001DD07F0DFFFFFF0321E80F6FFFF67
:10243000FFF08E27E0B9FFFFFFF00E73F19BFFFF67
:10244000FFF03F54F09AFFFFFFF0890AC0D83447ED
:10245000FFF0007F43F300005FF002F60CB00000D5
:1024600005C00000BF10000000000009E3000000EC
:1024700000000002100037888888888873EFFFFF0B
:10248000FFFFFFFEFE32DFFFFFFFFFF9007FFFFDD2
:10249000FFFFFD10CFFFA07FFFFFFFFFFA0007FF48
:1024A000FFF35FA00000CFFF3003000000CFFC006F
:1024B00000000000CFFFCCCCCCCCCCFFAFFFFFFFA7
:1024C000FFFFF900002000000001FA00000006FFF5
:1024D0001000000DFF7000006FFFF10001EFFFFA28
:1024E000000BFFFFFF605FFFFFFFE0CFFFFFFFF686
:1024F000FEBFFFFFF9FD4FFFFFF9BF49FFFFF53FAB
:10250000E52EFFD006FFFFFD200028BA6000043052
:102510000000311FE00006F91FE0007FFA1FE0090C
:10252000FFFA1FE0AFFFFA1FEBFFFFFA1FFFFFFFED
:10253000FA1FFFFFFFFA1FE6FFFFFA1FE05FFFFA37
:102540001FE004FFFA1FE0003EFA0FD00002D700A0
:10255000000000000200000000000CFB2000000052
:1025600000FFFF900000000FFFFFE6000000FFFFEC
:10257000FFFC30000FFFFFFFFF9100FFFFFFFFFF99
:10258000E60FFFFFFFFFFFF2FFFFFFFFFFFD0FFF63
:10259000FFFFFFF800FFFFFFFFB2000FFFFFFD404E
:1025A0000000FFFFF70000000FFFA1000000006A1D
:1025B0004000000000001444200144420DFFFF10C1
:1025C000DFFFF1FFFFF30FFFFF3FFFFF40FFFFF4CF
:1025D000FFFFF40FFFFF4FFFFF40FFFFF4FFFFF48B
:1025E0000FFFFF4FFFFF40FFFFF4FFFFF40FFFFF60
:1025F0004FFFFF40FFFFF4FFFFF40FFFFF4FFFFF10
:1026000030FFFFF39FFFC009FFFC00144444444423
:10261000420DFFFFFFFFFFF1FFFFFFFFFFFF3FFF47
:10262000FFFFFFFFF4FFFFFFFFFFFF4FFFFFFFFF75
:10263000FFF4FFFFFFFFFFFF4FFFFFFFFFFFF4FF70
:10264000FFFFFFFFFF4FFFFFFFFFFFF4FFFFFFFF55
:10265000FFFF4FFFFFFFFFFFF39FFFFFFFFFFC00A8
:1026600002100000420FE20003FB0FFE3004FB0FDC
:10267000FFF404FB0FFFFF54FB0FFFFFFAFB0FFFFC
:10268000FFFFFB0FFFFFFFFB0FFFFFD6FB0FFFFD61
:1026900014FB0FFFC104FB0FFB0004FB0CA00003A5
:1026A000FA0000000000000000120000000000031B
:1026B000FF60000000002EFFF500000001EFFFFFAB
:1026C0004000001DFFFFFFF30000CFFFFFFFFE20D3
:1026D0000AFFFFFFFFFFE00EFFFFFFFFFFF203997E
:1026E0009999999950058888888888700FFFFFFF0D
:1026F000FFFFF30FFFFFFFFFFFF40BFFFFFFFFFFE5
:10270000D1000000000000003F9000003FFC0000EE
:102710003FFD10003FFD10003FFD10001FFD1000A9
:1027200000CFF4000000CFF4000000CFF400000060
:10273000CFF4000000CFE0000000A4000000000083
:1027400000CD1000001FFD1000003FFD1000003FF5
:10275000FD1000003FFD1000003FFD000008FF904D
:102760000008FF900008FF900008FF900002FF9013
:10277000000007800000000000045000000000027C
:10278000FF60000000003FF70000000003FF700042
:102790000000003FF7000006999AFFC99980FFFFEB
:1027A000FFFFFFFF3DFFFFFFFFFFF201113FF711AA
:1027B00010000003FF70000000003FF70000000061
:1027C00003FF70000000000CD30000006999999984
:1027D00099980FFFFFFFFFFFF3DFFFFFFFFFFF20D1
:1027E000000000000000000001566400000000032B
:1027F000BFFEEFF91000007FFA1003DFE40008FFCE
:10280000A009B41EFF504FFF200BFF26FFE1EFFF92
:1028100009CFFF63FFFABFFF09FFFF54FFF61EFF5A
:1028200051DFFB09FFB003EFE204305FFC10002C26
:10283000FF956AFF9000000049DFFD920000000054
:1028400000000000000000CD20000000000000009B
:102850008FF50014664000000004EFACFFEFFF911D
:102860000000001CFFA1004DFE300000009FF5ABF2
:1028700031EFF40007B105FFFFE17FFE100FFE30DE
:102880002DFFF54FFF900CFFE000AFF65FFF6002F9
:10289000FFF40006FFEFFB00004FFD10003EFFC0FD
:1028A000000002DFE85401BFE300000005AEFF6056
:1028B00007FF60000000000000004EF6000000006E
:1028C00000000001A1000000000000000000000066
:1028D000003ED00000000000000CFF80000000005F
:1028E0000006FFFF200000000000EFFFFB000000DB
:1028F00000008FFCCFF4000000002FFB00FFD00091
:1029000000000BFFC00FFF70000004FFFD01FFFF80
:10291000100000DFFFE02FFFFA00007FFFFF9BFFAA
:10292000FFF3001FFFFFB00EFFFFC00AFFFFFE24F2
:10293000FFFFFF60FFFFFFFFFFFFFFFA06CCCCCCDD
:10294000CCCCCCCB300000000000360000000000F2
:10295000007F80DDDB00008DEFF8FFFFB007FFFF99
:10296000FD556FF46FF8AFE2000574FF907E200014
:10297000003FFA0000000002EFB2504A00012EFDB5
:102980001DF48FB0FFFFD10BFFFFFBFFFE2000CF38
:10299000FFFB12210000029FC000000000005B004E
:1029A000000007A00000000008FFB000000008FFC2
:1029B000FFB0000008FF95FFB00008FF9005FFB0D2
:1029C00007FF900005FFB09F90000005FD0040004C
:1029D000000003104C20000000B60BFE200000CFCA
:1029E000F02EFE2000CFF4002EFE20CFF400002EAB
:1029F000FECFF40000002EFFF4000000002EF400D3
:102A0000000000001300000000083000000000007B
:102A10000000BFF308BBBBBB90000BFFFF39FFFFFB
:102A2000FFF1008FCFCFF000000AF100382F948023
:102A300000000AF100002F900000000AF100002FB2
:102A4000900000030AF130002F9000001FCBF8F82F
:102A5000002FEBBBBB39FFFFE2001FFFFFFFB09F62
:102A6000FD2000000000000008D10037888700002A
:102A70000000EFFFFFA0000000FFFFFFFDCCCCB681
:102A8000FFFFFFFFFFFFFFFFFFFFFFFFFFFFFFFF56
:102A9000FFFFFFFFFFFFFFFFFFFFFFFFFFFFFFFF46
:102AA000FFFFFFFFFFFFFFFFFFFFFFFFFFFFFFFF36
:102AB000FFAFFFFFFFFFFFF9000000000000000074
:102AC0000001DD10000000001DFFD100000001DF4B
:102AD000FFFD1000001DFFFFFFD100009FFFFFFF63
:102AE000F90000011CFFC1100000000CFFC0000035
:102AF00000000CFFC0000000000CFFC0000079992E
:102B00003BFFB39997FFFFB2442BFFFFFFFFFEDDB2
:102B1000EFFFFFFFFFFFFFFAB3CFACCCCCCCCCCCA8
:102B2000CA00000000000200000000000004FFC70F
:102B30000000000000AFFFF0000000001FFFFD00DC
:102B400000000006FFFFC00000000008FFF70000C3
:102B50000000000CFF300000000004FFC000000077
:102B60000001EFF300004A3002DFF80005DFFE1538
:102B7000EFFB0000EFFFFFFFFA00000BFFFFFFF786
:102B80000000007FFFFFA200000002BA85000000E5
:102B9000000004860000001006FFFA0002DFD1EFFB
:102BA0003CF101DFFA0EE0AF21DFFA009FEFF6DF24
:102BB000FA00008DFFFFFB00000006FFFD00000093
:102BC00048EFFFF600006FFFFBFFF6000EF3CF2388
:102BD000FFF600EE0AF204FFF609FEFC0004FFF126
:102BE00008DA100002620000000000000000006F20
:102BF000FFF987000008FFFF98F708A68FFFF95933
:102C000090FFA8FFFFFCCC0FFA8FFFFFFFF1FFA89A
:102C1000FFFFFFFF1FFA8FFFFFFFF1FFA8FFFFFF7E
:102C2000FF1FFA8FFFFFFFF1FFA8FFFFFFFF1FFA53
:102C30007FFFFFFFF0FFE3122222210FFFFFFFF9CA
:102C40000000ACCCCCCB5000004999999995000E6E
:102C5000FFFFFFFFF600FD2222224FF60FC000000B
:102C600001FFF3FC0000001FFF6FC0000002FFF631
:102C7000FFFFFFFFFFFF6FFFFFDCFFFFF6FFFFB06F
:102C800005FFFF6FFFF6000FFFF6FFFFC006FFFF17
:102C90006FFFFFEDFFFFF69FFFFFFFFFFD10CDDD94
:102CA000DDDDDDDD2FFFFFFFFFFFF31222222222F9
:102CB00022000000000000000000000000000FFFE4
:102CC000FFFFFFFFF3DEEEEEEEEEEE200000000071
:102CD00000000000000000000DEEEEEEEEEEE2FF60
:102CE000FFFFFFFFFF3000000000000037888888EA
:102CF000888873EFFFFFFFFFFFFEEFFFFFFFFFFF7F
:102D0000FE1CFFFFFFFFFFC1D28FFFFFFFF82DFF6B
:102D100064EFFFFE45FFFFFA2BFFB2AFFFFFFFD3CB
:102D2000553DFFFFFFFFFFBBFFFFFFFFFFFFFFFF63
:102D3000FFFFAFFFFFFFFFFFF9000000000001FFF2
:102D4000FFF00004FFFFD00006FFFF800008FFFF38
:102D500030000AFFFFAAA60CFFFFFFF80EFFFFFFDF
:102D6000E10BDDDFFF6000004FFD0000007FF3009E
:102D70000000BFA0000000FF10000003F8000000EA
:102D800003C000000000200000000455EFB5520011
:102D900000FFFD1FFFB0000FFFFFFFFC0000FFFF63
:102DA000533320000FFF97FFFB5700FFF8AFFFC61C
:102DB000F80FFF8AFFFC4AA1FFF8AFFFE3220FFFE5
:102DC0008AFFFFFFF4FFF8AFFFFFFF4FFF8AFFFF0F
:102DD000FFF43552AFFFFFFF40000AFFFFFFF40092
:102DE000007FFFFFFE20000001100000000000AF88
:102DF00000000000018FFA30000002EFFFFF5000DA
:102E000000BFFFFFFF10001FFFFFFFF50003FFFFE4
:102E1000FFFF70005FFFFFFFF90008FFFFFFFFC02B
:102E200000DFFFFFFFFF209FFFFFFFFFFD0EFFFF03
:102E3000FFFFFFF2022222222221000008FFC00031
:102E400000000009A20000005BBBBBBBBBBBBBA377
:102E5000FFFFFFFFFFFFFFFBFC0C30E11D0D11FC2E
:102E6000FC0B30E01D0D10FCFFFEFFEFFEFEEFFC43
:102E7000FFF15A0870A05FFCFFF37B2992C27FFC30
:102E8000FFBFCBBBBBBFCBFCFC0B2000000D00FC8D
:102E9000FFCFCCCCCCCFCCFB9FFFFFFFFFFFFFF6DB
:102EA0000000000000000200000000000005DFB08C
:102EB0000000000007EFFFD000000018FFFFFF70C8
:102EC000000029FFFFFFFF00003BFFFFFFFFF800AE
:102ED0000AFFFFFFFFFFF1000FFFFFFFFFFFA00052
:102EE000049AAAAFFFFF20000000000EFFFB0000C5
:102EF0000000000EFFF400000000000EFFC0000004
:102F00000000000EFF5000000000000DFD0000005A
:102F100000000004B300000035555502000FFFFF0C
:102F2000F2F400FFFFFF2FF40FFFFFF2FFF3FFFFAC
:102F3000FF32221FFFFFFFFFF7FFFFFFFFFF8FFFA3
:102F4000FFFFFFF8FFFFFFFFFF8FFFFFFFFFF8FF0F
:102F5000FFFFFFFF8FFFFFFFFFF8FFFFFFFFFF8F68
:102F6000FFFFFFFFF88AAAAAAAAA30000000245592
:102F7000310000000003AFFFFFFFC7000002BFFFEA
:102F8000FEDEFFFFF6005FFFB51000038EFFB0DF2F
:102F9000D300000000008FF5180005AEFEC8100435
:102FA000600002DFFFFFFFF80000000CFF95347D9A
:102FB000FF40000002A200000077000000000002B5
:102FC00096000000000000000DFF5000000000000F
:102FD000000EFF6000000000000005DA00000000A5
:102FE0005BBBBBBBBBBBBBBA20FFFFFFFFFFFFFF51
:102FF000FF90FC1222222222220FF7FC5FFFFFFF2C
:10300000FFFF2CFAFC5FFFFFFFFFFF21FAFC5FFFD1
:10301000FFFFFFFF27FAFC2666666666661FFAFE5C
:10302000BBBBBBBBBBBBBFB1AFFFFFFFFFFFFFFF26
:10303000500000000000000000005BBBBBBBBBBB3E
:10304000BBBA20FFFFFFFFFFFFFFFF90FC12222211
:103050002221000FF7FC5FFFFFFFF8000CFAFC5F76
:10306000FFFFFFF80001FAFC5FFFFFFFF80007FA1F
:10307000FC2666666663000FFAFEBBBBBBBBBBBB30
:10308000BFB1AFFFFFFFFFFFFFFF500000000000D8
:10309000000000005BBBBBBBBBBBBBBA20FFFFFF9C
:1030A000FFFFFFFFFF90FC1222221000000FF7FC31
:1030B0005FFFFFD000000CFAFC5FFFFFD0000001B3
:1030C000FAFC5FFFFFD0000007FAFC26666650009E
:1030D000000FFAFEBBBBBBBBBBBBBFB1AFFFFFFF6B
:1030E000FFFFFFFF500000000000000000005BBB7E
:1030F000BBBBBBBBBBBA20FFFFFFFFFFFFFFFF90C7
:10310000FC1222000000000FF7FC5FFF30000000FF
:103110000CFAFC5FFF3000000001FAFC5FFF30009A
:10312000000007FAFC2666100000000FFAFEBBBB89
:10313000BBBBBBBBBFB1AFFFFFFFFFFFFFFF50003B
:1031400000000000000000005BBBBBBBBBBBBBBA08
:1031500020FFFFFFFFFFFFFFFF90FC0000000000CB
:10316000000FF7FC0000000000000CFAFC0000005B
:1031700000000001FAFC00000000000007FAFC005B
:1031800000000000000FFAFEBBBBBBBBBBBBBFB166
:10319000AFFFFFFFFFFFFFFF500000000000000037
:1031A00000000000000007B20000000000000ADF7D
:1031B000FA000000000000A93DF5000000044002F4
:1031C000E00010000000AFF80B600000006C30FF62
:1031D000FFFFFFFFFFFFFFF4AFF9000C5000006D91
:1031E0004005500004C00000100000000000C43E74
:1031F000E80000000000002EEFFA000000000000D0
:10320000004FFA0000000000000000000000000075
:10321000011000000007EFFFB30000AFFD8FFF209B
:1032200004FFFD09FFB00AFEFD12AFF00EF55D2CA4
:103230000EF30FFF33129FF50FFFF307FFF60FFF9B
:10324000E206FFF60FFE24137FF50DF57D2C0DF33E
:103250000AFFFD11BFF003FFFE0BFFA0007FFEBFC2
:10326000FE100003ACDC8100000034430000056662
:103270007FFFF96650FFFFFFFFFFFF35666666665A
:1032800066501CCCCCCCCCC402FFFFFFFFFF602FEC
:10329000F3FB7F6DF602FF2FB7F5DF602FF2FB7FA8
:1032A0005DF602FF2FB7F5DF602FF2FB7F5DF602C0
:1032B000FF2FB7F5DF602FF3FB7F6DF601FFFFFFF8
:1032C000FFFF5007BCCCCCCC9000000000000001F8
:1032D00020000000000004FF500000000002FFFF7B
:1032E000500000000439FFFE00000004FF39FFA079
:1032F000000004FFFF39B0000004FFFFFF200000C2
:1033000004FFFFFFB0000004FFFFFFB0000004FF58
:10331000FFFFB0000004FFFFFFB0000000BFFFFF91
:10332000B00000000DFFFFB000000000FFFFB00084
:1033300000000009A8600000000000000017888855
:10334000888887400002EFFFFFFFFFFFF4003EFF89
:10335000FFCFFFCFFFF703EFFFF908F809FFF83EB3
:10336000FFFFFE20402EFFF8DFFFFFFFE101EFFF30
:10337000F89FFFFFFF80008FFFF809FFFFF902C2EF
:1033800009FFF8009FFFFE4EFE4EFFF80009FFFF09
:10339000FFFFFFFFF700008FFFFFFFFFFFC10000EF
:1033A0000000000003EFFFFFE203FBFBCEBFA4FF22
:1033B0001D03A1FAFFF1D03A1FAFFFFFFFFFFAFF95
:1033C000FFFFFFFFAFFFFFFFFFFAFFFFFFFFFFAFB2
:1033D000FFFFFFFFFAFFFFFFFFFFAFFFFFFFFFFA57
:1033E000FFFFFFFFFFADFFFFFFFFF829AAAAAAA872
:1033F000000000000000000300000000000004F1D5
:10340000000820000001FF100BF70000002FF10C56
:10341000FF94444445FF1BFFFFFFFFFFFFF18FFFB9
:10342000FFFFFFFFFD007FF70000000000006F605E
:1034300000000000000030000000000006F2ECE890
:103440003699D661963ABE245E05FA05B1046A4DF6
:10345000098EE7CE47FF00FEC0FCA4FAA97AF1630B
:10346000F39C00008AEA8EE3D3EC7AFE5DFF0FEA5C
:1034700012F376F4DAFD3DFF37AA59BB9BCCFCE58D
:103480003EF7B87AB993FBB43DD63EEF585B397C32
:103490005B9D5DC65EEF3E45BE655F96FFBE9FE7E6
:1034A000BE2D1E4EBF863FB7BFE73B269C4EFD8616
:1034B0005EB7BFE73325B54D5886FBB69EE7CD65B1
:1034C0003086B4A639CFBDEF6C9EB0AE14C779DF9D
:1034D000DDF70AD72EDF73E7B8F7DCFF6BFF8EFF4F
:1034E000B3FFD8FFFCFF45FEA9FE10FF76FFDCFF0F
:1034F00024FDA9FD70FE16FF9CFF88FB4CFC52FDCD
:1035000077FE5CFF6C8B4FA454BD79D65DEF937C46
:103510003595F8B5DBCE7EEFF7BD1CE77DEFBEF746
:10352000DFFF0000C6E165D145C1E3B0CCD8CBC018
:10353000AAA869883589F478D368B148B659755115
:103540003441D230553AF331B2290F195C1CBA1B01
:103550003813340ADC045A04B703B3027805B40400
:1035600011040C034F04CD034B0368020845673C6C
:10357000E62BE41A887DE76C4554433346C6A5AD77
:10358000E49CA283C6FE05FE44FDE2F380FD00FD3F
:1035900060FC60FB60FCE0F360EB80E283F243E2FE
:1035A00002DAA1B9686A065AA54924396F53CC4298
:1035B00029328721AE730C630842042100003C02CB
:1035C0007804B306EE08280B610D990FD01106148C
:1035D0003A166C189D1ACB1CF71E212148236C2526
:1035E0008E27AC29C72BDF2DF32F0332103418366A
:1035F0001C381C3A173C0E3EFF3FEC41D443B64505
:1036000093476A493C4B084DCD4E8D504652F95375
:10361000A5554B57EA58825A135C9C5D1F5F9A6010
:103620000D627963DD6439668D67D9681D6A596BEF
:103630008C6CB76DD96EF36F04710C720B730174DF
:10364000EE74D275AD767F7747780679BB79677A65
:103650000A7BA27B327CB77C337DA57D0D7E6C7EA0
:10366000C07E0B7F4B7F827FAF7FD27FEB7FFA7F65
:10367000FF7F0000000404040404040404040400A4
:103680000000000006060606060605000000000011
:103690000000000000000000000000000200000028
:1036A0000000000000000400000200020200000010
:1036B00000000000020202020002000000020000FE
:1036C00000000000020000000001010505050105E1
:1036D0000000000000100101000000001002020CB8
:1036E0000C1212000000000015D20110B5D201101A
:1036F00049D3011000FF00000055AAFF001122333A
:10370000445566778899AABBCCDDEEFF0001020321
:103710000405060708090A0B0C0D0E0F10111213F1
:103720001415161718191A1B1C1D1E1F20212223E1
:103730002425262728292A2B2C2D2E2F30313233D1
:103740003435363738393A3B3C3D3E3F40414243C1
:103750004445464748494A4B4C4D4E4F50515253B1
:103760005455565758595A5B5C5D5E5F60616263A1
:103770006465666768696A6B6C6D6E6F7071727391
:103780007475767778797A7B7C7D7E7F8081828381
:103790008485868788898A8B8C8D8E8F9091929371
:1037A0009495969798999A9B9C9D9E9FA0A1A2A361
:1037B000A4A5A6A7A8A9AAABACADAEAFB0B1B2B351
:1037C000B4B5B6B7B8B9BABBBCBDBEBFC0C1C2C341
:1037D000C4C5C6C7C8C9CACBCCCDCECFD0D1D2D331
:1037E000D4D5D6D7D8D9DADBDCDDDEDFE0E1E2E321
:1037F000E4E5E6E7E8E9EAEBECEDEEEFF0F1F2F311
:10380000F4F5F6F7F8F9FAFBFCFDFEFF0024496D2C
:1038100092B6DBFF80808081818282838485868767
:10382000898A8C8D8F91939597999B9EA0A2A5A72D
:10383000AAADAFB2B5000000FF1FFF1F01E001E01D
:103840002100200069006A006C006B006D006E00B2
:103850006300620000000000ACFE0310C19702107C
:10386000000000000000000000000000C300C300D2
:10387000041C000000F2031004F2031008F203100D
:103880000CF2031010F2031014F2031018F20310DC
:103890002CF2031034F2031040F2031048F203102C
:1038A00050F2031054F203105CF2031064F20310A0
:1038B0006CF2031078F2031080F203108CF2031004
:1038C000ACFE031019990210000000000000000077
:1038D0000000000064202B0000000000ACFE03107C
:1038E000CD9A02100000000000000000000000005F
:1038F0006420D12700000000ACFE0310CDA602100A
:1039000061A6021000000000A9AE021064200401AC
:10391000C0080000ACFE0310C1CB02100000000084
:103920000000000011CC0210040104010104000099
:103930009C3F0410D9DA02100000000000000000D3
:10394000000000006420322001040000010001009A
:103950000100220301000100010022030100010017
:10396000010002000100010001000100010000004F
:103970004CF5031000F1031050F5031034F503105B
:1039800070F0031054F5031058F503105CF50310A4
:10399000F8F1031070F0031060F5031064F50310E4
:1039A00068F5031044F5031070F0031048F5031098
:1039B000F8F003106CF503101CF2031020F2031052
:1039C00084F603100104010401040104010401044C
:1039D00001040104010401040201220301040104A1
:1039E00001040104010401040104010401040104AF
:1039F000010401040104010401040104010401049F
:103A0000010401040104010401042203020106006F
:103A1000020122034CF5031000F1031050F50310CE
:103A200054F5031058F503105CF5031060F503100E
:103A300064F5031068F50310F8F0031044F5031063
:103A400070F0031028F5031070F5031074F50310DF
:103A500078F503107CF5031080F5031084F503104E
:103A600028F0031088F503108CF5031090F503106F
:103A700094F5031070F0031098F503109CF50310F3
:103A8000A0F50310A4F50310A8F50310ACF503107E
:103A9000B0F50310B4F50310B8F50310BCF503102E
:103AA000C0F50310C4F5031070F0031034F50310D3
:103AB0001CF20310C8F5031020F20310F8F10310F4
:103AC00084F6031025030404040404040404040419
:103AD0000404040404040404040407012603030486
:103AE000030403040304030403040304030403049E
:103AF0000701010501050104010401040104010499
:103B0000010401040105010501052203020106006B
:103B100002012203CCF50310D0F50310D4F50310F5
:103B2000D8F50310DCF50310E0F50310E4F50310FD
:103B3000E8F50310ECF50310F0F50310F4F50310AD
:103B400044F5031070F0031028F50310F8F5031086
:103B5000FCF5031038F7031000F6031004F6031009
:103B600008F603100CF6031040F0031010F60310D3
:103B700040F5031070F0031014F6031018F603104C
:103B80001CF6031020F603107CF1031024F603103A
:103B900028F603102CF6031030F603106CF5031012
:103BA00034F6031038F6031070F0031034F50310E8
:103BB0001CF20310C8F5031020F20310F8F10310F3
:103BC00084F6031025030404040404040404040418
:103BD0000404040404040404040407012603030485
:103BE000030403040304030403040304030403049D
:103BF0000701010501050104010401040104010498
:103C0000010401040105010501052203020106006A
:103C100002012203CCF503103CF6031040F603101A
:103C2000B8F1031074F2031084F1031044F603108A
:103C300048F603104CF6031050F603105CF0031026
:103C400044F5031070F003102CF5031054F6031024
:103C500028F20310CCF0031058F603105CF60310A2
:103C600044F2031060F6031064F603104CF20310E4
:103C700040F5031070F0031014F6031018F603104B
:103C800068F60310B0F603106CF6031070F603101C
:103C900074F6031078F603107CF603106CF503102D
:103CA00034F6031038F6031070F0031034F50310E7
:103CB0001CF20310C8F5031020F20310F8F10310F2
:103CC00084F60310ACFE031029DF02100000000090
:103CD000000000003DDF02101A001A008002000000
:103CE000ACFE031000000000000000000000000017
:103CF00000000000C3000401000000002840041080
:103D000000000000000000000000000000000000B3
:103D10000000000000000000803F041000000000D0
:103D20000000000000000000000000000000000093
:103D300000000000ACFE03100000000000000000C6
:103D40000000000000000000000000000000000073
:103D5000ACFE0310000000000000000000000000A6
:103D6000000000000000000000000000ACFE031096
:103D70000DE40210C9E30210000000000000000082
:103D8000C300040140060000ACFE0310B9E50210B8
:103D900095E5021000000000000000006420D1271B
:103DA00080020000ACFE0310E9E3021000000000F6
:103DB00000000000000000006420D1270000000087
:103DC000ACFE0310D1E30210000000000000000070
:103DD000000000006420D12700000000ACFE0310AA
:103DE00000000000000000000000000000000000D3
:103DF000D127D12700000000ACFE03100000000016
:103E000000000000000000000000000000000000B2
:103E100000000000ACFE03100000000000000000E5
:103E20000000000000000000000000000000000092
:103E3000ACFE031071EC021059EC021000000000FF
:103E400019EF021000000000C0030000ACFE0310D8
:103E50000000000000000000000000000000000062
:103E60006420642040020000ACFE0310000000004B
:103E70000000000000000000000000000401D12745
:103E800080030000ACFE03100000000000000000F2
:103E900000000000000000006420D1274002000064
:103EA000EC400410E5FE02100000000000000000DD
:103EB0002DFF02108200000081070000483F04101F
:103EC0009D0303100000000000000000000000003F
:103ED0000000000000000000ACFE0310B504031059
:103EE0005504031000000000D9070310642064206B
:103EF00000030000ACFE03106D0A03100000000078
:103F0000000000000000000000000000800200002F
:103F1000ACFE0310710B0310000000000000000055
:103F2000000000000000000080020000ACFE031052
:103F3000E10C031000000000000000000000000081
:103F40006420642040020000ACFE0310F91F03103F
:103F50000000000000000000292503100000000000
:103F600041040000ACFE0310053D03109D3B03100F
:103F700000000000F13B031004010D0000060000EA
:103F8000ACFE03106D3F03100000000000000000B5
:103F900000000000D127D12744020000ACFE03102E
:103FA000F9490310B545031000000000214A031031
:103FB0000401820085030000ACFE03101D560310AF
:103FC000595903100000000055560310D127D1277E
:103FD000C4020000ACFE0310395C0310155A031034
:103FE00000000000495D0310000000008002000096
:103FF000ACFE0310955C03106D5C03100000000024
:104000006D6703108200D12705040000ACFE031089
:10401000B56C03100D6D031000000000F16E03106D
:10402000D127D127C0030000ACFE03105588031030
:10403000997A031000000000D1830310D127D12703
:10404000C0040000ACFE0310918F031000000000BC
:1040500000000000AD8F0310D127D127C00200005F
:1040600028400410000000000000000000000000D4
:10407000BD94031000000000C0040000ACFE03105B
:104080002994031000000000000000005D9603105A
:10409000D1278200C5020000643F0410ADA00310C8
:1040A00000000000000000000DA10310000000004F
:1040B00085070000ACFE031011A9031009A9031025
:1040C0000000000039A9031034001E008402000023
:1040D000ACFE031059B60310F1B503100000000048
:1040E000D9BA0310D127D12785030000ACFE0310F5
:1040F00025CA031035C4031000000000C5D4031006
:10410000040182004406000095320110893101103B
:104110001200030000FF0100244104100000000011
:1041200000000000D0530410E04E04103C4E041078
:104130003C410410100002281CDA00204C410410FD
:104140009C4D0410FC4C04103D31000000010000A7
:104150000000000000010000030000000002000059
:10416000000000000000000000000000000001004E
:1041700000000000000000000000000000010C0032
:1041800007FA00000000F2F1020C0604F6020D012D
:104190000B030800000000000000000000000F02F8
:1041A000FE0000000000000000000000000500F814
:1041B0000000000000FB04050000FD00FE0300FD00
:1041C00000FDFFFB00000000FD0000FDFC0000FD05
:1041D00000FB000000000000000000FDFD00FC00EE
:1041E000F900E10000FB0005080000FB03030805DF
:1041F000FC050000F10000000000000000000000CD
:10420000F70000000000000000000000000000F9BE
:10421000FDF300F6FE00000000010A00F8FEFF01B9
:1042200000FC0000FEED00000000000000000000A7
:1042300000ECFE0A0000000000000000000000008A
:10424000F60000000000000000000008000300006D
:10425000FB00000000000000000000000000000063
:1042600000000A0201000000000000000000000041
:10427000000000000000000000000000000000003E
:10428000000000000000000000000000F700000037
:10429000000000000000000000000000000000001E
:1042A00000000002050308FD000005FDF8DD02071F
:1042B0000501FD00090008000800E800FD080008ED
:1042C000FD0503000001FD0000FC140014000800BF
:1042D0000B030408000000F70000000001FE0002CC
:1042E000FBFDFB0200FD000000F6000000000000E6
:1042F0000000000000EF00000000000000000000CF
:10430000000000000001F200F000000000FE0019B3
:10431000FDFD0303FE00FD030000F20000000000AD
:10432000000000000000E7000300000000000000A3
:104330000000000000F0000F0000F7000800EFE7A9
:10434000EFFB080000EF0003FA00FC000000000093
:10435000000000000000000708E10000000000006D
:104360000000000000000C0002000000000002023B
:10437000FDFB00FFFFFD0000FE000000FB00FE0053
:10438000FAFB00FAF8F8FB00FB00FB00000000FE5F
:104390000000030002FD000100000003FE00000019
:1043A000FE0303FF000000FB00FF0000000000010F
:1043B0000003FE00FD00FC0000FE00080000FD0000
:1043C00000000000FF01FEFE0000FD00FD000000F7
:1043D000000000000000FFFF00FDFD0000000000E5
:1043E000010000FE00FDFDFD0000000000000000D7
:1043F00000FE00000000FEFD00FC00F8FEF80500D5
:1044000000FB03050700FAFFFD00FFF403FE02F2C4
:1044100003000001F300F2FEEAFE00F300050700CE
:1044200003000000000100FBFD00F8000000FD009B
:104430000000FD0000000000FFFF00FFFD00000085
:1044400000000000FDFD00FEFDFE0000FD0000007C
:104450000000000000000000FEFE00FD00FE00FB6A
:10446000030000FD010303000000000000FE000047
:10447000000000020000FD00FDFEFD000000000045
:1044800000000200FE00000000FDFC00FB0008FE32
:1044900001F8000007F3F3F5FB0300FEEFFB00FB60
:1044A00000FB04FBF000F9000001FF02FE00030026
:1044B000F8F600F3FAFBFAF8FDF9FFFBF902000148
:1044C00000FD0000000200030000000000000000EA
:1044D000000000FD00FF00FFFD00FCFAFAFF00F8FD
:1044E000000000000000FE0000000001FE000000CF
:1044F0000300000000000000000C000000000000AD
:1045000002000000FD0000000000000000000000AC
:10451000FB0003000000000000000000000000009D
:10452000FE000000FB00000000F3F8000000FCF3B8
:104530000000FD0300F90000000000000000000082
:10454000FC0000FB00000000000000000000000074
:104550000300FB00000000030002FBFB00FDFDFD6B
:10456000000000000000F800FD00FCFD00FAFAF871
:10457000FE00FB00F800000000140000010000FD38
:10458000000300F50000000000E8FB0808FEF5004D
:1045900003FC00F3FFFD03EEFD030004F7FCF7F856
:1045A000F50000F1000F0000FF000000FFFFFDF923
:1045B000F8FFE8000000000000000000010000001B
:1045C00000000000000000000000000000FD00FFEF
:1045D000FDFC0000FB00FD000000000000000000EA
:1045E000000000000000FF00FB000005FF0300FAD0
:1045F00003FEFFF9FD00FDFDFE00FCFC0000FEFFD8
:10460000FEFCFD0000FD0003FE00FA000000FB00C0
:10461000FC00FCFC030000000000000000FB0300A5
:10462000FC00FEFDF8FEFEFEFFFEFDFF00000000A8
:1046300000FDFEFE0000000003FE00FE000000FE84
:10464000FDFEFEFDFE00020AFF00F900FE0500FD72
:10465000F5FD040000F4FC03FC0200FEFEF800FC83
:10466000010000FC0000000303FBFB00FCFDFCFD5F
:10467000FD00FC01FBFC0800000000000000000041
:104680000300000000000000000000000000000027
:104690000000000000000000FC000000000000001E
:1046A000000000000000000000000000000000000A
:1046B00000000000000000000000000000000000FA
:1046C00000000000FE0000000000000000000000EC
:1046D00000000000000000000000000000000000DA
:1046E0000000FEFD000000000000000000000000CF
:1046F000FC0000FD0000FDFD00000000FD000000CA
:1047000000FF0000000000FE00000000FC00FB00B5
:104710000000F80002FA0501FEF40000FAFD00F6C0
:10472000FAF90000F5FDF6F6F400F9000211FD00BB
:10473000FAFDFFFDFCF9FBF7F6FAFD0000FE0001B3
:104740000000EEFE0806FAF70001F800F3FEFD0592
:10475000E8FD010000EFFDF3FDED0000EE000F01AC
:1047600000FE00000000FFFEF6FE00EF000000006B
:10477000F800FE00FFF9F40000FFFCF8FD00FE0069
:10478000000000F4FDF8F8FEFCFAFDFC00FBFEF86A
:10479000FC00FDFBFDFB000100FEF8000500FB0036
:1047A000000000030002FB0A00FDFDFD0000000008
:1047B0000000F800FD00FCFD00FAFAF8FE00FB0224
:1047C0000A00000000140000010000FD00030000CA
:1047D000000000000000FF0000000000FEFB0000E1
:1047E000000000FF000000FDFD0000FBFD0000FBDD
:1047F0000004FF00000000000001000000000405AC
:1048000002FE00F8FC0008F8F8FBFB0A0503EAFECC
:1048100005FD00FD03FDF700FD03FDFEF8FE0000B1
:10482000080500F900F2FD07FDF601FDF8F8FD0AA4
:104830000300FC00F9000208FAF7F6FA080001ED9F
:10484000FE03FCFEFA00FAF7FCFCFE0000FAFBFD9A
:10485000000806FDF200F2FC00F7F1FFF8FCF8F9A1
:10486000070000FD00FBFE00FDFB0004F803000054
:10487000F200FDFAFCFEF8FAF8FA00F8FDFAFBF88F
:10488000FD0000010CFC00F8FD00FDFBFAF9F9F653
:10489000FDFB0500FC00F3FD0205F8F7FBF808FD41
:1048A00001E8FB05FAFCF700F8F5FDFDFEFDFBF85D
:1048B000FF00000807FEEF00F1FA06F6EFFBF7F540
:1048C000F3F80500000000FD000003FD0502FB05F4
:1048D0000000F8FF00FF000101FE000000000000E2
:1048E000FD0000000002080100FD00000000FEFEC7
:1048F000FD0000000102000000000200FE000A00AE
:10490000050101FD0005000000020000000000009C
:104910000000000000080007000000000000000088
:10492000000000000000F100FD0400080000190371
:10493000FBFB0303FE01F300000CF100000000008C
:10494000000000000000EF0A24000000000000004A
:104950000000000000F10000000000000000000066
:104960000000000000000000000000000000000047
:10497000FC0000FBFE000000000000000000000042
:104980000000000000000000FE00F900000100002F
:104990000321FBFE0807F90300000303FD000000EC
:1049A0000000000000000000DF0700000000000021
:1049B0000000000000000000000000F9000000F905
:1049C00000000000FAFF000000FA00FD00F4000003
:1049D000000000000000000000EF000000000100E7
:1049E0000000000000FD0000FB00FC00F9000000DA
:1049F000FC03FD0000F9FDFA0000F900FD00F400E1
:104A0000FD0000EBFBF6FDF70000EF00F9FF0000F2
:104A1000000000000000FCFBFEFC00000000FA00AB
:104A2000FA03FD0500FEFAFEFCFB00FDFFFE02F9A5
:104A3000FF000000E9FEFC00FA00FEF4FE0000FEAC
:104A4000FE000000000200FEFCFE0400000000006A
:104A50000000000000000000000000000000000056
:104A60000000000000000000000000000000000046
:104A700000000000000003000000000000FA00FE3B
:104A8000000000FB03000000F9FDFB0000F900FD41
:104A900000F400000000E700FBF7F30000EF00FE69
:104AA000FC0000000000000000FDFCFFFC01000015
:104AB00004FD00080DFDFDF8030D0406F9030B03CA
:104AC0000706070000000000000000000000100CB6
:104AD000FBFD00FE140B14000000030000090000A1
:104AE000FC000000000000000000FE0000000000CC
:104AF0000000000400000000EAFDFEF6F30000EFF5
:104B000000000000000000000000000000000000A5
:104B100000FC000000000000000000FE000000009B
:104B2000000000000400000000EAFDFEF6F30000B3
:104B3000F60000000000000000000000000000007F
:104B400000000000FE000000FA0300FD020503F86B
:104B500000FFFE03000200000000FA00FEFEFB0062
:104B6000FEF60010FD00FAFE00FEFC00FDF9FBFD64
:104B7000000000FC000000000000000000FE00003B
:104B80000000000000000400000000EAFDFEF6F353
:104B90000000EF0000000000000D00000000000019
:104BA00000000000FC00F8FDFE08FEFDF601FE011D
:104BB000FEF9010601020102FAF6FD00F6FBF9F525
:104BC000F600FCFBFDFDFEFEFDFE00FEFF04000402
:104BD000FE0008000000000000000000000000FED1
:104BE000FDFD0000F900FF00FC00000000000000D7
:104BF00000000000F10000000000000000000000C4
:104C0000FDFD00FD00000000FE0000FCFD0300FCB7
:104C1000FBFE00F9FEFAFEFD00FC000000000000B3
:104C20000000000000EF00080000FB00000000FD95
:104C300000FD0000FF0000FE00FA00000BFDF8F888
:104C4000020303FFF9020402080208FEF90000F65D
:104C50000000F8F90000FB00FDFC00FC00FC00FE79
:104C60000400FEF8FD090000FE00FB000003FA004E
:104C700003FD020000F800FEFF00FD03FE0000003F
:104C8000F6FDFA00F80000F40009FD00FB00020048
:104C9000FD00FDF800FD0300000000FE000003FD24
:104CA000010000FDFE00FD0000000000000000000B
:104CB0000000000000000000F000060000FE000000
:104CC00000000100FDFD00000005000600000000DE
:104CD00000F0F1010B0804F6020B000900050000CA
:104CE0000000000000000000000E000000000000B6
:104CF00000000000000000000000000000000102B1
:104D00000003040502060708090A090A0B0C0D0E28
:104D10000F10110C12131415150000001617181996
:104D2000171919191719191A1919191917191719FA
:104D3000031B1C1D1D1E1F202122230024002526CD
:104D4000272727002726282926262A2A272A272A0E
:104D50002B2C2D2E2E2F2E30000023093109000080
:104D60000000000000000000000000000000000043
:104D70000000000000000000000000000000000033
:104D80000000000000000000000000000000000023
:104D90000000000000000000000000000000010210
:104DA0000003040502060708090A090A0B0C000D96
:104DB0000E0F101112130C14140000001516171802
:104DC00019161A1B1C1D1D1E1F201D1D1621222316
:104DD00003241E2525262728292A2B002C002D2ECA
:104DE0002F303132332D343435302D2D2E2E3637B1
:104DF0003839333A3A3B3A3C290000093D09000072
:104E000000000000000000000000000000000000A2
:104E10000000000000000000000000000000000092
:104E20000000000000000000000000000000000082
:104E30000000000000000000000000002000000052
:104E40005F00010000000000000000000000020000
:104E5000B0000000F3F76000644E04100000000092
:104E60003E0003000000721F51EF58EF5BEF5CEF54
:104E70005DEF61EF63EF65EF69EF6CEF71EF76EF78
:104E800077EF78EF8EEF93EF98EF9BEF9CEF9DEF2E
:104E9000A1EFA2EFA3EFA4EFB7EFB8EFBEEFC0EF23
:104EA000C1EFC4EFC7EFC8EFC9EFCBEFE3EFE5EF1A
:104EB00014F015F017F019F030F037F03AF043F035
:104EC0006CF074F0ABF03BF190F191F192F193F151
:104ED00094F1D7F1E3F13DF254F2AAF412F7F2F7AC
:104EE000000000000000000000005004000000006E
:104EF00000005004030C01001200400605050107E4
:104F00001F00400B0B0C00006100F0090A1000FEAE
:104F1000B100800D0D0C0000FF00000B0B0D00FF19
:104F200047016003020501074C016005040F01FD04
:104F30006A017005040F00FD88016006070700057F
:104F4000A101500908080102C101A003030500FEE8
:104F5000C901200606030003D201A00303030000D9
:104F6000D701A0050810FFFE1702B00A0A0C0000C6
:104F70005302F005050C000071023009090C000015
:104F8000A7022009090C0000DD02B00A0B0C00008A
:104F90001F033009090C00005503E0090A0C00004A
:104FA00091039009090C0000C703500A0A0C000085
:104FB0000304E0090A0C00003F04A00303090000F9
:104FC0004D04A003030C00FD5F0450090808010212
:104FD0007F045009080601039704500908080102DC
:104FE000B7043009090C0000ED049010100F00FD0B
:104FF0006505B00B0D0CFF00B305200C0B0C010078
:10500000F505900B0B0C00003706300D0C0C010061
:105010007F06C00A090C0100B506300A090C010020
:10502000EB06600C0C0C00003307000D0B0C0100AC
:105030007507F004030C010087073008080CFF0017
:10504000B707800B0B0C0100F9078009090C010060
:105050002F08400F0D0C01007D08000D0B0C010006
:10506000BF08700D0D0C00000D09900B0A0C01001B
:105070004909700D0E0F00FDB209A00B0A0C0100CA
:10508000EE09F0090A0C00002A0A60090A0C000067
:10509000660AA00C0B0C0100A80A600B0D0CFF00A7
:1050A000F60A0012120C0000620BC00A0B0C000082
:1050B000A40B600A0C0CFF00EC0B800A0B0C000028
:1050C0002E0C5005050F01FD540CA0050810FFFE25
:1050D000940C5005040F00FDB20C500908070102A2
:1050E000CE0C0008080200FED60CA0090502010A39
:1050F000DB0C900909090000040DF00A0A0C0100FC
:10510000400D200909090000690DF00A0A0C000091
:10511000A50DD0090A090000D20DA005070C00005A
:10512000FC0D100B0A0C00FD380EE00A090C010002
:105130006E0E7004030C0100800E9004060FFEFD3D
:10514000AD0EE009090C0100E30E7004020C010031
:10515000EF0EF0100F090100330FE00A09090100FA
:105160005C0F300A0A090000890FF00A0A0C01FDE1
:10517000C50FF00A0A0C00FD011090060609010097
:105180001C100008080900004010A006070B0000D2
:105190006710D00A090901009010F0080A09FF0001
:1051A000BD10600E0F0900000111D00809090000B0
:1051B0002A11F0080A0CFFFD6611500808090000CA
:1051C0008A11A005060F00FDB711D004030F01FDE1
:1051D000CE11A005050F00FDF411500909050004CA
:1051E0000B12B006060600061D120005030401039B
:1051F00023120010101100FEAB120010100C000062
:105200000B130010100E00FF7B130010100C000099
:10521000DB13000B0B0C00001D140010101000FE1F
:105220009D140010101000FE1D150012120E00FF3C
:105230009B150010101000FE1B160012120C00002F
:1052400087160010101000FE07170008080E00FF58
:105250003F17000C0C0E00FF93170012121000FEF7
:1052600023180010100C00008318000B0B1000FE18
:10527000DB18000E0A1002FE2B19000E0E1200FDA4
:10528000A919000E0E0F00FF121A000E0E0E00FFDD
:10529000741A000E0A1002FEC41A000E100EFFFF50
:1052A000341B000A0A0E00FF7A1B000A0A0E00FFD8
:1052B000C01B000E0E0E00FF221C000E0E04000488
:1052C0003E1C0012120C0000AA1C0014141000FE58
:1052D0004A1D00121410FFFEEA1D0010101000FEFF
:1052E0006A1E000E0E0A0001B01E000E0E0A00011A
:1052F000F61E0014140E00FF821F0010100C000098
:10530000E21F0010101000FE622000101111FFFEBD
:10531000F320000E0F0E00FF5C21000E0E1000FEA9
:10532000CC21000E0E0E00FF2E22000E0E0E00FFEE
:1053300090220010100C0000F022000A0C10FFFE5A
:105340005023000E0E1000FEC023000E0E1000FEB3
:1053500030240012120C00009C2400101212FFFDD9
:105360003E25000C0C1000FE9E250014140F00FFBB
:1053700034260014140A000198260014140A0001AF
:10538000FC260014140A000160270014140A00010E
:10539000C4270014140A000128280014150E00FF69
:1053A000BB28000E0C1001FE1B29000E0E1000FE83
:1053B0008B2900101111FFFD1C2A0014140C000091
:1053C000942A000C0C1000FEF42A2010110B00018E
:1053D000BF0BF0AF0AE09E08D08C07C0000010BFE2
:1053E0001AE0F51F3F51F3E40F3E40F2720810003F
:1053F00005C003E000007A005C0000098007A001FE
:10540000FFFFFFFFFD033E733C833000F200C50049
:10541000000F100E300002F000F2009FFFFFFFFFB0
:105420004138C336E3300089005C00000A7007A0F1
:105430000000007900000000790000005CFFE92016
:1054400006FCBC9E900EB07900100F807900000D14
:10545000F579000003EFFD50000006CFFE4000008C
:10546000795EF100007905F307007907F12FE9BCB7
:10547000AFA003AEFFD70000007900000000790064
:105480000003DE800005D000E40C5001E3004C0076
:105490005A00A90006A004C04E00004C005A0D504E
:1054A0000000E41C58A0000003CE73E13CE90000BA
:1054B00000D60E40A800007C03C003D0002E203C84
:1054C000003D000B7000E2098006D00004DDA00062
:1054D00009EFB1000009E43CA00000D9007D000004
:1054E0000CC01CA000003FAEC1000001DFC00000E6
:1054F00003EB8F701800DB007F65F03F40008FEA00
:1055000003F70000CF700BF966CFBF4008DFEA3029
:10551000A5000000000000F5F5E4E47200DA05F2F1
:105520000BC00F703F405F206F107F006F105F2037
:105530003F400F700BC005F200DA3F300CB006F1AF
:1055400001F600E900BC00AD00AE00AD00BC00E912
:1055500001F606F10CB03F30004A000674A4A02BFF
:10556000FFE5007FFB207B6B8D0004A00000130093
:105570000000051000000F5000000F5000011F51E7
:1055800010EFFFFFF3344F7440000F5000000F5036
:10559000000952FD0BA0C50F000111101FFFF304FD
:1055A00044400312FC1E90000005F100000AB00008
:1055B000000F6000005F100000AB000000F600006C
:1055C00005F100000AB000000F6000004F1000005D
:1055D000AC000000F6000004F100000AC000000E5C
:1055E0006000004F1000000008EFC50000CFA8CFFA
:1055F0007007F5000AF20DC00001F81F800000DC02
:105600003F600000BD3F600000BD1F800000DC0D5A
:10561000C00001F807F5000AF200CFA8CF7000081B
:10562000EFC500EFFF367AF3005F3005F3005F301F
:1056300005F3005F3005F3005F3005F3005F3005D0
:10564000F304BEFD7007FD98CF90280000BF000056
:105650000007F2000000AF0000004F8000003FC0D4
:1056600000003EC100002EC100002ED100002EF827
:10567000777746FFFFFFFA6FFFFFFF0277779FB054
:1056800000000CE1000009F3000005F6000000DF57
:10569000E910000459FD00000006F40000003F641A
:1056A000400008F3BFC98CFB007CFFD7000000015D
:1056B000EB00000000BE100000006F500000002F43
:1056C000900000000CD000000008F301D50003F8A2
:1056D000002F6000ED2223F7216FFFFFFFFF8155B0
:1056E0005556F9520000002F6000000002F6000538
:1056F000FFFFFF007F77777008E0000000AD00003B
:10570000000BC2100000DFFFFB30045568FF2000D3
:105710000004F80000000F92500005F68FD98AFDB2
:10572000105BEFE9100005CEFC60009FC88B700590
:10573000F80000000CD00000001F800000002F685F
:10574000EFFA103FEE648FD02FF10006F40EC00088
:1057500002F609F10006F301DE869FB00019EFD8CA
:10576000008FFFFFFFE8F77777FC8F00004F559021
:10577000000BE0000002F80000009F1000000FB0D6
:10578000000006F4000000DD0000003F7000000A89
:10579000F1000001F90000005CFFD70006FC76AFC5
:1057A000A00CD00009F10DC00007F207F7115EC090
:1057B00000BFFFFE1009F9547ED02F800004F64F81
:1057C000500000F81FA00005F609FB76AFD0006C72
:1057D000FFD810008EFD80000CF868FC005F5000C0
:1057E0003F708F00000EC07F30001FF01FD413CF1A
:1057F000F104EFFFA9F00002310AF00000000EA052
:105800000000009F3009A78DF70007DFEB40001E66
:1058100092FC0310000000000312FC1E901E92FC7C
:105820000310000000000001E91FD0A80E30A00006
:1058300000004200017DF3039FE810BFB50000EEB9
:1058400081000017DFB4000004AFD200000182EF36
:10585000FFFFF3455555510000000001111110EFF5
:10586000FFFFF33444444050000000EF9200000674
:10587000CFB50000039FE200006CF3029EE920BF59
:10588000C600009300000004BEFD7007FC77BFA0B7
:10589000270000CF00000009F0000001EA0000012D
:1058A000DD100000CE1000003F600000013000005D
:1058B000000100000006F50000005F400000001736
:1058C000CEFDB500000005FB53237DC200006E40F5
:1058D0000000008E1002F401AEFA3F49B00A901E9B
:1058E000E65BEF40E30F308F1000AF40981F00D908
:1058F00000003F406A3F00E800001F405C1F00D9E5
:1059000000003F406A0F308F1000AF40980A901E91
:10591000D65ADEA6F203F301AFFA16EE50006E403F
:1059200000000000000006FB532375000000001774
:10593000CEFDA30000000002FD00000000009FF467
:10594000000000000F9EB000000006F27F20000063
:1059500000DC01F80000004F600BE000000BF000DD
:105960004F600001FA1111ED00008FFFFFFFF300FF
:105970000EC444444FA006F4000000AF10CD000058
:105980000002F85FFFFFEB4005F85557DF405F402E
:105990000001FA05F400000FA05F51113AF405FF71
:1059A000FFFFFA005F744459FA05F4000008F25F43
:1059B0004000005F45F4000009F25F85556AFB0571
:1059C000FFFFFFD70000028DFEB40004FFB89DF971
:1059D00002FD20000850BF200000000FA0000000C2
:1059E00002F6000000002F6000000000FA00000036
:1059F000000BF2000000002FD2000085005FFB8941
:105A0000DF800029DFEB405FFFFFEA30005F977720
:105A10009EF8005F400000AF605F4000000DE05F57
:105A200040000006F45F40000003F65F4000000302
:105A3000F65F40000006F45F4000000DE05F4000AC
:105A400000AF605F97779EF8005FFFFFEA30005F6E
:105A5000FFFFFF95F97777745F40000005F40000C1
:105A6000005F51111105FFFFFFE05F74444405F42E
:105A70000000005F40000005F40000005F977777AA
:105A800065FFFFFFFD5FFFFFFF95F97777745F40CC
:105A9000000005F40000005F40000005F522221020
:105AA0005FFFFFFE05F85555405F40000005F4001C
:105AB00000005F40000005F400000000018DFEB50D
:105AC00000004FFB89DFB002FD200006600BF200F2
:105AD0000000000FA0000000002F60000000002F59
:105AE00060000009F00FA0000009F00BF2000009AF
:105AF000F002FD20000AF0004FFB89DFC000028D9C
:105B0000FEC6005F4000004F55F4000004F55F4002
:105B100000004F55F4000004F55F5222225F55FF4C
:105B2000FFFFFFF55F8555558F55F4000004F55FC5
:105B30004000004F55F4000004F55F4000004F5551
:105B4000F4000004F55F45F45F45F45F45F45F45FC
:105B5000F45F45F45F45F400FFFFFA007777FA0041
:105B60000000FA000000FA000000FA000000FA004D
:105B70000000FA000000FA000000F9072003F60D0B
:105B8000E98EF101AEFB305F400002EB05F400014D
:105B9000EC005F4001DE1005F400CE20005F40BF46
:105BA000300005F49F9000005FCFEF400005FF91AB
:105BB000EE10005FA003FC0005F40006F8005F4053
:105BC0000009F505F400000CF25F40000005F40048
:105BD00000005F40000005F40000005F4000000589
:105BE000F40000005F40000005F40000005F40008A
:105BF0000005F40000005F97777725FFFFFFF55F52
:105C0000400000001E95FC00000008F95FF5000050
:105C100002FF95FDE00000AEF95F5F70003F5F9509
:105C2000F38F100BC0F95F31E904F30F95F307F21E
:105C3000DB00F95F300DEF200F95F3005F9000F966
:105C40005F300071000F95F300000000F95F500015
:105C5000004F55FF200004F55FFD00004F55FAF995
:105C60000004F55F4AF5004F55F40DF204F55F406E
:105C70002FD04F55F4006F94F55F4000AFAF55F44F
:105C80000000DFF55F400002FF55F4000006F5005C
:105C9000018DFEB5000004FFB89EFA0002FD200051
:105CA00008F900BF2000000AF20FA00000003F72B8
:105CB000F600000000F92F600000000F90FA0000CD
:105CC0000003F70BF2000000AF202FD200008F90EE
:105CD000004FFB89EFA0000028DFEB50005FFFFFC3
:105CE000D7005F9778BFC05F400007F65F400000B5
:105CF000FA5F400000FA5F400003F85F62236EF134
:105D00005FFFFFFD305F855420005F400000005FB3
:105D1000400000005F4000000000018DFEB5000063
:105D2000004EFB89EFA00002FD200008F9000AF2F6
:105D3000000000AF200FA00000003F702F600000A7
:105D4000000F902F600000000F901F900000002FA8
:105D5000700BF1000000AF2003FC100007F90000F9
:105D60006FFA78DFB0000003AEFFC500000000004E
:105D70003ED415B000000002BFFF8000000000010B
:105D800031005FFFFFD7005F9778BFC05F4000071B
:105D9000F65F400000FA5F400000FA5F400003F841
:105DA0005F52236EE15FFFFFFC305F8555F9005FB6
:105DB00040007F405F40000CE05F400002F9005C63
:105DC000EFD92007FC87AF900EC00001100F8000B4
:105DD00000000DF500000003EFEA50000005AEFEE4
:105DE000400000004EF100000005F308000008F23A
:105DF0002FFA77BFA0029DFFC700FFFFFFFFF567E7
:105E000078FB77720001F700000001F70000000145
:105E1000F700000001F700000001F700000001F7A3
:105E200000000001F700000001F700000001F7008A
:105E3000000001F700006F3000008F16F30000082B
:105E4000F16F3000008F16F3000008F16F30000092
:105E50008F16F3000008F16F3000008F05F400008A
:105E600009F03F700000CD00DE20005F8004FFA835
:105E7000BFD00003BEFD81000CE00000006F306F5A
:105E80005000000CC000FB000003F60009F2000007
:105E9000AE00002F80001F900000CE0007F200002F
:105EA00005F600DB0000000EC04F500000008F3BE5
:105EB000E000000002FBF8000000000BFF100000F3
:105EC00000004FB000005F400000DF000002F50F4F
:105ED000900002FF400007F00BE00007FE90000C6E
:105EE000B006F3000CAAE0001F6001F8001F54F395
:105EF000006F1000CD007F10F800CC00007F20CB99
:105F000000AD01F700002F71F6005F26F200000DD2
:105F1000C6F1000F7BD0000008FDC0000BDF800041
:105F20000003FF700006FF30000000EF200001FEBC
:105F300000003F900000CD008F40007F3000DE1059
:105F40002F800003FA0CD0000007FBF30000000CC8
:105F5000F800000001EFC0000000BF7F7000006F7C
:105F600060AF20002FB001ED000CF10004F807F63F
:105F7000000009F30CE0000007F203F700001F9097
:105F800000AF10009E10001FA002F6000008F30BE7
:105F9000D0000000EC4F400000005FFB000000005C
:105FA0000CF20000000009F00000000009F0000001
:105FB000000009F00000000009F000003FFFFFFFB3
:105FC000FD01777777BF900000001EC00000000C35
:105FD000F200000008F500000004F900000001ECE8
:105FE00000000000CF200000008F500000004F9004
:105FF0000000001EF877777705FFFFFFFFF05FFFD7
:1060000005F7505F3005F3005F3005F3005F3005A2
:10601000F3005F3005F3005F3005F3005F3005F7F4
:10602000505FFF007E0000001F4000000C90000049
:1060300007E0000002F4000000C90000007E00003C
:10604000002F4000000C90000007E0000002F30069
:106050000000D90000007E0000002F3000000D90ED
:10606000000007E0BFFA35EA00EA00EA00EA00EAC9
:1060700000EA00EA00EA00EA00EA00EA00EA35EA9B
:10608000BFFA002F8000009DE00000F3D50006D08D
:106090007B000C601F203F100B809A0004E0FFFF84
:1060A000FFFF1111111107F60003E7019EFD8000AB
:1060B000CE87AF90020000AF00000006F202BEFFE4
:1060C000FF20EC4227F22F50007F20EC427FF202AB
:1060D000BFFB6F208F000000008F000000008F00CA
:1060E0000000008F2BFEB3008FEC78EF308FA00004
:1060F0001EC08F200007F18F000005F38F200007DE
:10610000F18FA0001ED08FEC78EF308E2BFEB30005
:10611000003AEFC4004FD87CF40DD0000713F6000E
:1061200000004F30000003F60000000DD000061004
:106130004FD77CF4003AEFC40000000001F70000E4
:106140000001F700000001F7003BFFA3F704FD8703
:10615000CEF70ED0000BF73F600003F74F30000181
:10616000F73F500003F70EC0000AF704FC65BEF7C6
:10617000003BFFB2F7003BFEA20004FC67EE200EDE
:10618000C0001EA03F500007F04FFFFFFFF13F721D
:106190002222200EC000020004FD87AF50003AEF1B
:1061A000D600005DFC002FB57004F3000CFFFFA0CB
:1061B00048F753005F300005F300005F300005F33F
:1061C00000005F300005F300005F3000003BFFB2CD
:1061D000E904FE87CFF90ED1000AF93F600001F90A
:1061E0004F400000F93F600001F90ED00009F904AA
:1061F000FD87CFF8003BFFB3F700000005F409E985
:1062000077AFB0017CFFD8008F00000008F00000DD
:10621000008F00000008F2BFEA108FFB89FD08F82C
:106220000006F48F10001F78F00000F88F00000FB8
:1062300088F00000F88F00000F88F00000F89E1A28
:10624000F20008F08F08F08F08F08F08F08F08F048
:106250000007E20009F30000000007F10007F10069
:1062600007F10007F10007F10007F10007F100074F
:10627000F10007F10008F0186EC03EFC208F00000E
:106280000008F00000008F00000008F0001DD18F12
:10629000001DE208F01DE2008F2DF30008FEFF70E4
:1062A000008FE2BF3008F201EE108F0003FB08F010
:1062B0000007F78F8F8F8F8F8F8F8F8F8F8F8F8E9E
:1062C0003CFE913BFEA208FF969FCFC68FD08F70F9
:1062D000009FC0005F58F10005F60001F78F000035
:1062E0004F40000F88F00004F40000F88F00004FCA
:1062F00040000F88F00004F40000F88F00004F40C9
:10630000000F808E3BFEA108FFA68FD08F80006F0C
:1063100048F10001F78F00000F88F00000F88F00AF
:10632000000F88F00000F88F00000F80003BEFC4E2
:106330000004FD87CF600ED0000BF13F600003F535
:106340004F300001F73F600003F50ED0000BF10461
:10635000FD77CF60003BEFC4008E3BFEB3008FFBA8
:1063600057DF308F90000DC08F100007F18F0000B5
:1063700005F38F200007F18FA0001ED08FEC78EF7F
:10638000308F2BFEB3008F000000008F0000000054
:106390008F00000000003BFFA2F704FD87DEF70E30
:1063A000D0000BF73F600003F74F300001F73F606C
:1063B0000003F70ED0000BF704FD77CEF7003BFF8C
:1063C000A3F700000001F700000001F70000000142
:1063D000F78E2BF08FED908FA0008F20008F0000A4
:1063E0008F00008F00008F00008F000002AEFD9133
:1063F0001ED769D04F3000002FB4100006EFFD60AB
:1064000000015BF5010000F75FA76BF319DFEC40BB
:1064100005F300005F3000CFFFFA048F753005F3FD
:1064200000005F300005F300005F300004F400005E
:106430001FC680005DFC10AE00002F5AE00002F580
:10644000AE00002F5AE00002F5AE00002F59F00018
:1064500004F56F3000AF51EE76BFF502BEFB3F5042
:106460000DC00000CB06F20002F500F90009E000C3
:106470009E000F80002F606F10000CC0CB00000545
:10648000F6F4000000EFD00000008F7000BB0000A9
:106490009F10004F16F1000EF60009C00F6005FCBA
:1064A000B000F600AC00AB5F105F1005F10F50F7C5
:1064B0000AB0000F76F009C0F50000ACBA004F8FAB
:1064C000000004FF4000EFA000000EE00008F40010
:1064D000004F70009F208F305F5000CD2E90000243
:1064E000FFD000000AF6000004FDE10001EB0DC042
:1064F00000BE103F806F40007F400DC00000CB0603
:10650000F30002F400EA0009D0008F101F70001F92
:10651000707F10000AE0D9000003F9F2000000CFFC
:10652000B00000006F40000000AD00001C79F500D5
:10653000001AEE7000004FFFFFF915555BF40000E4
:106540004F800001EC00000BE100008F400004F7D9
:1065500000001EE555535FFFFFFC002CF500AF6106
:1065600000CC0000DB0000DB0000DB0002EA001FC3
:10657000F40005FA0000DB0000DB0000DB0000CCCB
:106580000000AF61002CF55F15F15F15F15F15F1AB
:106590005F15F15F15F15F15F15F15F15F10BE80BA
:1065A00003AF4001F6001F7001F7001F7000F900F3
:1065B0000AFB00FB201F7001F7001F7001F603AFFC
:1065C00040BE900000000000003DE400B50C86F5E0
:1065D0001E20F003EF90020000100002CE900D404C
:1065E000893B000E3B000E0D408902CE900008F85A
:1065F000EFE7F700000000000000000000000000CE
:106600000049DC0000000016BFFFFF0000038DFF03
:10661000FFFFFF0000CFFFFFFFFFFF0000FFFFFFB6
:10662000FFC7FF0000FFFFEA5100FF0000FF8300EB
:106630000000FF0000FF00000000FF0000FF00005E
:106640000000FF0000FF00000000FF0000FF00004E
:106650002BFFFF0000FF0000DFFFFF2BFFFF00000C
:10666000DFFFFDDFFFFF00002BFFB2DFFFFD0000BB
:106670000000002BFFB20000000000D00FFFFFFF62
:10668000FFF00DFFFFC888888CFFFFF00F8000002F
:1066900008F00FF00F80000008F00FFFFF800000EF
:1066A00008FFFFF00FECCCCCCEF00FF00FECCCCC11
:1066B000CEF00FFFFF80000008FFFFF00F8000000A
:1066C00008F00FF00F80000008F00FFFFFC8888867
:1066D0008CFFFFD00FFFFFFFFFF00DDFFF73FFFF09
:1066E000FFFFFDFFFFA5FFFFFFFFFFFFFFA5FFFF70
:1066F000FFFFFFDFFF73FFFFFFFFFD000000000053
:10670000000000DFFF73FFFFFFFFFDFFFFA5FFFF9E
:10671000FFFFFFFFFFA5FFFFFFFFFFDFFF73FFFF8F
:10672000FFFFFD0000000000000000DFFF73FFFF1F
:10673000FFFFFDFFFFA5FFFFFFFFFFFFFFA5FFFF1F
:10674000FFFFFFDFFF73FFFFFFFFFD000000000002
:10675000000AB1000000000000BFFC0000000000C3
:106760000BFFFB0000000000BFFFC01BA000000BE0
:10677000FFFC00CFFB0000BFFFC000BFFFB00BFF5E
:10678000FC00000CFFFBBFFFC0000000CFFFFFFBC1
:10679000000000000CFFFFB00000000000BFFB0085
:1067A00000000000000BB000000000030000000328
:1067B00008FC10001CF8FFFC101CFFF5FFFC2CFF70
:1067C000F505FFFFFFF50005FFFFF500001DFFFDCC
:1067D00010001CFFFFFC101CFFF9FFFC1CFFF5055F
:1067E000FFFCDFF50005FFD1A4000004A1000000BC
:1067F0004FE00000000002106FF1031000005FD0B6
:106800006FF13FD10003FFF16FF15FFD000DFF401D
:106810006FF109FF704FF7006FF100CFE09FF000BC
:106820006FF1005FF3BFC0006FF1002FF5BFC00034
:106830004FE0001FF6AFE0000000004FF46FF400DF
:10684000000000AFF00FFE10000005FFA006FFD310
:1068500000007FFF20009FFFDABEFFF4000006FF6C
:10686000FFFFFD3000000017BDCA5000000000000F
:106870008BB8000000000000FFFF000000003006A1
:10688000FFFF60030004FDDFFFFFFDEF400DFFFF92
:10689000FFFFFFFFD04FFFFFF99FFFFFF408FFFF4F
:1068A0002002FFFF8000FFF900009FFF0000FFF9BA
:1068B00000009FFF0008FFFF2002FFFF804FFFFF47
:1068C000F99FFFFFF40DFFFFFFFFFFFFD004FEDF86
:1068D000FFFFFDDF40003006FFFF60030000000007
:1068E000FFFF0000000000008BB800000000000067
:1068F00003DD303FF3000000006FFFF54FF40000B0
:106900000009FF99FFBFF4000001BFF6226FFFF4FA
:1069100000002DFE35FF53EFF40004FFC18FFFF898
:106920002DFE407FFA1AFFFFFFA1AFF7CF82DFFFF6
:10693000FFFFFD28FC140EFFFFFFFFFFE041000FEB
:10694000FFFFFFFFFFF000000FFFF9008FFFF000D7
:10695000000FFFF8008FFFF000000FFFF8008FFF1F
:10696000F000000EFFF6006FFFE000000000DFFD0A
:10697000000000000000FFFF000000000000FFFF1B
:10698000000000000000FFFF000000000000FFFF0B
:10699000000000000000FFFF000000004FFFFFFFAD
:1069A000FFF400000BFFFFFFFFB0000000BFFFFF80
:1069B000FB000000000BFFFFB00000000000BFFB69
:1069C000000000DFFFFC1BB1CFFFFDFFFFFFC22C6B
:1069D000FFFFFFFFFFFFFFFFFFFFFFFFFFFFFFFFC7
:1069E000F0E0FFDFFFFFFFFFFFFFFD0004EFFFFF11
:1069F000FFFE4000001EFFFFFFFFFFE10000AFB001
:106A00000000000BFA0005FF1000000001FF501EFF
:106A1000F600000000006FE1AFB000000000000BC6
:106A2000FAFFFFFF800008FFFFFFFFFFFFF1001FDD
:106A3000FFFFFFFFFFFFFFFFFFFFFFFFFFFFFFFF66
:106A4000FFFFFFFFFFFFFFFFFFFFFFFFFFFF8FFFC6
:106A5000FFFFFFFFFFFFF8000006BDDA5002FF0056
:106A600005EFFFFFFE42FF007FFFA77BFFF9FF0559
:106A7000FFC100002CFFFF0EFC00000222DFFF5FC1
:106A8000F200000FFFFFFF8FB000000FFFFFFF00BD
:106A9000000000000000000000000000000000FFF7
:106AA000FFFFF000000BF8FFFFFFF000002FF4FFE6
:106AB000FD22200000CFE0FFFFC200002CFF40FFBE
:106AC0009FFFB76AFFF700FF24DFFFFFFE5000FFC4
:106AD0002005ACDB600000000000000000008D001D
:106AE0000008FF00008FFFDFFFFFFFFFFFFFFFFF3A
:106AF000FFFFFFFFFFFFFFFFFFFFFFDFFFFFFF00C5
:106B0000008FFF000008FF0000008D000000000063
:106B100000000000000000008D0000000008FF00E1
:106B20000000008FFF0000CFFFFFFF0150FFFFFFBD
:106B3000FF06F7FFFFFFFF00BEFFFFFFFF00AEFFF6
:106B4000FFFFFF05F8DFFFFFFF026000009FFF006F
:106B500000000009FF00000000009E00000000008F
:106B6000000000000000000000061000000000000F
:106B700000001FD2000000008D000003EE10000096
:106B800008FF000AB12FB000008FFF0005FC07F4DA
:106B9000DFFFFFFF02505F60F9FFFFFFFF06F70D09
:106BA000C0BDFFFFFFFF00AE09F09FFFFFFFFF002A
:106BB000AE09F08FFFFFFFFF06F70DC0ADDFFFFF4F
:106BC000FF02505F60E900008FFF0005FC06F40043
:106BD0000008FF000AB12FB00000008D000002EE97
:106BE000100000000000001FD200000000000000A4
:106BF0000610008FFFFFFFFFFFFFF8FFFCFFFFFF06
:106C0000FFFFFFFF202FFFFFFFFFFFFC000CFFFF38
:106C1000EEFFFFFF202FFFFE22EFFFFFFCFFFFE252
:106C2000002EFFFFFE4EFE200002FFFFE202C20028
:106C30000000FFFF200000000000FFFF0000000038
:106C40000000FFFFFFFFFFFFFFFFFF8FFFFFFFFFC2
:106C5000FFFFF800004E400000000BFB00000001A9
:106C6000FFF10000009FFF9000002FFFFF30000C9D
:106C7000FFFFFC0007FFFFFFF802FFFFFFFFF29F8F
:106C8000FFFFFFFF9EFFFFFFFFFEFF2FFFFFFFFE47
:106C9000F2BFFFFFFE9FA1BFFFFF92FFA22FFFF2F7
:106CA00004FFFFFFF400029EFE92000000000000BF
:106CB000FF300001CCFF40002DFFFF4003EFFFFF3E
:106CC000403FFFFFFF44FFFFFFFF9FFFFFFFFFFF6E
:106CD000FFFFFFFFFFFFFFFFFFAFFFFFFFFF45FFCE
:106CE000FFFFFF404FFFFFFF4003EFFFFF40002E7D
:106CF000FFFF300001CC0000000000000000000099
:106D000000008F910000000000FFFF7000000000F5
:106D1000FFFFFD40000000FFFFFFFA100000FFFF33
:106D2000FFFFF70000FFFFFFFFFFD500FFFFFFFFA2
:106D3000FFFFB2FFFFFFFFFFFFFDFFFFFFFFFFFFB2
:106D4000FDFFFFFFFFFFFFB2FFFFFFFFFFD500FFCB
:106D5000FFFFFFF70000FFFFFFFA100000FFFFFD3D
:106D600040000000FFFF70000000008EA100000046
:106D70000000000000000000000000000000000013
:106D80008FFFF8008FFFF8FFFFFF00FFFFFFFFFFFF
:106D9000FF00FFFFFFFFFFFF00FFFFFFFFFFFF0000
:106DA000FFFFFFFFFFFF00FFFFFFFFFFFF00FFFFF1
:106DB000FFFFFFFF00FFFFFFFFFFFF00FFFFFFFFE1
:106DC000FFFF00FFFFFFFFFFFF00FFFFFFFFFFFFD1
:106DD00000FFFFFFFFFFFF00FFFFFF7FFFF7007FC8
:106DE000FFF78FFFFFFFFFFFF8FFFFFFFFFFFFFF32
:106DF000FFFFFFFFFFFFFFFFFFFFFFFFFFFFFFFFA3
:106E0000FFFFFFFFFFFFFFFFFFFFFFFFFFFFFFFF92
:106E1000FFFFFFFFFFFFFFFFFFFFFFFFFFFFFFFF82
:106E2000FFFFFFFFFFFFFFFFFFFFFFFFFFFFFFFF72
:106E3000FFFFFFFFFFFFFFFFFFFFFFFFFF8FFFFFD2
:106E4000FFFFFFF80000000000CC100003FFFFD29E
:106E50000004FFFFFE3004FFFFFFF404FFFFFFFF0D
:106E600054FFFFFFFFF9FFFFFFFFFFFFFFFFFFFFE3
:106E7000FFFFFFFFF9FFFFFFFF44FFFFFFF304FFEA
:106E8000FFFE3004FFFFD20004FFCC100003FF0020
:106E9000000000000000002DD2000000000001EF03
:106EA000FE10000000001DFFFFD100000000CFFF1A
:106EB000FFFC0000000BFFFFFFFFB00000AFFFFF73
:106EC000FFFFFA0009FFFFFFFFFFFF900FFFFFFF2B
:106ED000FFFFFFF008FFFFFFFFFFFF800000000043
:106EE000000000000CFFFFFFFFFFFFC00FFFFFFFD0
:106EF000FFFFFFF00FFFFFFFFFFFFFF00CFFFFFFA3
:106F0000FFFFFFC00000001A40000001DFF000009A
:106F10001DFFA00001DFFA00001DFFA00001DFFA45
:106F200000000CFFA000000DFF80000001DFF80052
:106F300000001DFF80000001DFF80000001DFF8041
:106F4000000001DFF00000001B5004A10000000F52
:106F5000FD1000000AFFD1000000AFFD1000000A84
:106F6000FFD1000000AFFD1000000AFFC0000008C4
:106F7000FFD000008FFD100008FFD100008FFD1032
:106F80000008FFD100000FFD10000005B100000057
:106F9000000004FF400000000008FF800000000027
:106FA00008FF800000000008FF800000000008FFCC
:106FB00080000048888CFFC88884FFFFFFFFFFFF28
:106FC000FFFFFFFFFFFFFFFF48888CFFC88884009A
:106FD0000008FF800000000008FF8000000000089B
:106FE000FF800000000008FF800000000004FF4058
:106FF000000014444444444441EFFFFFFFFFFFFE00
:10700000FFFFFFFFFFFFFF7BBBBBBBBBBBB70000AE
:1070100005ADFFDA5000000004DFFC88CFFD400022
:10702000007FFE400004EFF70007FFF4009E804F52
:10703000FF704FFFC000AFF80CFFF4DFFF809AFF36
:10704000FE08FFFDDFFF80EFFFFE08FFFD4FFFC0E2
:107050008FFFF80CFFF407FFF408EE804FFF70007D
:107060007FFE400004EFF8000004DFFC88CFFD4005
:1070700000000005ADFFDA5000008C200000000089
:1070800000000000DFE400000000000000001BFF23
:107090008049DFFDA5000000007FFFFFD88CFFD4F2
:1070A00000000004EFF800004EFF700000001CFF1D
:1070B00069E804FFF70004E3009FFEFF80CFFF4074
:1070C0000DFF7005FFFFE08FFFD00DFFF7002DFFD4
:1070D000E08FFFD004FFFC0000AFF8CFFF30007F4F
:1070E000FF400006FFFFF7000008FFF400003EFF2E
:1070F000A00000004DFFC88201BFF7000000005A49
:10710000DFFC1008FFA000000000000000004EFDA2
:10711000000000000000000002C8000000002DD2A6
:107120000000000000000000BFFB000000000000A5
:107130000005FFFF500000000000000DFFFFD00021
:1071400000000000007FFFFFF7000000000001FFCB
:10715000D88DFF10000000000AFFA00AFFA0000069
:1071600000003FFFB00BFFF300000000CFFFC00C9A
:10717000FFFC00000005FFFFD00DFFFF5000000ED8
:10718000FFFFF99FFFFFE000008FFFFFE22EFFFFF0
:10719000F80002FFFFFF9009FFFFFF100AFFFFFF4B
:1071A000E33EFFFFFFA00FFFFFFFFFFFFFFFFFF02A
:1071B00008FFFFFFFFFFFFFFFF800000000000004F
:1071C0000000000000000000D800000000000000E7
:1071D000FF80FFFF700007FFFFF8FFFFF6006FFF63
:1071E000FFFD788EFF15FFE8FFE20002E54FFE206D
:1071F000FE20000013FFF300520000003FFF3100AB
:1072000052000002EFF45E20FE20788EFF51FFE86E
:10721000FFE2FFFFF6006FFFFFFDFFFF700007FFBB
:10722000FFF8000000000000FF80000000000000E8
:10723000D800000000000000000000000000000076
:1072400000000001DD10000000001DFFD100000063
:1072500001DFFFFD1000001DFF99FFD10001DFF9E4
:10726000009FFD101DFF900009FFD1BFF900000035
:107270009FFB5F9000000009F50000000000000087
:10728000000000000000005F9000000009F5BFF959
:107290000000009FFB1DFF900009FFD101DFF900F6
:1072A0009FFD10001DFF99FFD1000001DFFFFD10C1
:1072B0000000001DFFD10000000001DD10000000F3
:1072C00000000000000000000000000000000000BE
:1072D000001DD10000000000000001DFFD10EFFFE5
:1072E000FFFFD0001DFFFFD1AFFFFFFFF000CFCFAA
:1072F000FCFC0000000FF0006B1FF1B60000000F57
:10730000F000000FF0000000000FF000000FF00090
:107310000000000FF000000FF00000006B1FF1B63E
:10732000000FF0000000CFCFFCFC000FFFFFFFFAC2
:107330001DFFFFD1000DFFFFFFFE01DFFD1000006C
:1073400000000000001DD10000000000000000004F
:1073500000008FFFFFE200000000FFFFFFFE2000A3
:107360000000FFFFFFFFFFFFFFF8FFFFFFFFFFFF32
:10737000FFFFFFFFFFFFFFFFFFFFFFFFFFFFFFFF1D
:10738000FFFFFFFFFFFFFFFFFFFFFFFFFFFFFFFF0D
:10739000FFFFFFFFFFFFFFFFFFFFFFFFFFFFFFFFFD
:1073A000FFFFFFFFFFFFFFFFFFFF8FFFFFFFFFFF5D
:1073B000FFF80000000BB0000000000000BFFB0061
:1073C000000000000BFFFFB000000000BFFFFFFB4C
:1073D0000000000BFFFFFFFFB000004FFFFFFFFFAB
:1073E000F400000000FFFF000000000000FFFF00AD
:1073F0000000000000FFFF000000000000FFFF0091
:107400000000000000FFFF000000DFFFF0DFFD0FC5
:10741000FFFDFFFFF900009FFFFFFFFFFFFFFFFFE2
:10742000FFFFFFFFFFFFFFF0E0FFDFFFFFFFFFFFBA
:10743000FFFD000000000000000000000000000050
:107440000AEA62000000000002FFFFF000000000F6
:10745000009FFFFF00000000000FFFFFD0000000B2
:107460000002FFFFFB000000000003EFFF700000C0
:1074700000000004FFF2000000000000BFFB00005D
:10748000000000006FFF3000000200004FFF90007E
:10749000028FF3006FFFD0000AFFFFE4BFFFD100AF
:1074A00000EFFFFFFFFFD100000AFFFFFFFF90008A
:1074B00000006FFFFFFB3000000002FFDB720000E6
:1074C00000000008EE800000066108FFFF80002D2C
:1074D000FFD0EF33FE002EFFF30EF33FE02EFFF35D
:1074E000008FFFFF6EFFF300008EFFFFFFF3000031
:1074F0000002EFFFF3000000002EFFFF3000000845
:10750000EFFFFFFF300008FFFFF6EFFF3000EF3323
:10751000FE02EFFF300EF33FE002EFFF308FFFF887
:107520000002DFFD008EE800000066100000DFFFB3
:10753000FF0D200000FFFFFF0FE20000FFFFFF0F25
:10754000FDDFF0FFFFFF2000FFF0FFFFFFFFFFFF69
:10755000F0FFFFFFFFFFFFF0FFFFFFFFFFFFF0FF68
:10756000FFFFFFFFFFF0FFFFFFFFFFFFF0FFFFFF49
:10757000FFFFFFF0FFFFFFFFFFFFF0FFFFFFFFFF39
:10758000FFF0DFFFFFFFFDFFF90000000000FFFF3D
:10759000FFFFFF0000DFFFFFFFFD00008FFFFFFF89
:1075A000FFC200FFFFFFFFFFFE20FF00000001FF02
:1075B000E2FF00000000FFFCFF00000000FFFFFFF3
:1075C00000000000FFFFFFFFFFFFFFFFFFFFFFFFC7
:1075D000FFFFFFFFFFFFFB11BFFFFFFFFFF1001FDA
:1075E000FFFFFFFFF1001FFFFFFFFFFB11BFFFFFCA
:1075F000FFFFFFFFFFFFFF8FFFFFFFFFFFF81222DC
:107600002222222221FFFFFFFFFFFFFFFFFFFFFFDC
:10761000FFFFFF1222222222222100000000000090
:107620000012222222222221FFFFFFFFFFFFFFFF85
:10763000FFFFFFFFFFFF1222222222222100000073
:107640000000000012222222222221FFFFFFFFFF62
:10765000FFFFFFFFFFFFFFFFFF1222222222222156
:107660008FFFFFFFFFFFFFF8FFFFFFFFFFFFFFFFA1
:10767000CFFFFFFFFFFFFFFC09FFFFFFFFFFFF90B2
:10768000D25FFFFFFFFFF52DFF62CFFFFFFC26FF5C
:10769000FFFA18FFFF81AFFFFFFFE34DD43EFFFF6E
:1076A000FFFFFF8118FFFFFFFFFFFFFFFFFFFFFF4F
:1076B000FFFFFFFFFFFFFFFF8FFFFFFFFFFFFFF851
:1076C00000DFFFFD000001FFFFFC000003FFFFF7EC
:1076D000000006FFFFF2000008FFFFD000000AFFD5
:1076E000FFFFFFD00CFFFFFFFFA00EFFFFFFFF20FB
:1076F0000DFFFFFFF80000000AFFE00000000EFF92
:10770000500000002FFC000000005FF300000000AC
:107710009FA000000000DF1000000000D700000064
:107720000004EE40000000DFFF99FFFD0000FFFFB6
:1077300099FFFF0000FFFFFFFFFF0000FFFF900029
:10774000000000FFFF0DFFFF0D20FFFF0FFFFF0FE9
:10775000E2FFFF0FFFFF0FFDFFFF0FFFFF2000FF06
:10776000FF0FFFFFFFFFFFFF0FFFFFFFFFFFFF0FF9
:10777000FFFFFFFFDFFF0FFFFFFFFF00000FFFFF17
:10778000FFFF00000FFFFFFFFF00000DFFFFFFFDE9
:10779000000000CC000000000002FF3000000001EB
:1077A000BFFFFC2000001EFFFFFFE100009FFFFF66
:1077B000FFF80000EFFFFFFFFD0000FFFFFFFFFFEE
:1077C0000001FFFFFFFFFF0003FFFFFFFFFF300887
:1077D000FFFFFFFFFF801EFFFFFFFFFFE1CFFFFF67
:1077E000FFFFFFFCCFFFFFFFFFFFFC0000000000DA
:1077F000000000000EFFE00000000004EE4000006A
:107800008FFFFFFFFFFFFFFFF8FFFFFFFFFFFFFFFF
:10781000FFFFFF00F00F00F00F00FFFF00F00F0070
:10782000F00F00FFFFFFFFFFFFFFFFFFFFFFF80864
:10783000808808808FFFFFF808808808808FFFFF0E
:10784000FFFFFFFFFFFFFFFFFF00F00000000F0042
:10785000FFFF00F00000000F00FFFFFFFFFFFFFF32
:10786000FFFFFF8FFFFFFFFFFFFFFFF8000000009B
:10787000000000000000000000000003AF700000E6
:1078800000000004CFFFF00000000006DFFFFFA0B3
:1078900000000017EFFFFFFF30000018FFFFFFFFA1
:1078A000FC00002AFFFFFFFFFFF40008FFFFFFFFBF
:1078B000FFFFD0000FFFFFFFFFFFFF600008FFFF8B
:1078C000FFFFFFFE000000000000FFFFF7000000C8
:1078D000000000FFFFF1000000000000FFFF80003B
:1078E0000000000000FFFF10000000000000FFFA91
:1078F00000000000000000FFF20000000000000097
:107900008F80000000000000000000000000DFFF8A
:10791000FFF0D200FFFFFFF0FE20FFFFFFF0FFE2CD
:10792000FFFFFFF0FFFDFFFFFFF20000FFFFFFFF83
:10793000FFFFFFFFFFFFFFFFFFFFFFFFFFFFFFFF57
:10794000FFFFFFFFFFFFFFFFFFFFFFFFFFFFFFFF47
:10795000FFFFFFFFFFFFFFFFFFFFFFFFFFFFFFFF37
:10796000FFFFFFFFFFFFFFFFDFFFFFFFFFFD000047
:1079700000000000000000000000049CEFFEC94071
:1079800000000007EFFFFFFFFFFE700004DFFFFCB9
:10799000A88ACFFFFD406FFFD5000000005DFFF615
:1079A000CFF60000000000006FFC1A30005ADFFD27
:1079B000A50003A100004DFFFFFFFFD4000000055C
:1079C000FFFEA88AEFFF50000001DF70000007FDF6
:1079D0001000000012000000002100000000000064
:1079E0004EE40000000000000000EFFE0000000078
:1079F00000000000EFFE00000000000000004EE468
:107A0000000000008FFFFFFFFFFFFFFFFF80FFFF71
:107A1000FFFFFFFFFFFFFFF0FF000000000000007E
:107A20000FFDFF0FFFFFFFFFFFFF0FFFFF0FFFFF28
:107A3000FFFFFFFF00FFFF0FFFFFFFFFFFFF00FF44
:107A4000FF0FFFFFFFFFFFFF0FFFFF000000000021
:107A500000000FFDFFFFFFFFFFFFFFFFFFF08FFFA5
:107A6000FFFFFFFFFFFFFF808FFFFFFFFFFFFFFF15
:107A7000FF80FFFFFFFFFFFFFFFFFFF0FF000000A1
:107A8000000000000FFDFF0FFFFFFFFFF0000FFFE2
:107A9000FF0FFFFFFFFFF00000FFFF0FFFFFFFFFE3
:107AA000F00000FFFF0FFFFFFFFFF0000FFFFF00E0
:107AB0000000000000000FFDFFFFFFFFFFFFFFFFC2
:107AC000FFF08FFFFFFFFFFFFFFFFF808FFFFFFF34
:107AD000FFFFFFFFFF80FFFFFFFFFFFFFFFFFFF044
:107AE000FF000000000000000FFDFF0FFFFFFF0080
:107AF00000000FFFFF0FFFFFFF00000000FFFF0F60
:107B0000FFFFFF00000000FFFF0FFFFFFF0000006E
:107B10000FFFFF000000000000000FFDFFFFFFFF50
:107B2000FFFFFFFFFFF08FFFFFFFFFFFFFFFFF8063
:107B30008FFFFFFFFFFFFFFFFF80FFFFFFFFFFFF44
:107B4000FFFFFFF0FF000000000000000FFDFF0F2F
:107B5000FFF0000000000FFFFF0FFFF0000000002B
:107B600000FFFF0FFFF00000000000FFFF0FFFF01D
:107B7000000000000FFFFF000000000000000FFDEC
:107B8000FFFFFFFFFFFFFFFFFFF08FFFFFFFFFFF84
:107B9000FFFFFF808FFFFFFFFFFFFFFFFF80FFFF63
:107BA000FFFFFFFFFFFFFFF0FF00000000000000ED
:107BB0000FFDFF000000000000000FFFFF000000AD
:107BC0000000000000FFFF0000000000000000FFB8
:107BD000FF000000000000000FFFFF000000000099
:107BE00000000FFDFFFFFFFFFFFFFFFFFFF08FFF14
:107BF000FFFFFFFFFFFFFF8000000000000100000B
:107C00000000000000000007FD1000000000000060
:107C100001CFFFF500000000000000B929FE1000B0
:107C200000000000003F10020000000003DF800A97
:107C300090000000037000DFFF77F7555555558F12
:107C4000D30FFFFDCCDFDCCCCCCDFFB08FFE10001E
:107C5000AA0000004D400046100001F2023310005F
:107C6000000000000009B1CFF90000000000000092
:107C70000AFFFF900000000000000000BFF90000B4
:107C800000000000000001220000000018DFFD924B
:107C90000002EFFBEFFF300DFFFA2EFFE04FFFFA7F
:107CA00003FFF59FFAFA354FFACFC08A3D0BFDEF7F
:107CB000FB03128FFEFFFFB006FFFFFFFFD108FF9F
:107CC000FFEFFD11109FFFDFD1593B0BFDAFD7FA3E
:107CD000381DFB5FFFFA01DFF70DFFFA1DFFF1030F
:107CE000EFFCDFFF500018DFFEA30000007FFFF76E
:107CF0000000EFFFFFFFFFFFFEEFFFFFFFFFFFFEB4
:107D0000000000000000000FFFFFFFFFFFF00FFF6B
:107D1000FFFFFFFFF00FF99F99F99FF00FF88F8891
:107D2000F88FF00FF88F88F88FF00FF88F88F88FA2
:107D3000F00FF88F88F88FF00FF88F88F88FF00F1A
:107D4000F88F88F88FF00FF99F99F99FF00FFFFFD8
:107D5000FFFFFFF008FFFFFFFFFF800000000000B3
:107D6000007FA00000000000008FFFB000000000B6
:107D7000000DFFFFA0000000008A1DFFFF000000B3
:107D8000008FFA1DFF700000008FFFFA1D800000B9
:107D9000008FFFFFFA000000008FFFFFFF80000050
:107DA000008FFFFFFF800000008FFFFFFF800000BB
:107DB000008FFFFFFF800000006FFFFFFF800000CB
:107DC000000BFFFFFF8000000000DFFFFF800000CE
:107DD00000000EFFFF800000000000DEDB600000FE
:107DE00000000000000000000000000000001BFF79
:107DF000FFFFFFFFFFE40001DFFFFFFFFFFFFFFECC
:107E0000001DFFFFFAEFFEAFFFFF01DFFFFFA02E17
:107E1000E20AFFFF1DFFFFFFE202202EFFFFCFFF60
:107E2000FFFFFE2002EFFFFFCFFFFFFFFE2002EF6C
:107E3000FFFF1DFFFFFFE202202EFFFF01DFFFFF1C
:107E4000A02EE20AFFFF001DFFFFFAEFFEAFFFFFCB
:107E50000001DFFFFFFFFFFFFFFE00001BFFFFFF32
:107E6000FFFFFFE40008FFFFFFE4008FFFFFFFFEBE
:107E700008F80F0B40FF8FF80F0B40FFFFF80F0BB8
:107E800040FFFFFFFFFFFFFFFFFFFFFFFFFFFFFFC1
:107E9000FFFFFFFFFFFFFFFFFFFFFFFFFFFFFFFFF2
:107EA000FFFFFFFFFFFFFFFFFFFFFFFFFFFFFFFFE2
:107EB000FFFFFFFFFFFFFFFFEFFFFFFFFFFE4EFF94
:107EC000FFFFFFE4000000000000000100000000D0
:107ED00000000003E000001000000002EF1000BFEF
:107EE000000000007FF100CFF100000007FF11CF7C
:107EF000FF77777777BFF1CFFFFFFFFFFFFFFF1718
:107F0000FFFFFFFFFFFFFFE007FFF10000000000A1
:107F10000006FF1000000000000005A000000000A7
:107F20000000000095320110893101102100060087
:107F300000FE0200407F041000000000000000006E
:107F4000EC910410FC8C0410588C0410587F041021
:107F50001000022824DA0020687F0410B88B041077
:107F6000188B04103D3100000001000000000000EB
:107F700000010000050000000003000000000000F8
:107F800000000000000000000000010000000000F0
:107F90000000000000000000000116000DF50000C8
:107FA0000000E6E303170B08ED03180114050F00AA
:107FB000000000000000000000001D04FD000000A3
:107FC0000000000000000000000A00F200000000B5
:107FD00000F6080A0000FB00FD0500FB00FBFEF6B2
:107FE00000000000FB0000FAF90000FB00F60000B2
:107FF00000000000000000FBFB00F900F300C600D9
:1080000000F6000A0E0000F60505100AF80A000046
:10801000E50000000000000000000000EE0000008D
:108020000000000000000000000000F3FAE800ED8E
:10803000FD00000000011300F2FCFF0100F8000049
:10804000FDDC0000000000000000000000DAFC126F
:10805000000000000000000000000000EC00000034
:10806000000000000000001000050000F600000005
:1080700000000000000000000000000000001204EA
:1080800001000000000000000000000000000000EF
:1080900000000000000000000000000000000000E0
:1080A0000000000000000000EE00000000000000E2
:1080B00000000000000000000000000000000003BD
:1080C0000A050EFB00000AFBF0BE030D0A01FA00D0
:1080D00011000F000F00D300FA0E0010FB0A05007C
:1080E0000001FB0000F8260026000E001406080E12
:1080F000000000EE0000000001FD0003F7FAF603A7
:1081000000FB000000ED0000000000000000000087
:1081100000E100000000000000000000000000007E
:108120000001E600E200000000FD0030FAFA05055B
:10813000FC00FA050000E70000000000000000005D
:108140000000D10005000000000000000000000059
:1081500000E2001D0000EE001000DFD1DFF60E008F
:1081600000E00006F500F90000000000000000003B
:108170000000000C0EC50000000000000000000020
:10818000000017000300000000000303FAF600FFE0
:10819000FFFB0000FD000000F600FC00F5F600F417
:1081A000F0F0F700F600F600000000FC000005000B
:1081B00003FB000100000005FD000000FD0505FFB8
:1081C000000000F700FF0000000000010006FD00B5
:1081D000FA00F80000FD000E0000FB0000000000A7
:1081E000FF01FDFD0000FB00FB000000000000009F
:1081F0000000FEFE00FBFA0000000000010000FD90
:1082000000FBFBFB000000000000000000FD000080
:108210000000FDFA00F900F2FDF20A0000F6050A7E
:108220000D00F4FFFA00FFE905FD03E7050000017A
:10823000E700E7FCD6FD00E8000A0D00060000009C
:10824000000100F7FA00F2000000FB000000FB0054
:1082500000000000FEFE00FEFA000000000000002A
:10826000FBFB00FDFAFC0000FB000000000000002A
:1082700000000000FCFC00FA00FD00F6050000FA1A
:10828000020505000000000000FD000000000003E2
:108290000000FB00FBFDFA000000000000000400ED
:1082A000FC00000000FBF900F7000EFD01F10000EA
:1082B0000DE8E7ECF60500FCE1F700F700F607F73C
:1082C000E100F3000002FF04FD000500F2EE00E80B
:1082D000F4F6F4F2FAF3FFF7F303000100FB0000F9
:1082E000000300050000000000000000000000FB8B
:1082F00000FE00FFFB00F8F5F5FF00F200000000B3
:108300000000FC0000000002FD000000050000006D
:108310000000000000170000000000000300000043
:10832000FB0000000000000000000000F700050056
:10833000000000000000000000000000FD00000040
:10834000F700000000E8F2000000F9E80000FB057B
:1083500000F300000000000000000000F80000F73B
:108360000000000000000000000000000500F70011
:10837000000000060003F6F600FBFBFA0000000018
:108380000000F200FB00F9FB00F5F4F2FC00F6003F
:10839000F200000000260000020000FA000500EBD9
:1083A0000000000000D3F7100EFCEC0005F900E817
:1083B000FEFA05DEFB060007EFF9EEF0EC0000E345
:1083C000001B0000FE000000FEFEFBF3F0FFD300E8
:1083D000000000000000000001000000000000009C
:1083E000000000000000000000FB00FEFBF90000A0
:1083F000F600FB000000000000000000000000008C
:108400000000FF00F600000AFF0600F505FDFFF47E
:10841000FB00FAFBFD00F9F80000FCFFFDF8FA0094
:1084200000FB0005FD00F5000000F600F800F8F87C
:10843000050000000000000000F60500F900FDFA4C
:10844000F1FDFDFDFFFDFAFF0000000000FBFCFC5C
:108450000000000006FD00FD000000FDFAFDFCFA32
:10846000FC000413FF00F300FD0A00FBECFA070018
:1084700000E9F805F80300FDFCF100F9020000F83E
:108480000000000505F6F700F8FBF9FBFB00F80219
:10849000F7F80E00000000000000000005000000DA
:1084A00000000000000000000000000000000000CC
:1084B00000000000F80000000000000000000000C4
:1084C00000000000000000000000000000000000AC
:1084D000000000000000000000000000000000009C
:1084E000FD0000000000000000000000000000008F
:1084F0000000000000000000000000000000FCFB85
:10850000000000000000000000000000F90000FA78
:108510000000FBFB00000000FB00000000FE00006C
:10852000000000FD00000000F900F6000000F0006F
:1085300003F50A01FDE90000F5FB00EDF4F300008E
:10854000EBFBEDEEE900F4000420FA00F5FBFFFB85
:10855000F8F3F7EEECF5FB0000FD00010000DEFC97
:108560000E0BF5EE0001F100E8FDFB0AD4FA010064
:1085700000E1FAE7FBDD0000DE001C0100FD000069
:108580000000FEFDEEFD00E100000000F100FC0037
:10859000FFF3E90000FEF9F2FB00FD00000000EA35
:1085A000FBF0F1FCF8F4FBF800F6FCF0F900FAF748
:1085B000FBF7000200FDF0000A00F70000000006D3
:1085C0000003F61400FBFBFA000000000000F200BC
:1085D000FB00F9FB00F5F4F2FC00F60413000000C8
:1085E00000260000020000FA000500000000000064
:1085F0000000FF0000000000FDF60000000000FE8B
:10860000000000FBFB0000F6FB0000F60008FE0087
:1086100000000000000200000000070A04FC00F156
:10862000F8000EF0F1F6F6130905D6FD0AFB00FB83
:1086300005FBEF00FB05FAFCF2FC00000E0A00F35C
:1086400000E6FA0EFAEE01FAF0F0FB130500F9006D
:10865000F3000410F5EEEDF40E0001DDFC05F8FD6D
:10866000F500F5EEF9F9FC0000F5F6FB000E0BFB4A
:10867000E600E6F900EFE4FFF1F8F0F30D0000FA90
:1086800000F6FC00FBF70008F0050000E700FBF532
:10869000F8FDF2F4F0F500F2FBF5F7F2FB00000153
:1086A00017F800F2FB00FBF6F5F3F3EEFAF60A001A
:1086B000F900E8FA030AF1EEF6F010FB02D3F70A2C
:1086C000F5F8EE00F2ECFAFBFCFBF6F2FF00000E10
:1086D0000DFDE100E3F50CEEDFF6EFECE8F00A004B
:1086E000000000FA000005FA0A03F70A0000F1FF93
:1086F00000FF000101FC000000000000FB00000082
:1087000000040E0100FA00000000FDFDFA00000068
:108710000104000000000400FC001200090101FA3D
:10872000000A00000004000000000000000000003B
:10873000000E000D0000000000000000000000001E
:108740000000E300FB08000E00003006F6F6050509
:10875000FD01E8000017E300000000000000000039
:108760000000DF12430000000000000000000000D5
:1087700000E3000000000000000000000000000016
:10878000000000000000000000000000F80000F7FA
:10879000FC000000000000000000000000000000DD
:1087A00000000000FD00F30000010000053EF6FCA3
:1087B0000F0DF30500000505FA00000000000000A1
:1087C00000000000C20D00000000000000000000DA
:1087D00000000000000000F3000000F300000000B3
:1087E000F5FE000000F500FA00E9000000000000BE
:1087F0000000000000E00000000001000000000098
:1088000000FB0000F700F900F3000000F805FA0093
:1088100000F3FBF50000F300FB00E900FB0000D9CA
:10882000F7EDFBEF0000E000F3FE000000000000A9
:108830000000F9F7FCF800000000F500F506FB0A5F
:1088400000FDF5FDF8F700FAFEFD03F3FF00000060
:10885000D6FCF900F500FDE9FC0000FDFC0000007D
:10886000000300FDF8FD080000000000000000000B
:1088700000000000000000000000000000000000F8
:1088800000000000000000000000000000000000E8
:10889000000006000000000000F500FD000000F6EA
:1088A00005000000F3FBF60000F300FB00E9000008
:1088B0000000D100F6EEE80000E000FDF900000045
:1088C0000000000000FBF9FEF901000008FA000FAB
:1088D00018FBFBF20618080BF30614060E0B0D002E
:1088E000000000000000000000001E17F7FB00FC65
:1088F000261526000000050000120000F800000008
:10890000000000000000FD00000000000000000763
:1089100000000000D8FAFCECE80000E000000000D5
:1089200000000000000000000000000000F800004F
:1089300000000000000000FD00000000000000003A
:108940000700000000D8FAFCECE80000ED00000091
:108950000000000000000000000000000000000017
:10896000FC000000F50500FB040905F200FFFC0512
:10897000000400000000F400FCFDF600FCED001E09
:10898000FB00F5FD00FDF800FBF3F6FA000000F82F
:10899000000000000000000000FD000000000000DA
:1089A00000000700000000D8FAFCECE80000E0003E
:1089B000000000000018000000000000000000009F
:1089C000F800F1FAFC0EFCFBED01FD01FDF3010BDB
:1089D00001040104F4EDFA00EEF7F3ECED00F8F613
:1089E000FAFAFCFDFAFD00FDFF070007FD000F008D
:1089F0000000000000000000000000FDFBFB000084
:108A0000F300FE00F800000000000000000000007D
:108A1000E30000000000000000000000FBFB00FA83
:108A200000000000FC0000F8FB0500F8F7FD00F274
:108A3000FDF5FDFA00F80000000000000000000055
:108A400000E0000F0000F700000000FA00FB00004B
:108A5000FE0000FD00F5000014FAF0F1030505FF2B
:108A6000F30307030E0310FDF30000ED0000F2F323
:108A70000000F600FAF800F900F900FD0700FCF22A
:108A8000FB120000FC00F6000006F50005FB0400E8
:108A900000F000FDFF00FB05FC000000ECFAF50013
:108AA000F20000E90012FB00F7000300FB00FBF2FC
:108AB00000FB0500000000FD000005FA010000FABF
:108AC000FD00FA00000000000000000000000000AF
:108AD00000000000E2000B0000FC000000000100AC
:108AE000FBFB0000000A000B0000000000E2E501B3
:108AF000150E08ED03140012000A0000000000002B
:108B0000000000000019000000000000000000004C
:108B10000000000000000000000001020003040546
:108B200002060708090A090A0B0C0D0E0F10110C9A
:108B30001213141515000000161718191719191912
:108B40001719191A1919191917191719031B1C1DA7
:108B50001D1E1F2021222300240025262727270051
:108B60002726282926262A2A272A272A2B2C2D2E73
:108B70002E2F2E30000023093109000000000000D4
:108B800000000000000000000000000000000000E5
:108B900000000000000000000000000000000000D5
:108BA00000000000000000000000000000000000C5
:108BB00000000000000000000000010200030405A6
:108BC00002060708090A090A0B0C000D0E0F101106
:108BD00012130C14140000001516171819161A1B7E
:108BE0001C1D1D1E1F201D1D1621222303241E25B2
:108BF00025262728292A2B002C002D2E2F30313214
:108C0000332D343435302D2D2E2E36373839333A36
:108C10003A3B3A3C290000093D09000000000000F1
:108C20000000000000000000000000000000000044
:108C30000000000000000000000000000000000034
:108C40000000000000000000000000000000000024
:108C50000000000000000000200000005F00010094
:108C6000000000000000000000000200B000000052
:108C7000F3F76000808C0410000000003E00030049
:108C80000000721F51EF58EF5BEF5CEF5DEF61EF9B
:108C900063EF65EF69EF6CEF71EF76EF77EF78EFE9
:108CA0008EEF93EF98EF9BEF9CEF9DEFA1EFA2EF7C
:108CB000A3EFA4EFB7EFB8EFBEEFC0EFC1EFC4EF83
:108CC000C7EFC8EFC9EFCBEFE3EFE5EF14F015F016
:108CD00017F019F030F037F03AF043F06CF074F020
:108CE000ABF03BF190F191F192F193F194F1D7F166
:108CF000E3F13DF254F2AAF412F7F2F7000000009B
:108D00000000000000001008000000000000100833
:108D1000041502002A00C00B0909010C53001015AC
:108D2000151500003001A012111D01FC2702501979
:108D30001815010023039014141601FFFF035006B9
:108D40000409010C1104200A081C02FA8104200AFB
:108D5000081C00FAF104000C0C0C000A3905701113
:108D60000E0E02049B05D006050901FCB205800B1E
:108D700009030107C005D00605050100CD05900ACD
:108D80000D1CFFFD83060014121501004007200B87
:108D90000815000094074011111500004708301114
:108DA00010150000EF08101413150100B709401149
:108DB000111500006A0A8012111501001D0BF01137
:108DC00011150000D00B501311150100830C8012F7
:108DD00012150000400DD00605100100680DD006E8
:108DE000051501FB9D0D70110E0F0203060E70118B
:108DF0000E0A02064C0E70110E0F0203B50E301152
:108E0000101500005D0F001F1D1B01FAE510F01585
:108E10001715FF00D711B016131503009F12B015D8
:108E2000141501007113C018151503004E142014F9
:108E300010150300F61410130F15030094153017C6
:108E40001415010066166018131503002E1750093B
:108E5000041503005817600F0E15FF00EB1790154F
:108E600013150300B318D0110F1503005119A01CDE
:108E700017150300431A6018131503000B1B301954
:108E800017150100FD1BB01512150300BA1C30198F
:108E9000181A01FBF21DD01512150300AF1EA01207
:108EA00011150100621FA011121500001F20C0172C
:108EB00013150200E72060151715FF00D921C02106
:108EC00021150000342330141415000006247013FB
:108ED0001515FF00E324B01312150100A025000AA8
:108EE000071C03FA0226900A0E1CFEFDC626000A85
:108EF000071C00FA282780110E0D02048327000F9B
:108F00000F0200FE9227001209040312A427F01199
:108F10000F1001001C28701412160200E228201104
:108F20001010010062297014111601001D2A601230
:108F300011100100A52A900A0C160000292BB0146C
:108F4000111601FAE42B701410160200942C60081C
:108F500005160200CB2C80080A1CFDFA572D801242
:108F600011160200122E6008041602003E2EB01FD9
:108F70001C1002001E2F7014101002009E2F1013E0
:108F80001110010026307014121602FAEC30701421
:108F9000111601FAA731500C0A100200F731000F28
:108FA0000F1000006F32700C0C140000E7325014E8
:108FB000101002006733C0101210FF00F733001BBF
:108FC0001B100000CF349010111000005735C01056
:108FD0001216FFFA1D36A00F0E1001008D36800A02
:108FE000091C01FA0B370009031C03FA3537800A04
:108FF000091C00FAB33770110F050108D937900C1E
:109000000B0A010B10387009070601062538001EEF
:109010001F1FFFFC063A001E1E1700005F3B001ECC
:109020001E1B00FEF43C001E1E1700004D3EA01447
:1090300015160000343F001E1E1F00FC0541001ED7
:109040001E1F00FCD642C021221B00FEA144001EB0
:109050001E1F00FC7246C02122170000F947001EA7
:109060001E1F00FCCA49000F0F1800FF7E4A801621
:10907000171800FF924BC021221D00FD7F4D001EDE
:109080001E170000D84EA014151F00FC1E50401AD9
:10909000141C03FD3651401A1B2000FBE652401AF7
:1090A0001B1B00FE5354401A1B1B00FEC055401AE8
:1090B000141C03FDD856401A1C1BFFFE5258C01248
:1090C000111B01FE3859C012111B01FE1E5A401A15
:1090D0001B1B00FE8B5B401A1B070008EA5BC021CC
:1090E00022170000715D8025261F00FCBE5FC02195
:1090F000241FFFFCEC61001E1E1C00FD9063401A43
:109100001A1100036D64401A1A1100034A65802584
:10911000261800FF1267001E1E1700006B68001E55
:109120001E1F00FC3C6A001E1F1FFFFC1D6C401A26
:109130001B1B00FE8A6D401A1B1F00FC2D6F401A7E
:109140001B1B00FE9A70401A1B1800FFDE71001EE8
:109150001E1700003773C012141FFFFC6D74401AF5
:109160001B1F00FC1076401A1B1F00FCB377C021A8
:10917000221700003A79001E201FFFFC2A7B801670
:10918000171F00FC8F7C8025261C00FEA37E8025F7
:10919000261400011F808025261400019B81802554
:1091A000261400011783802526140001938480254E
:1091B000261400010F868025261800FFD787401A45
:1091C000181F01FC4B89401A1B1F00FCEE8A001E71
:1091D0001F1FFFFCCF8C802526170000848E801671
:1091E000171F00FCE98F301E1F140001AFFB9FFA10
:1091F0009FFA8FF97FF87FF86FF76FF65FF64FF5FC
:109200004FF43FF43FF32FF30550000000002BB361
:10921000CFFDDFFE4EE41FF600AFD1FF500AFC0F7A
:10922000F500AFC0FF5009FB0FF4009FB0FF4009ED
:10923000FB0FF3008FA0FF3008FA011000010000BF
:1092400000002FF000006FB00000000004FD0000DF
:1092500008F900000000006FB00000AF70000000CF
:109260000009F900000CF50000000000BF700000CC
:10927000EF3000003FFFFFFFFFFFFFFFFFF403FFA2
:10928000FFFFFFFFFFFFFFFF4002223FF322226F9D
:10929000D22220000002FF000006FB0000000000B8
:1092A0004FD000008F900000000006FB00000AF87D
:1092B00000000000008F900000BF60000000000A66
:1092C000F700000DF40000002222CF722222FF528C
:1092D00022003FFFFFFFFFFFFFFFFFF503FFFFFF40
:1092E000FFFFFFFFFFFF5000001FF000005FC00006
:1092F00000000003FE000007FA00000000006FB04D
:1093000000009F800000000008F900000BF600003C
:10931000000000AF700000DF40000000000000030C
:1093200083000000000000007F70000000000000CB
:1093300007F7000000000000007F70000000000040
:109340005ADFFFEC83000002DFFFFFFFFFFC20027B
:10935000EFFFCCFCBEFFF300BFFC207F70029C003F
:109360001FFF1007F700000003FFC0007F70000020
:10937000002FFD0007F700000000FFF7007F7000DE
:10938000000008FFFD69F7000000000AFFFFFFB5BD
:109390000000000004CFFFFFFFA30000000016CF75
:1093A000FFFFF90000000007F98EFFF90000000040
:1093B0007F7007FFF100000007F7000BFF4000007F
:1093C000007F70009FF508100007F7000DFF34FEC6
:1093D00071007F700AFFD08FFFFCACFBBFFFF30072
:1093E0005DFFFFFFFFFFE40000049DEFFFEB600067
:1093F000000000007F7000000000000007F7000080
:1094000000000000007F70000000000000038300E7
:10941000000000005CFFC4000000000AFA00000722
:10942000FFCDFF700000005FE000003FE3003EF270
:10943000000001FF4000009F700007F900000BF9D9
:10944000000000DF300003FC00006FD0000000EFE0
:10945000100001FD0002FF30000000DF300003FCBF
:10946000000CF8000000009F700007F9007FD0009A
:109470000000003FE2003EF202FF20000000000773
:10948000FFCCFF700CF70059A82000005CFFC5005E
:109490008FC00CFFFFF6000000000003FF20AFB2FA
:1094A00005FF30000000000DF601FE00006FB00067
:1094B0000000009FB006F900000FF000000004FF5C
:1094C0001008F600000DF20000000EF60008F6008D
:1094D000000CF20000009FB00007F700000EF10042
:1094E0000004FE100003FC00003FD000001EF50049
:1094F0000000CF4000BF600000AFA00000002EFAC7
:109500009DFA000005FE1000000002AEFD70000094
:109510000005BEFEC6000000000000BFFFFFFFB058
:109520000000000008FFB423AFF6000000000EFDAD
:1095300000000DFB000000000FFA00000AFC000014
:1095400000000FFC00001EF9000000000AFF50019F
:10955000CFF30000000002FFF35EFF600000000098
:10956000005FFFFFE40000000000002DFFFB100083
:109570000000000006FFFFFF300000000000AFFC0D
:1095800035FFF40004C70009FF90004FFF4009FEBB
:10959000003FFB000004FFF50EF9008FF50000000E
:1095A0004FFFAFF400AFF300000003FFFFC0008FD8
:1095B000F7000000004FFF80003FFF50000004DF75
:1095C000FFF60009FFFD8678DFFF8EFF70008FFF3A
:1095D000FFFFFFD402EFC000027CEFED9500002CEE
:1095E00010000000000000000000001FF61FF50F33
:1095F000F50FF50FF40FF40FF30FF301100000DF78
:10960000E00005FF60000DFE00004FF70000AFF224
:109610000000FFD00004FF800007FF50000AFF2079
:10962000000DFF00000FFD00000FFC00001FFC00FC
:10963000002FFB00002FFB00001FFC00000FFC00B0
:10964000000FFD00000DFF00000AFF200007FF5083
:109650000004FF800000EFD00000AFF200004FF7E1
:1096600000000DFE000005FF600000DFE00CFE00C2
:109670000005FF700000DFF100006FF600001FFC26
:1096800000000BFF100006FF600003FF900000FFCA
:10969000C00000DFF00000BFF10000AFF200009F4B
:1096A000F300008FF400009FF400009FF30000AF70
:1096B000F20000BFF10000DFF00000FFC00003FF78
:1096C000900006FF60000BFF10001FFC00006FF60B
:1096D0000000DFE10005FF70000CFE000000000E3E
:1096E000E0000000000EE000000C700EE007C03F3C
:1096F000FE5EE5EFF302AFFFFFFA200004FFFF502C
:1097000000008FFFFFF8003EFF7EE7FFE30DA10E94
:10971000E01AD000000EE0000000000EE0000000A3
:10972000000220000000000011000000000008FFFF
:10973000000000000008FF000000000008FF00001B
:1097400000000008FF000000000008FF000000FF0C
:10975000FFFFFFFFFFF7FFFFFFFFFFFFF756666BFF
:10976000FF666662000008FF000000000008FF00BE
:109770000000000008FF000000000008FF000000DB
:10978000000008FF000000014103FFE18FFF55FFCB
:10979000F409FF008FA00CF500FF004FA000277711
:1097A000777764FFFFFFFC4FFFFFFFC0000001DF82
:1097B000B08FFF58FFF41BF9000000000001FF709C
:1097C000000000007FF2000000000DFC000000001F
:1097D00002FF60000000008FF1000000000EFB009F
:1097E00000000003FF50000000009FF00000000098
:1097F0000EFA0000000004FF4000000000AFE0008F
:109800000000000FF90000000005FF30000000001C
:10981000BFE0000000001FF80000000006FF20006D
:10982000000000CFD0000000002FF700000000076C
:10983000FF2000000000DFC0000000003FF6000035
:10984000000008FF1000000000EFB0000000004F13
:10985000F50000000009FF0000000000EFA000007C
:1098600000005FF4000000000AFE0000000000009D
:1098700000039DFFD93000000000AFFFFFFFFA009A
:1098800000000CFFFEBBEFFFC00000AFFE50000564
:10989000EFFA0004FFF20000002FFF400BFF700002
:1098A000000007FFB00FFF1000000001FFF04FFBAA
:1098B0000000000000CFF46FF900000000009FF6E8
:1098C0008FF700000000007FF88FF7000000000015
:1098D0007FF88FF700000000007FF86FF9000000AC
:1098E00000009FF64FFB0000000000CFF40FFF10B8
:1098F00000000001FFF00BFF7000000007FFB00444
:10990000FFF20000002FFF4000AFFE500004EFFA0E
:1099100000000CFFFEBBEFFFC0000001AFFFFFFF28
:10992000FA10000000039DFFDA300000CFFFFFFFB8
:10993000CFFFFFFF79999FFF00000FFF00000FFF8F
:1099400000000FFF00000FFF00000FFF00000FFFDF
:1099500000000FFF00000FFF00000FFF00000FFFCF
:1099600000000FFF00000FFF00000FFF00000FFFBF
:1099700000000FFF00000FFF00000FFF00000FFFAF
:1099800000016BDFFEB600000008FFFFFFFFFE4096
:10999000001CFFFFCBBDFFFF3003EFE5000004DF3D
:1099A000FD0002A100000002FFF200000000000024
:1099B0000CFF40000000000000CFF300000000009A
:1099C000000EFF10000000000006FFB000000000C5
:1099D0000002FFF3000000000002EFF800000000AA
:1099E0000002EFFA000000000003EFF900000000A1
:1099F0000003FFF9000000000004FFF80000000071
:109A00000004FFF7000000000005FFF60000000062
:109A10000006FFF6000000000006FFFD99999999E5
:109A20009910EFFFFFFFFFFFFFF30EFFFFFFFFFFA8
:109A3000FFFF300EFFFFFFFFFFFFF00EFFFFFFFFF6
:109A4000FFFFF008999999999FFF9000000000008E
:109A50008FFB000000000005FFD100000000003F68
:109A6000FF200000000001EFF400000000000CFFE8
:109A7000700000000000AFFD100000000001FFFFBB
:109A8000FD8000000001FFFFFFFD2000000011131A
:109A90008EFFD0000000000001EFF6000000000083
:109AA000006FFB0000000000003FFC000000000011
:109AB000004FFB083000000000BFF74FFA300000F5
:109AC0001AFFF19FFFFECABDFFFF5006EFFFFFFF29
:109AD000FFE50000048CEFFDB60000000000000070
:109AE0008FFB000000000000004FFE10000000008F
:109AF00000002EFF300000000000000CFF7000008E
:109B00000000000009FFA000000000000005FFD0D9
:109B100000000000000002FFF20000000000000052
:109B2000DFF500000000000000AFF9000033200066
:109B300000007FFC00001FFB0000003FFE20000132
:109B4000FFB000001EFF4000001FFB00000CFF8064
:109B5000000001FFB00008FFF99999999FFE9996BE
:109B6000DFFFFFFFFFFFFFFFFFBDFFFFFFFFFFFF67
:109B7000FFFFFB000000000003FFB000000000003A
:109B800000003FFB0000000000000003FFB00000E9
:109B900000000000003FFB0000000000000003FF89
:109BA000B00000000EFFFFFFFFFFF00000FFFFFF0F
:109BB000FFFFFF00001FFD99999999900003FF9006
:109BC0000000000000005FF700000000000006FF3A
:109BD000500000000000008FF40000000000000AA8
:109BE000FF20000000000000BFFFFFFEB8200000C3
:109BF0000DFFFFFFFFFF90000089999ABDFFFFC096
:109C00000000000000018FFF700000000000006FE6
:109C1000FE00000000000000FFF100000000000056
:109C20000DFF20000000000000FFF00570000000A4
:109C3000006FFC00EFD50000007FFF603FFFFFDBFF
:109C4000ACFFFFA0002BFFFFFFFFFF900000027B97
:109C5000DFFEC82000000000005ADFFFC9400000FE
:109C600004EFFFFFFFFF600008FFFFCA99CFE0008D
:109C700006FFF9100000130001FFF50000000000CE
:109C8000009FF80000000000000EFF100000000020
:109C90000003FFB00000000000006FF8017CEFEC53
:109CA000710008FF75FFFFFFFFE5008FFBFFEA77FC
:109CB0009EFFF508FFFFA0000009FFE07FFFC00046
:109CC00000000BFF65FFF5000000005FF91FFF308B
:109CD00000000003FFA0DFF5000000005FF806FFB2
:109CE000B00000000BFF500DFFA0000009FFD000E6
:109CF0002EFFEA779EFFF300002CFFFFFFFFD3004B
:109D00000000049DFFEB6000001FFFFFFFFFFFFF4F
:109D1000FFB1FFFFFFFFFFFFFFFB1FFE999999991E
:109D20009EFF81FFC000000001FFF11FFC0000004A
:109D3000007FFA01FFC00000000EFF200554000064
:109D40000006FFB0000000000000DFF4000000008B
:109D500000004FFD0000000000000BFF600000004D
:109D6000000003FFE0000000000000AFF70000006B
:109D70000000001FFF10000000000008FF9000001E
:109D800000000000FFF20000000000007FFB000068
:109D9000000000000EFF40000000000005FFD000A2
:109DA0000000000000CFF50000000000004FFE00A2
:109DB00000000000000BFF7000000000000039CE22
:109DC000FEDA50000001BFFFFFFFFFD30000DFFFFE
:109DD000B878AFFFF3007FFE3000001AFFC00CFF21
:109DE000400000000EFF10EFF100000000BFF30C78
:109DF000FF300000000DFF107FFC10000008FFB0D6
:109E000000BFFF96458DFFE200008FFFFFFFFFB10F
:109E100000006EFFFFFFFFFF90007FFF9310037EA7
:109E2000FFB02FFF300000001DFF67FF8000000023
:109E3000003FFCAFF50000000000FFFAFF600000EB
:109E400000001FFF7FFC0000000007FFC1FFFA10A9
:109E5000000007FFF505FFFFA7679EFFF90004DF7D
:109E6000FFFFFFFFF700000059DEFEDB610000008E
:109E70000038DEFEC71000000009FFFFFFFFF700FB
:109E80000000BFFFB778CFFF800006FFD2000003BD
:109E9000DFF5000DFF200000002FFE000FFD000089
:109EA00000000BFF501FFC000000000AFF900FFF96
:109EB000000000000EFFD00BFF900000009FFFF09D
:109EC00003FFFB41015CFFFFF0006FFFFFFFFFF5A9
:109ED000FFF00003BFFFFFFB30FFF000000146640E
:109EE0001001FFE000000000000005FFB0000000CE
:109EF0000000000AFF700000000000002FFF1000AB
:109F00000000000001DFF90000050000005EFFD046
:109F100000007FEBA9AEFFFD200000DFFFFFFFFF89
:109F2000A100000017BEFFEC820000001BFA08FF32
:109F3000F48FFF51DFB000000000000000000000BF
:109F4000000000000000000000001DFB08FFF58F6E
:109F5000FF41BF901BFA08FFF48FFF51DFB00000F4
:109F600000000000000000000000000000000000F1
:109F700000000BFA07FFF47FFF51CFF107FC00BF91
:109F8000700FF103FC00252000000000000000001D
:109F9000000000000004A60000000017DFF700002A
:109FA000004BFFFFC300028EFFFE930005BFFFFBC7
:109FB000500000EFFFD710000000FFF70000000086
:109FC00000FFFFD61000000006CFFFFA400000009F
:109FD000039FFFFE82000000005CFFFFB300000053
:109FE0000028EFF7000000000005B70000000000A7
:109FF000000056666666666662FFFFFFFFFFFFF7BA
:10A00000FFFFFFFFFFFFF70000000000000000005F
:10A010000000000000000000000000000000000040
:10A0200000000055555555555552FFFFFFFFFFFFE6
:10A03000F7FFFFFFFFFFFFF700000000000000D761
:10A04000100000000000FFFA40000000009FFFFD2C
:10A0500071000000006CFFFFB40000000028EFFF5B
:10A06000E82000000004BFFFF60000000002DFF758
:10A0700000000003AFFFF6000017DFFFF930005BC0
:10A08000FFFFC500008EFFFE82000000FFFB5000B6
:10A09000000000E8200000000000000000000000B8
:10A0A0000000027BDFFEB71000008FFFFFFFFFF50F
:10A0B000001DFFFEA99CFFFF406FFD4000002DFF2B
:10A0C000D003A000000002FFF1000000000000EF3C
:10A0D000F1000000000000FFF0000000000008FF99
:10A0E000A000000000006FFE200000000007FFE35A
:10A0F00000000000008FFE200000000005FFE200CD
:10A10000000000000DFF5000000000001FFF0000D5
:10A1100000000000044300000000000000000000F8
:10A1200000000000000000000000000009C6000060
:10A13000000000007FFF2000000000007FFF3000D3
:10A14000000000001CF900000000000000038BDF8D
:10A15000FFEB8400000000000000006DFFFFFFFF28
:10A16000FFFE70000000000003CFFE942000147C6E
:10A17000FFE50000000005FFE5000000000003CF40
:10A18000F800000004FFA0000000000000006FF8CD
:10A19000000002FF9000000244200025505FF40000
:10A1A00000CFC000007DFFFFD609FF007FE0004F19
:10A1B000F20001CFFFFFFFFB9FF000CF700BFA0012
:10A1C00000CFFC51027EFFFF0005FD00FF40007F35
:10A1D000FA0000001DFFF0000EF24FF0000EFE002E
:10A1E0000000003FFF0000BF56FC0003FF8000009E
:10A1F0000000CFF00008F78FA0005FF5000000001E
:10A2000009FF00007F88FA0006FF40000000008F71
:10A21000F00007F88FA0004FF5000000000AFF00D3
:10A22000008F76FC0001FFA000000000EFF0000AA4
:10A23000F53FF0000CFF200000006FFF0000EF2052
:10A24000FF40004FFD2000005FFFF3006FD00AFACF
:10A2500000009FFF9546BFF9FFC57FF5004FF20054
:10A26000008FFFFFFFF60CFFFFFA0000BFC00000E9
:10A2700029DFFD820019EFD6000002FFA0000000D8
:10A2800000000000000000000004FFB0000000001B
:10A29000000000000000000005FFE50000000000D5
:10A2A0001100000000000003DFFE95210136AF9091
:10A2B000000000000000006DFFFFFFFFFFFA00003C
:10A2C000000000000000038BEFFFDB7200000000C5
:10A2D000000000000000BFFA0000000000000000C5
:10A2E000003FFFF200000000000000000AFFFF90A6
:10A2F0000000000000000001FFCDFF100000000082
:10A300000000008FF57FF7000000000000000FFE46
:10A3100001FFE000000000000007FF7009FF60007F
:10A320000000000000EFF1002FFD00000000000021
:10A330005FFA0000BFF400000000000DFF300004D1
:10A34000FFC00000000004FFC000000DFF3000004F
:10A350000000BFF50000006FFA000000002FFE00B3
:10A36000000000FFF20000000AFFB66666666CFFA0
:10A3700090000001FFFFFFFFFFFFFFFF1000008FB5
:10A38000FFFFFFFFFFFFFFF700000FFF20000000AF
:10A390000003FFE00007FFA000000000000CFF60CA
:10A3A00000EFF30000000000005FFD005FFC000014
:10A3B0000000000000DFF40CFF400000000000007F
:10A3C00006FFC0DFFFFFFFFFFDA600000DFFFFFF40
:10A3D000FFFFFFFE4000DFF86666668BFFFF300D73
:10A3E000FF2000000001CFFB00DFF20000000002B0
:10A3F000FFF00DFF20000000000EFF00DFF2000064
:10A40000000000FFF00DFF20000000007FF900DFDA
:10A41000F200000014AFFE100DFFFFFFFFFFFFFC76
:10A420002000DFFFFFFFFFFFFFE7000DFF866666EE
:10A43000678BFFFB00DFF20000000002DFF80DFF7A
:10A44000200000000002FFF0DFF200000000000D1D
:10A45000FF2DFF200000000000DFF2DFF20000000F
:10A4600000002FFF1DFF20000000001CFFB0DFF8E0
:10A4700066666678BFFFF20DFFFFFFFFFFFFFFD3A9
:10A4800000DFFFFFFFFFFFDA500000000000059D26
:10A49000FFEDA50000000006EFFFFFFFFFE6000054
:10A4A00001BFFFFEBABDFFFFA0001DFFFB30000093
:10A4B00029FFF300BFFF50000000003D4005FFF4FE
:10A4C000000000000000000CFF8000000000000001
:10A4D000002FFF00000000000000005FFB000000F4
:10A4E00000000000008FF800000000000000008F56
:10A4F000F700000000000000008FF80000000000DE
:10A500000000005FFB00000000000000002FFF00C3
:10A51000000000000000000CFF80000000000000B0
:10A520000005FFF40000000000000000BFFF500025
:10A530000000003D40001DFFFA30000029FFF3003D
:10A5400001BFFFFEBABDFFFFA0000006EFFFFFFF47
:10A55000FFE60000000005ADFFED950000DFFFFF06
:10A56000FFFFEC940000000DFFFFFFFFFFFFFD5019
:10A570000000DFFA99999ACEFFFFA0000DFF20009E
:10A58000000004BFFFB000DFF200000000006FFF1A
:10A59000800DFF2000000000006FFF20DFF20000B0
:10A5A00000000000AFF90DFF20000000000003FFD5
:10A5B000E0DFF20000000000000EFF2DFF20000091
:10A5C00000000000BFF4DFF20000000000000AFFFE
:10A5D0005DFF20000000000000BFF4DFF20000007B
:10A5E0000000000EFF2DFF20000000000003FFE030
:10A5F000DFF2000000000000AFF90DFF20000000B6
:10A6000000006FFF20DFF200000000006FFF800DF0
:10A61000FF2000000004BFFFB000DFFA99999ACE36
:10A62000FFFFA0000DFFFFFFFFFFFFFD500000DF59
:10A63000FFFFFFFFEC9400000000DFFFFFFFFFFFC4
:10A64000FFF0DFFFFFFFFFFFFFF0DFFA9999999915
:10A650009990DFF2000000000000DFF2000000002F
:10A660000000DFF2000000000000DFF20000000048
:10A670000000DFF2000000000000DFF20000000038
:10A680000000DFFFFFFFFFFFFB00DFFFFFFFFFFF1B
:10A69000FB00DFF9888888888600DFF20000000070
:10A6A0000000DFF2000000000000DFF20000000008
:10A6B0000000DFF2000000000000DFF200000000F8
:10A6C0000000DFF2000000000000DFFA999999997C
:10A6D0009993DFFFFFFFFFFFFFF6DFFFFFFFFFFFA5
:10A6E000FFF6DFFFFFFFFFFFFFFDFFFFFFFFFFFFA5
:10A6F000FFDFFA99999999999DFF200000000000C9
:10A70000DFF200000000000DFF200000000000DF6D
:10A71000F200000000000DFF200000000000DFF24A
:10A7200000000000000DFF200000000000DFFFFF20
:10A73000FFFFFFFB0DFFFFFFFFFFFFB0DFFA99995F
:10A740009999960DFF200000000000DFF200000044
:10A7500000000DFF200000000000DFF200000000FC
:10A76000000DFF200000000000DFF20000000000EC
:10A770000DFF200000000000DFF2000000000000DC
:10A78000000000049CEFEDA61000000006EFFFFFA4
:10A79000FFFFF8000001BFFFFECABDFFFFD1000CA4
:10A7A000FFFB30000017EFF600AFFF600000000075
:10A7B0001B7004FFF4000000000000000CFF80008C
:10A7C0000000000000002FFF00000000000000005B
:10A7D0005FFB00000000000000008FF80000000098
:10A7E000000000008FF70000000000002AA58FF88D
:10A7F0000000000000004FF95FFB000000000000B7
:10A800004FF92FFF1000000000004FF90CFF8000EF
:10A81000000000004FF904FFF500000000004FF9B0
:10A8200000AFFF60000000004FF9000CFFFB30009C
:10A830000005DFF90001BFFFFEBABCFFFFF4000016
:10A8400006EFFFFFFFFFFA10000000059DFFEDA6D9
:10A850001000DFF200000000000CFF3DFF200000B0
:10A86000000000CFF3DFF200000000000CFF3DFF0E
:10A87000200000000000CFF3DFF200000000000C19
:10A88000FF3DFF200000000000CFF3DFF2000000DA
:10A8900000000CFF3DFF200000000000CFF3DFF2BE
:10A8A00000000000000CFF3DFFFFFFFFFFFFFFFF68
:10A8B000F3DFFFFFFFFFFFFFFFFF3DFFA99999991E
:10A8C0009999EFF3DFF200000000000CFF3DFF203C
:10A8D0000000000000CFF3DFF200000000000CFFDA
:10A8E0003DFF200000000000CFF3DFF20000000079
:10A8F000000CFF3DFF200000000000CFF3DFF2005E
:10A90000000000000CFF3DFF200000000000CFF31E
:10A91000DFF200000000000CFF30DFF2DFF2DFF2B8
:10A92000DFF2DFF2DFF2DFF2DFF2DFF2DFF2DFF29F
:10A93000DFF2DFF2DFF2DFF2DFF2DFF2DFF2DFF28F
:10A94000DFF2DFF2002FFFFFFFFFF6002FFFFFFF18
:10A95000FFF60019999999DFF600000000008FF6C4
:10A9600000000000008FF600000000008FF60000DD
:10A970000000008FF600000000008FF600000000CD
:10A98000008FF600000000008FF600000000008F2E
:10A99000F600000000008FF600000000008FF600B7
:10A9A000000000008FF600000000009FF60000008D
:10A9B0000000BFF501B1000001FFF20CFD20000A0C
:10A9C000FFD00CFFFC99EFFF5001AFFFFFFFF70036
:10A9D0000004ADFFD92000DFF20000000001DFF726
:10A9E0000DFF2000000001DFF800DFF20000000191
:10A9F000DFF9000DFF20000000CFFA0000DFF200B9
:10AA00000000CFFA00000DFF200000CFFB00000087
:10AA1000DFF20000BFFC0000000DFF2000BFFC00C3
:10AA2000000000DFF200AFFD100000000DFF20AFBE
:10AA3000FF3000000000DFF2AFFFFD000000000D5E
:10AA4000FFBFFFFFFA00000000DFFFFF35FFF80047
:10AA500000000DFFFF3007FFF5000000DFFF3000B2
:10AA600009FFF300000DFF4000000BFFE10000DFD5
:10AA7000F20000000CFFC0000DFF200000001EFFD0
:10AA8000A000DFF2000000002FFF700DFF2000008B
:10AA900000004FFF40DFF200000000006FFF20DFEA
:10AAA000F200000000000DFF200000000000DFF2B7
:10AAB00000000000000DFF200000000000DFF20099
:10AAC000000000000DFF200000000000DFF2000089
:10AAD0000000000DFF200000000000DFF200000079
:10AAE00000000DFF200000000000DFF20000000069
:10AAF000000DFF200000000000DFF2000000000059
:10AB00000DFF200000000000DFF200000000000D3B
:10AB1000FF200000000000DFF200000000000DFF39
:10AB2000200000000000DFFA99999999995DFFFFD4
:10AB3000FFFFFFFFF8DFFFFFFFFFFFFF80DFD00019
:10AB400000000000000004FF7DFF70000000000016
:10AB50000000DFF7DFFF200000000000007FFF7D26
:10AB6000FFFA0000000000001FFFF7DFFFF4000005
:10AB700000000009FFFF7DFFFFD00000000003FF81
:10AB8000FFF7DFF9FF7000000000CFF8FF7DFF1E28
:10AB9000FF100000006FF86FF7DFF05FFA000000B1
:10ABA0000EFE06FF7DFF00BFF3000008FF506FF7A9
:10ABB000DFF002FFD00002FFB006FF7DFF0008FFBC
:10ABC0006000BFF2006FF7DFF0000EFF104FF800DB
:10ABD00006FF7DFF00005FF90DFE00006FF7DFF05C
:10ABE0000000BFFAFF500006FF7DFF000002FFFFDC
:10ABF000C000006FF7DFF0000008FFF2000006FF62
:10AC00007DFF0000000EF90000006FF7DFF000008C
:10AC1000003700000006FF7DFF000000000000007C
:10AC2000006FF7DFF00000000000000006FF70DF9B
:10AC3000E100000000000CFF3DFFC000000000002C
:10AC4000CFF3DFFF90000000000CFF3DFFFF60002E
:10AC5000000000CFF3DFFFFF300000000CFF3DFFDE
:10AC6000DFFE10000000CFF3DFF3DFFC0000000C7C
:10AC7000FF3DFF22FFFA000000CFF3DFF205FFF7F0
:10AC800000000CFF3DFF2008FFF40000CFF3DFF2CF
:10AC9000000BFFE2000CFF3DFF20000DFFD000CFB6
:10ACA000F3DFF200002FFFA00CFF3DFF2000004F5C
:10ACB000FF70CFF3DFF20000007FFF4CFF3DFF206D
:10ACC000000000AFFEEFF3DFF200000000DFFFFF47
:10ACD0003DFF2000000002EFFFF3DFF20000000064
:10ACE00004FFFF3DFF200000000007FFF3DFF2003C
:10ACF000000000000AFF30000000049CEFFDA600E9
:10AD000000000000006EFFFFFFFFFF80000000005A
:10AD1000BFFFFEBABDFFFFD2000000CFFFA30000BF
:10AD2000028FFFE20000AFFF50000000003EFFD0A6
:10AD3000004FFF4000000000002FFF800CFF80004C
:10AD400000000000005FFF02FFF0000000000000B4
:10AD500000DFF55FFB0000000000000007FF98FF28
:10AD600080000000000000004FFB8FF70000000093
:10AD700000000004FFB8FF80000000000000005F3A
:10AD8000FB5FFB0000000000000007FF92FFF000E7
:10AD9000000000000000DFF50CFF80000000000054
:10ADA000005FFF004FFF4000000000002FFF800009
:10ADB000AFFF50000000003EFFD00000CFFFA30017
:10ADC00000028FFFE2000001BFFFFEBABDFFFFD20D
:10ADD000000000006EFFFFFFFFFF8000000000008A
:10ADE000059DFFFDA610000000DFFFFFFFFED9401C
:10ADF0000000DFFFFFFFFFFFFD3000DFFA99999AA7
:10AE0000DFFFF400DFF200000003CFFF10DFF200ED
:10AE10000000000CFF90DFF20000000003FFE0DF05
:10AE2000F20000000000FFF0DFF20000000000EF81
:10AE3000F1DFF20000000000FFF0DFF20000000090
:10AE400006FFC0DFF2000000003EFF60DFF20000FE
:10AE50000149FFFC00DFFFFFFFFFFFFFC100DFFF35
:10AE6000FFFFFFFFE70000DFFA99999863000000F9
:10AE7000DFF200000000000000DFF2000000000030
:10AE80000000DFF200000000000000DFF200000020
:10AE900000000000DFF200000000000000DFF20010
:10AEA000000000000000000000049CEFFDA6000070
:10AEB0000000000006EFFFFFFFFFF80000000000A9
:10AEC000BFFFFEBABDFFFFD20000000CFFFA30004A
:10AED0000029FFFE200000AFFF50000000003EFFF1
:10AEE000D00004FFF4000000000002FFF7000CFF98
:10AEF000800000000000005FFE001FFF0000000057
:10AF00000000000DFF505FFB000000000000000784
:10AF1000FF807FF80000000000000005FFB08FF701
:10AF20000000000000000004FFB08FF800000000E7
:10AF300000000004FFB06FFA0000000000000007EE
:10AF4000FF902FFF000000000000000CFF500DFFDD
:10AF5000700000000000004FFF0006FFF30000003B
:10AF6000000001EFF80000CFFE40000000002DFFC0
:10AF7000D000001EFFF920000017FFFE3000000285
:10AF8000DFFFFDA9ACFFFFE20000000009FFFFFFAB
:10AF9000FFFFF900000000000017BEFFFFE61000F1
:10AFA000000000000000000AFFF400000290000012
:10AFB00000000000AFFF92027FF7000000000000D9
:10AFC00007FFFFFFFFE3000000000000003AFFFF63
:10AFD000FA10000000000000000013540000DFFF22
:10AFE000FFFFFED9400000DFFFFFFFFFFFFD300045
:10AFF000DFFA99999ADFFFF400DFF200000003CF37
:10B00000FF10DFF2000000000CFF90DFF2000000F4
:10B010000003FFE0DFF20000000000FFF0DFF200BD
:10B0200000000000EFF1DFF20000000001FFF0DFA0
:10B03000F20000000006FFC0DFF2000000003FFF4A
:10B0400060DFF200000149FFFC00DFFFFFFFFFFFB0
:10B05000FFC100DFFFFFFFFFFFE60000DFF9888888
:10B0600089FFD00000DFF2000000AFF90000DFF23E
:10B070000000000EFF5000DFF200000004FFE100BE
:10B08000DFF2000000008FFB00DFF2000000000D87
:10B09000FF60DFF20000000002FFF2000038CEFF88
:10B0A000EB72000002BFFFFFFFFFFB2001EFFFC9B3
:10B0B00089BEFFF400AFFC20000003AD001FFF10AD
:10B0C000000000000003FFB00000000000003FFD92
:10B0D00000000000000000FFF70000000000000872
:10B0E000FFFC61000000000009FFFFFD951000005B
:10B0F0000004CFFFFFFFB40000000016AEFFFFFA10
:10B100000000000000027CFFFA00000000000006C2
:10B11000FFF20000000000000BFF500000000000E4
:10B12000009FF50920000000000DFF35FF92000090
:10B13000001AFFC07FFFFEB989CFFFF3004CFFFF6D
:10B14000FFFFFFC30000037BDFFED9400000EFFFDD
:10B15000FFFFFFFFFFFFF7EFFFFFFFFFFFFFFFF71F
:10B160008999999DFFB99999940000000BFF4000BF
:10B1700000000000000BFF400000000000000BFF7B
:10B18000400000000000000BFF4000000000000035
:10B190000BFF400000000000000BFF40000000001B
:10B1A00000000BFF400000000000000BFF4000000B
:10B1B000000000000BFF400000000000000BFF40FB
:10B1C0000000000000000BFF400000000000000B2A
:10B1D000FF400000000000000BFF400000000000E6
:10B1E000000BFF400000000000000BFF40000000CB
:10B1F0000000000BFF400000000000000BFF4000BB
:10B2000000000000000BFF400000000FFF000000E6
:10B21000000003FFB0FFF000000000003FFB0FFF45
:10B22000000000000003FFB0FFF000000000003F3E
:10B23000FB0FFF000000000003FFB0FFF000000064
:10B2400000003FFB0FFF000000000003FFB0FFF015
:10B2500000000000003FFB0FFF000000000003FFA4
:10B26000B0FFF000000000003FFB0FFF00000000F7
:10B270000003FFB0FFF000000000003FFB0FFF00E5
:10B280000000000003FFA0EFF100000000005FF9E4
:10B290000BFF500000000008FF707FFB0000000063
:10B2A00000EFF301FFF5000000009FFC0008FFF72E
:10B2B000000002AFFF40000BFFFFCABDFFFF7000A0
:10B2C0000008FFFFFFFFFE50000000028CEFFEA60B
:10B2D0000000000CFF600000000000000DFF205F78
:10B2E000FD00000000000004FFB000EFF4000000CB
:10B2F000000000BFF40007FFB000000000002FFDB9
:10B3000000001FFF200000000009FF6000009FF9FF
:10B310000000000001FFE0000002FFF1000000005B
:10B320007FF80000000BFF700000000EFF1000000F
:10B33000004FFE00000005FFA000000000DFF50048
:10B340000000CFF30000000006FFC000004FFC002B
:10B35000000000000EFF30000BFF50000000000056
:10B360008FFA0002FFE0000000000001FFF2009FE2
:10B37000F70000000000000AFF801FFF100000001F
:10B380000000003FFF07FF9000000000000000CF1A
:10B39000F7EFF20000000000000005FFFFFB0000D7
:10B3A0000000000000000EFFFF4000000000000051
:10B3B00000007FFFD0000000000000000001FFF649
:10B3C00000000000000EFF300000000008FF8000B9
:10B3D00000000003FFA08FF80000000000EFFE0057
:10B3E000000000008FF403FFD0000000003FFFF3D7
:10B3F000000000000DFF000DFF3000000009FFFFFE
:10B400009000000003FFA0008FF800000000EFDFB5
:10B41000FE000000008FF40003FFD00000004FF793
:10B42000AFF30000000EFF00000DFF3000000AFF28
:10B4300024FF90000003FFA000008FF8000000FF31
:10B44000C00EFE0000008FF4000003FFD000005F7C
:10B45000F7009FF400000EFF0000000DFF30000A0F
:10B46000FF1004FF900003FFA00000008FF8000011
:10B47000FFC0000EFE00009FF400000003FFD0009C
:10B480005FF600009FF4000EFF000000000DFF308B
:10B490000BFF100004FF9003FFA0000000008FF8D6
:10B4A00001FFC000000EFE009FF40000000003FF3B
:10B4B000D06FF60000009FF40EFF00000000000DAA
:10B4C000FF3BFF10000003FFA4FFA00000000000EE
:10B4D0008FFAFFB00000000EFE9FF4000000000095
:10B4E00003FFFFF6000000008FFFFF0000000000D8
:10B4F000000DFFFF1000000003FFFFA00000000090
:10B5000000008FFFB0000000000DFFF400000000FD
:10B51000000002FFF500000000008FFF00000000A7
:10B520000CFFA00000000006FFD001EFF6000000B5
:10B53000002FFF30005FFF20000000CFF600000961
:10B54000FFD0000008FFB0000000DFF900004FFE50
:10B55000100000002FFF4001EFF40000000006FF84
:10B56000E10BFF800000000000BFFB6FFC0000004B
:10B570000000001EFFFFE100000000000004FFFFCC
:10B580005000000000000000EFFF2000000000005D
:10B59000000AFFFFC00000000000006FFDCFF900AF
:10B5A0000000000002FFF32FFF40000000000DFF2D
:10B5B0007006FFE1000000009FFC0000AFFC0000EF
:10B5C0000005FFF100000DFF8000001EFF5000008D
:10B5D00003FFF30000CFFA000000007FFE1008FF19
:10B5E000D0000000000BFFB04FFF30000000000152
:10B5F000EFF60CFF6000000000000BFF303FFE1074
:10B600000000000005FF90009FF90000000000EF1F
:10B61000E10001EFF3000000009FF6000006FFC00C
:10B620000000003FFC0000000CFF6000000CFF3039
:10B630000000002FFF100006FF90000000008FFAAE
:10B640000001EFE10000000000EFF400AFF50000A2
:10B6500000000005FFD03FFC0000000000000BFFD1
:10B660007DFF200000000000002FFFFF8000000091
:10B67000000000008FFFE00000000000000000EF6D
:10B68000F500000000000000000CFF30000000008A
:10B6900000000000CFF300000000000000000CFFDD
:10B6A000300000000000000000CFF30000000000A8
:10B6B0000000000CFF300000000000000000CFF38D
:10B6C00000000000000000000CFF30000000008FB0
:10B6D000FFFFFFFFFFFFFFF78FFFFFFFFFFFFFFFF2
:10B6E000F74999999999999DFFE20000000000009F
:10B6F0004FFF40000000000002EFF70000000000D4
:10B70000000DFFA0000000000000AFFD00000000E1
:10B71000000007FFE20000000000004FFF400000B3
:10B7200000000002FFF70000000000000DFFA00075
:10B730000000000000BFFC00000000000008FFE166
:10B740000000000000005FFF40000000000002FF5A
:10B75000F60000000000001DFFA000000000000037
:10B76000BFFC00000000000008FFE1000000000036
:10B77000005FFFC9999999999998BFFFFFFFFFFF53
:10B78000FFFFFDBFFFFFFFFFFFFFFFFDDFFFFF6DBF
:10B79000FFFFF6DFF6552DFF0000DFF0000DFF0084
:10B7A00000DFF0000DFF0000DFF0000DFF0000DF04
:10B7B000F0000DFF0000DFF0000DFF0000DFF000E3
:10B7C0000DFF0000DFF0000DFF0000DFF0000DFFB7
:10B7D0000000DFF0000DFF0000DFF0000DFF0000B3
:10B7E000DFF0000DFF6552DFFFFF6DFFFFF60EFA81
:10B7F000000000000009FF000000000004FF5000EE
:10B8000000000000EFB000000000008FF100000019
:10B8100000003FF600000000000DFC0000000000EA
:10B8200007FF200000000002FF700000000000CFB2
:10B83000D000000000006FF200000000001FF800C0
:10B84000000000000BFE000000000005FF300000BB
:10B85000000000FF900000000000AFE000000000CA
:10B86000004FF400000000000EFA00000000000984
:10B87000FF000000000003FF500000000000EFB0D8
:10B8800000000000008FF100000000002FF6000013
:10B890000000000DFC000000000007FF2000000079
:10B8A0000002FF700000000000CFD0000000000088
:10B8B0006FF37FFFFFD7FFFFFD2556FFD0000FFD81
:10B8C0000000FFD0000FFD0000FFD0000FFD0000C2
:10B8D000FFD0000FFD0000FFD0000FFD0000FFD0E3
:10B8E000000FFD0000FFD0000FFD0000FFD0000F93
:10B8F000FD0000FFD0000FFD0000FFD0000FFD0095
:10B9000000FFD0000FFD0000FFD2556FFD7FFFFF4D
:10B91000D7FFFFFD0000048700000000000DFF605E
:10B92000000000004FFFC000000000BF8FF30000C8
:10B930000002FF19FA00000009FA02FF1000000FD0
:10B94000F400BF7000006FD0005FE00000DF600017
:10B950000EF50004FF000008FC000BF9000001FFD9
:10B96000202FF2000000AF908FC00000004FF1DDEB
:10B97000DDDDDDDDDDDDDFFFFFFFFFFFFFFF1CFFA6
:10B98000A0000009FFA0000005FFB0000003EFB019
:10B9900000049DEFEC8200005EFFFFFFFFF6000C4D
:10B9A000FFEA889EFFF4003E5000000AFFC000003E
:10B9B0000000000EFF100000000000AFF4000000C7
:10B9C000011119FF50029DFFFFFFFFF504FFFFFF6C
:10B9D000FFFFFF51FFF82000008FF56FF900000016
:10B9E00008FF57FF60000000BFF55FFA0000007F0E
:10B9F000FF50EFF93114AFFFF503EFFFFFFFD8FF62
:10BA000050018CFFEC706FF54FF900000000000052
:10BA1000004FF9000000000000004FF90000000096
:10BA20000000004FF9000000000000004FF9000086
:10BA300000000000004FF9000000000000004FF976
:10BA4000018CEFEA5000004FF95FFFFFFFFC200080
:10BA50004FFDFFFB99CFFFF2004FFFFB100002CF1D
:10BA6000FD004FFFB00000000DFF704FFF200000F1
:10BA70000004FFD04FFC0000000000EFF14FFA007F
:10BA800000000000CFF24FFA0000000000CFF24F9C
:10BA9000FC0000000000EFF14FFF2000000004FF59
:10BAA000D04FFFB00000000DFF704FFFFB100002F1
:10BAB000CFFD004FFCFFFB89BFFFF2004FF75FFF98
:10BAC000FFFFFD20004FF7018CFFDA40000000006F
:10BAD00017CEFEC710000006FFFFFFFFF600008F25
:10BAE000FFEA89DFFF7005FFF7000005FFC00EFFCA
:10BAF0005000000046005FFB0000000000009FF5C2
:10BB0000000000000000BFF3000000000000BFF3D1
:10BB10000000000000009FF50000000000005FFB37
:10BB20000000000000000EFF50000000460005FF6E
:10BB3000F6000005FFC0008FFFEA89DFFF700005F7
:10BB4000FFFFFFFFF600000017CEFEC82000000038
:10BB50000000000002FFB00000000000002FFB000A
:10BB6000000000000002FFB00000000000002FFBFA
:10BB700000000000000002FFB00000000000002FE5
:10BB8000FB000028DFFEA402FFB0007FFFFFFFFBE9
:10BB90003FFB00AFFFEA8AEFFDFFB07FFF700000C0
:10BBA0006FFFFB1FFF500000004FFFB6FFB000000B
:10BBB0000000BFFB9FF60000000005FFBBFF300048
:10BBC0000000003FFBBFF30000000002FFB9FF5080
:10BBD000000000004FFB6FFA000000000AFFB1FFF9
:10BBE000F400000003FFFB07FFE4000003EFFFB0D9
:10BBF0000AFFFB757BFFDFFB0008FFFFFFFFC2FFB3
:10BC0000B000028CEFEA500FFB000028DFFEB50009
:10BC10000000007FFFFFFFFC100000AFFFB779EFCF
:10BC2000FE20006FFD2000008FFC000FFF100000C1
:10BC3000009FF505FF8000000001FFB09FF4111187
:10BC400011111CFE0BFFFFFFFFFFFFFFF0BFFFFF07
:10BC5000FFFFFFFFFF19FF400000000000005FF939
:10BC600000000000000000EFF300000000200006CC
:10BC7000FFF60000008F400009FFFEA88BFFFD00CB
:10BC80000006FFFFFFFFFB100000017BEFFD9400AB
:10BC900000000005BEFD920000AFFFFFF60005FFAB
:10BCA000F868C0000BFF400000000DFF000000001E
:10BCB0000DFF0000008FFFFFFFFF908FFFFFFFFFD2
:10BCC00090366EFF666630000DFF000000000DFF2D
:10BCD000000000000DFF000000000DFF000000004C
:10BCE0000DFF000000000DFF000000000DFF000030
:10BCF00000000DFF000000000DFF000000000DFF20
:10BD0000000000000DFF000000000DFF000000001B
:10BD10000DFF000000000028CEFEB500CFF0008F20
:10BD2000FFFFFFFD2CFF00BFFFEA89CFFEEFF08F82
:10BD3000FF6000003DFFFF1FFF400000001DFFF6F9
:10BD4000FFA0000000005FFFAFF50000000000FF53
:10BD5000FBFF30000000000EFFBFF40000000000F9
:10BD6000FFF8FF70000000003FFF4FFE00000000E2
:10BD70000AFFF0DFFB00000007FFFF02FFFD62018A
:10BD80004BFFFFF004EFFFFFFFFF9FFE0001AFFF3F
:10BD9000FFFE50FFE00000046763000FFD0000009D
:10BDA00000000004FFA0040000000000BFF502FD39
:10BDB00050000001AFFE00AFFFFB989BFFFF40006B
:10BDC0009FFFFFFFFFFE40000016ADEFFDA6000045
:10BDD0004FF90000000000004FF9000000000000D3
:10BDE0004FF90000000000004FF9000000000000C3
:10BDF0004FF90000000000004FF9000000000000B3
:10BE00004FF9028DEFEA40004FF97FFFFFFFFA0084
:10BE10004FFEFFEA9AEFFF904FFFF8000007FFF296
:10BE20004FFF80000000AFF84FFF000000004FFB05
:10BE30004FFB000000001FFC4FFA000000001FFD38
:10BE40004FF9000000001FFD4FF9000000001FFD2A
:10BE50004FF9000000001FFD4FF9000000001FFD1A
:10BE60004FF9000000001FFD4FF9000000001FFD0A
:10BE70004FF9000000001FFD4FF9000000001FFDFA
:10BE80002DE70BFFF09FFE019A3000000000004FED
:10BE9000F904FF904FF904FF904FF904FF904FF918
:10BEA00004FF904FF904FF904FF904FF904FF904FD
:10BEB000FF904FF904FF90000001CF90000008FFB1
:10BEC000F3000007FFF10000008A400000000000BE
:10BED0000000000000000002FFC0000002FFC000E0
:10BEE0000002FFC0000002FFC0000002FFC000000F
:10BEF00002FFC0000002FFC0000002FFC0000002FD
:10BF0000FFC0000002FFC0000002FFC0000002FFEF
:10BF1000C0000002FFC0000002FFC0000002FFC01E
:10BF2000000002FFC0000002FFC0000003FFB000DD
:10BF30000008FF801E97AFFF208FFFFFF7003ADF5A
:10BF4000FB40004FF900000000000004FF900000DB
:10BF5000000000004FF900000000000004FF900006
:10BF600000000000004FF900000000000004FF90F6
:10BF70000000000000004FF900000004FFF404FF7F
:10BF800090000005FFF4004FF9000007FFF40004E3
:10BF9000FF900008FFF400004FF90009FFF30000D4
:10BFA00004FF900AFFF30000004FF90BFFF40000BC
:10BFB0000004FFBCFFFFB00000004FFFFFDFFF8069
:10BFC000000004FFFFD15FFF5000004FFFC0008F53
:10BFD000FF200004FFC00000BFFD00004FF900007B
:10BFE00001DFFA0004FF90000002FFF7004FF900A4
:10BFF000000005FFF404FF9000000008FFE14FF986
:10C000004FF94FF94FF94FF94FF94FF94FF94FF9F0
:10C010004FF94FF94FF94FF94FF94FF94FF94FF9E0
:10C020004FF94FF94FF94FF94FF94FF7039DFFD8EB
:10C03000200006BEFEC700004FF79FFFFFFFF6047B
:10C04000EFFFFFFFE2004FFEFFC878EFFF8FFFA773
:10C0500079FFFE104FFFF500000BFFFFD200001D1F
:10C06000FF804FFF60000001FFFF20000004FFD0B1
:10C070004FFE00000000BFFB00000000EFF04FFB90
:10C08000000000008FF700000000CFF14FFA000021
:10C0900000008FF600000000CFF24FF90000000012
:10C0A0008FF600000000CFF24FF9000000008FF67D
:10C0B00000000000CFF24FF9000000008FF60000F2
:10C0C0000000CFF24FF9000000008FF600000000E2
:10C0D000CFF24FF9000000008FF600000000CFF211
:10C0E0004FF9000000008FF600000000CFF24FF97A
:10C0F000000000008FF600000000CFF24FF90000B2
:10C1000000008FF600000000CFF24FF7039DEFEA2A
:10C1100040004FF79FFFFFFFFA004FFEFFD877CF99
:10C12000FF904FFFF6000005FFF24FFF7000000088
:10C130009FF84FFE000000003FFB4FFB0000000097
:10C140001FFC4FFA000000001FFD4FF90000000027
:10C150001FFD4FF9000000001FFD4FF90000000017
:10C160001FFD4FF9000000001FFD4FF90000000007
:10C170001FFD4FF9000000001FFD4FF900000000F7
:10C180001FFD4FF9000000001FFD000017CEFFC883
:10C19000100000006FFFFFFFFF7000009FFFEA8AA2
:10C1A000EFFFA0006FFF6000006FFF600EFF500008
:10C1B00000004FFF15FFB000000000AFF69FF50034
:10C1C00000000005FFABFF30000000002FFCBFF3B4
:10C1D0000000000002FFC9FF60000000005FFA5F7E
:10C1E000FB000000000AFF60EFF500000004FFF113
:10C1F00005FFF6000005FFF60009FFFE989DFFF918
:10C20000000006FFFFFFFFF7000000017CEFFC814C
:10C2100000004FF7028DEFEA5000004FF77FFFFF5D
:10C22000FFFC20004FFDFFE9679FFFF2004FFFF981
:10C23000000001BFFD004FFFA00000000CFF704F89
:10C24000FF1000000003FFD04FFC0000000000EFD3
:10C25000F14FFA0000000000CFF24FFA000000009A
:10C2600000CFF24FFC0000000000EFF14FFF200074
:10C27000000004FFD04FFFB00000000DFF704FFF23
:10C28000FB100002DFFD004FFDFFFB89BFFFF20046
:10C290004FF95EFFFFFFFD20004FF9018CEFDA4000
:10C2A00000004FF9000000000000004FF9000000FE
:10C2B000000000004FF9000000000000004FF900EE
:10C2C0000000000000004FF9000000000000004FD7
:10C2D000F900000000000000000028DFFEA400FFBD
:10C2E000B0007FFFFFFFFB1FFB00AFFFEA8AEFFC00
:10C2F000FFB07FFF6000006FFFFB1FFF50000000DA
:10C300005FFFB6FFB000000000BFFB9FF50000001C
:10C310000005FFBBFF30000000002FFBBFF3000053
:10C32000000002FFB9FF60000000005FFB6FFB0030
:10C330000000000AFFB1FFF500000004FFFB07FF4B
:10C34000F6000006FFFFB00AFFFE989DFFDFFB002E
:10C3500008FFFFFFFFA3FFB000028CEFEA402FFBB6
:10C3600000000000000002FFB00000000000002FED
:10C37000FB00000000000002FFB000000000000011
:10C380002FFB00000000000002FFB00000000000D2
:10C39000002FFB4FF7028DE44FF76FFFF44FFCFFC8
:10C3A000FDC34FFFFB20004FFFA000004FFF100018
:10C3B000004FFC0000004FFA0000004FF9000000A1
:10C3C0004FF90000004FF90000004FF90000004F46
:10C3D000F90000004FF90000004FF90000004FF98C
:10C3E00000000000017BEFFEB7200004EFFFFFFF1D
:10C3F000FF6002FFFD9779DFF1009FF90000003533
:10C40000000BFF200000000000AFF600000000005D
:10C4100005FFFB630000000009FFFFFFC9400000AB
:10C4200003AEFFFFFFB10000000147BFFFA0000007
:10C430000000002FFF000000000000CFF106C40044
:10C4400000003FFF00EFFEA878BFFF800AFFFFFF5C
:10C45000FFFF9000017BDFFEC9300000068800006E
:10C4600000000DFF000000000DFF000000000DFFA8
:10C470000000008FFFFFFFFF908FFFFFFFFF903650
:10C480006EFF666630000DFF000000000DFF00002B
:10C4900000000DFF000000000DFF000000000DFF78
:10C4A000000000000DFF000000000DFF0000000074
:10C4B0000DFF000000000DFF100000000AFF7000DB
:10C4C000000005FFFA79E10000AFFFFFF70000066A
:10C4D000CFFD816FF7000000005FF86FF7000000EC
:10C4E000005FF86FF7000000005FF86FF7000000D2
:10C4F000005FF86FF7000000005FF86FF7000000C2
:10C50000005FF86FF7000000005FF86FF7000000B1
:10C51000005FF86FF7000000005FF86FF7000000A1
:10C52000007FF85FFA00000000AFF81FFE00000077
:10C5300002FFF80CFFA000002DFFF803FFFE867A33
:10C54000FFEFF8005FFFFFFFFC4FF800018CFFEBEF
:10C55000503FF80DFF20000000003FF906FF90005B
:10C56000000000AFF200EFF000000001FFB0008F0C
:10C57000F600000008FF40001FFD0000000EFD0057
:10C58000000AFF4000006FF6000003FFB00000DF6C
:10C59000E0000000CFF20004FF800000005FF80020
:10C5A0000BFF100000000EFF002FFA000000000734
:10C5B000FF609FF30000000001FFD1FFC0000000FA
:10C5C00000009FFBFF5000000000002FFFFE000056
:10C5D000000000000BFFF700000000000005FFF165
:10C5E000000000AFF100000000DFE000000000FFED
:10C5F00094FF700000003FFF500000005FF30EFC4E
:10C6000000000009FFFA0000000BFD008FF200009F
:10C6100000FFFFF1000001FF7002FF8000005FF8E3
:10C62000FF6000007FF2000CFE00000BFD0DFC001F
:10C63000000DFB00006FF40002FF708FF20003FF9B
:10C64000600001FFA0008FF102FF80009FF000005A
:10C650000AFF000DFB000BFE000EFA0000004FF574
:10C6600004FF50005FF405FF40000000EFB0AFE0B2
:10C670000000FF90AFE000000009FF2FF900000963
:10C68000FF1FF8000000003FFCFF2000003FFCFF00
:10C690002000000000DFFFC0000000DFFFC000003E
:10C6A000000007FFF600000007FFF6000000000092
:10C6B0001FFF100000001FFF1000000DFF500000C2
:10C6C00000BFF6002FFF2000007FFA00005FFC0093
:10C6D000003FFD0000009FF9001EFF20000000DF6A
:10C6E000F50BFF5000000002FFF9FF900000000072
:10C6F00005FFFFC0000000000009FFF1000000007E
:10C700000000CFFF5000000000009FFFFF2000004E
:10C7100000005FFC4FFD000000002FFE108FFA00AC
:10C7200000000DFF4000BFF600000AFF800001EF8F
:10C73000F30006FFC0000004FFE103FFE10000007A
:10C7400008FFB00DFF20000000003FF906FF900039
:10C75000000000AFF200EFF100000001FFB0008F19
:10C76000F700000008FF40001FFD0000000EFD0064
:10C77000000AFF5000006FF6000003FFC00000CF6A
:10C78000E0000000CFF20003FF800000005FF9002E
:10C790000AFF100000000DFF101FFA000000000744
:10C7A000FF708FF30000000000FFE0EFC00000000A
:10C7B00000009FFBFF5000000000002FFFFD000065
:10C7C000000000000BFFF600000000000003FFF077
:10C7D00000000000000004FF800000000000000CCA
:10C7E000FF200000000400006FFA000000001FE9B5
:10C7F0007AFFF1000000006FFFFFFF400000000023
:10C8000005BEFD920000000000AFFFFFFFFFFFF438
:10C81000AFFFFFFFFFFFF4366666666CFFC00000E7
:10C8200000004FFE1000000002FFF3000000000DAA
:10C83000FF6000000000BFF90000000007FFC0001B
:10C840000000004FFE1000000002FFF30000000097
:10C850000DFF6000000000AFF90000000007FFC0FE
:10C86000000000004FFF7555555552CFFFFFFFFFE9
:10C87000FFF8CFFFFFFFFFFFF8000019EFF0001EE9
:10C88000FFFF0009FFE75000CFF400000EFF00009B
:10C8900000EFF000000EFF000000EFF000000EFFC0
:10C8A000000000EFF000000EFF000000EFF00000BD
:10C8B0004FFD0004FFFF50004FFFC200016AFFC0A0
:10C8C00000000FFF000000EFF000000EFF0000006E
:10C8D000EFF000000EFF000000EFF000000EFF0080
:10C8E0000000EFF000000DFF3000009FFE75000219
:10C8F000EFFFF00002AEFFDFDDFDDFDDFDDFDDFD80
:10C90000DFDDFDDFDDFDDFDDFDDFDDFDDFDDFDDFAB
:10C91000DDFDDFDDFDDFDDFDDFDDFDDFDDFDDFDD9D
:10C92000FD7FFC600007FFFF900026AFFF200000A6
:10C93000BFF5000007FF7000007FF7000007FF70E1
:10C9400000007FF7000007FF7000007FF70000077E
:10C95000FF7000006FF7000004FFC000000CFFFC38
:10C9600000007FFFC0003FFE740006FF8000007FD4
:10C97000F7000007FF7000007FF7000007FF70005E
:10C98000007FF7000007FF7000007FF700000BFF3B
:10C9900060026AFFF2007FFFF90007FFC600000097
:10C9A0004CFE8000003FA04FFFFFD20007F80DFCB7
:10C9B00046EFF604EF41FF0001AFFFFFB03FB000CC
:10C9C000005CFE90000003786100001BFFFFF60092
:10C9D0000BF8204DF504F800001ED09F2000009FAA
:10C9E00029F1000008F27F500000CF01FE20008FE7
:10C9F0009004FFCAEFC00002AEFD700000264000A8
:10CA00005FFFB00DFFFF40FFFFF50AFFFF101AFDAB
:10CA100040000000000000000000000000000000D6
:10CA20000000000000000000000000000027CFF41C
:10CA3000000000000000000000000049EFFFFFC000
:10CA40000000000000000000026BFFFFFFFFFD0080
:10CA5000000000000000038DFFFFFFFFFFFFD0007C
:10CA60000000000015AEFFFFFFFFFFFFFFFD00000D
:10CA7000000007CFFFFFFFFFFFFFFFFFFFD0000019
:10CA80000008FFFFFFFFFFFFFFFFFFFFFD000000AB
:10CA900000AFFFFFFFFFFFFFFFFFFFFFD000000021
:10CAA0000AFFFFFFFFFFFFFFFC72EFFD0000000029
:10CAB000AFFFFFFFFFFFEA51000EFFD00000000AAA
:10CAC000FFFFFFFFC830000000EFFD00000000AFD7
:10CAD000FFFFA610000000000EFFD00000000AFFBC
:10CAE000F500000000000000EFFD00000000AFFFB7
:10CAF000100000000000000EFFD00000000AFFF14F
:10CB000000000000000000EFFD00000000AFFF107B
:10CB10000000000000000EFFD00000000AFFF1003E
:10CB2000000000000000EFFD00000000AFFF10005B
:10CB300000000000000EFFD00000000AFFF100001E
:10CB40000000003553EFFD00000000AFFF100000B3
:10CB50000007EFFFFFFFD00000000AFFF100000018
:10CB60000AFFFFFFFFFD00000000AFFF1000000400
:10CB7000FFFFFFFFFFD00016998CFFF10000006F50
:10CB8000FFFFFFFFFC008FFFFFFFFF10000002FF11
:10CB9000FFFFFFFF809FFFFFFFFFF100000006FF88
:10CBA000FFFFFFC01FFFFFFFFFFF1000000003AEED
:10CBB000FFFC6001FFFFFFFFFFF00000000000012D
:10CBC0001000000CFFFFFFFFFA0000000000000053
:10CBD0000000001CFFFFFFFB000000000000000041
:10CBE00000000004ACDC9400000000000000000025
:10CBF0000000260001888888888888888888400006
:10CC000062EE0004FFFFFFFFFFFFFFFFFF8000EE6B
:10CC1000FFBAADFFFFFFFFFFFFFFFFFFEAAAFFFF25
:10CC2000FFFFFFD555555555555AFFFFFFFFFF54E0
:10CC300048FF90000000000004FFB444FFFE000322
:10CC4000FF90000000000004FF8000EFFE0003FFE3
:10CC500090000000000004FF8000EFFF1005FF902F
:10CC6000000000000004FFA000FFFFFFFFFF900096
:10CC70000000000004FFFFFFFFFFEEEFFF90000049
:10CC800000000005FFFEEEFFFE0004FFFAAAAAAABC
:10CC9000AAAAADFF9000EFFE0003FFFFFFFFFFFF1A
:10CCA000FFFFFF8000EFFE0003FFFFFFFFFFFFFF1E
:10CCB000FFFF8000EFFF766AFFC222222222222895
:10CCC000FFC666FFFFFFFFFF90000000000004FFAB
:10CCD000FFFFFFFF988BFF90000000000004FFD8CB
:10CCE00088FFFE0003FF90000000000004FF8000AA
:10CCF000EFFE0003FF90000000000004FF8000EF43
:10CD0000FE0004FF90000000000004FF8000EFFF21
:10CD1000CCCEFF90000000000005FFFCCCFFFFFF21
:10CD2000FFFFFDDDDDDDDDDDDFFFFFFFFFFF322784
:10CD3000FFFFFFFFFFFFFFFFFFB222FF9D0003FF8A
:10CD4000FFFFFFFFFFFFFFFF8000D9267777760008
:10CD500004777777777777777762EFFFFFFF904FEA
:10CD6000FFFFFFFFFFFFFFFFFEFFFFFFFFB06FFFB3
:10CD7000FFFFFFFFFFFFFFFFFFFFFFFFB06FFFFFA2
:10CD8000FFFFFFFFFFFFFFFFFFFFFFB06FFFFFFF92
:10CD9000FFFFFFFFFFFFFFFFFFFFB06FFFFFFFFF82
:10CDA000FFFFFFFFFFFFFFFFFFB06FFFFFFFFFFF72
:10CDB000FFFFFFFF9FFFFFFF501EFFFFFFFFFFFF73
:10CDC000FFFFF9000000000000000000000000006C
:10CDD0000000000000000000000000000000000053
:10CDE000009FFFFFFF501DFFFFFFFFFFFFFFFFF949
:10CDF000FFFFFFFFB06FFFFFFFFFFFFFFFFFFFFF22
:10CE0000FFFFFFB06FFFFFFFFFFFFFFFFFFFFFFF11
:10CE1000FFFFB06FFFFFFFFFFFFFFFFFFFFFFFFF01
:10CE2000FFB06FFFFFFFFFFFFFFFFFFFFFFFFFFFF1
:10CE3000B06FFFFFFFFFFFFFFFFFFFEFFFFFFF9060
:10CE40004FFFFFFFFFFFFFFFFFFE278888871005CA
:10CE50008888888888888888720000000000000020
:10CE600000000000000000003888888710068888CD
:10CE700088888888888883EFFFFFFFA04FFFFFFF27
:10CE8000FFFFFFFFFFFEFFFFFFFFB06FFFFFFFFF92
:10CE9000FFFFFFFFFFFFFFFFFFB06FFFFFFFFFFF81
:10CEA000FFFFFFFFFFFFFFFFB06FFFFFFFFFFFFF71
:10CEB000FFFFFFFFFFFFFFB06FFFFFFFFFFFFFFF61
:10CEC000FFFFFFFFFFFFB05FFFFFFFFFFFFFFFFF61
:10CED000FF8FFFFFFE401CFFFFFFFFFFFFFFFFF87C
:10CEE00000000000000000000000000002600000E0
:10CEF00000000000000000000000003FFD100000E6
:10CF000000000000000000000003FFFFD10000004F
:10CF100000000000000000003FFFFFFC00000000D8
:10CF200000000000000003FFFFFFFE000000000003
:10CF300000000000003FFFFFFFF5000000000000C0
:10CF400000000003FFFFFFFF500000000000000092
:10CF500000003FFFFFFFF500006E900000000000A2
:10CF600003FFFFFFFF500006FFFA00000000003F34
:10CF7000FFFFFFF500006FFFFFA000000003FFFFB1
:10CF8000FFFF500000FFFFFFFA0000003FFFFFFF20
:10CF9000F5000000BFFFFFFFA00003FFFFFFFF50F1
:10CFA0000000000CFFFFFFFA003FFFFFFFF500004D
:10CFB000000000CFFFFFFFA3FFFFFFFF50000000B6
:10CFC00000000CFFFFFFFFFFFFFFF5000000000067
:10CFD0000000CFFFFFFFFFFFFF5000000000000038
:10CFE000000CFFFFFFFFFFF5000000000000000045
:10CFF00000CFFFFFFFFF5000000000000000000016
:10D000000CFFFFFFF5000000000000000000000022
:10D01000BFFFFF4000000000000000000000000B08
:10D02000FFF400000000000000000000000000AD60
:10D030004000000000000000000067100000000039
:10D0400000383000BFFD10000000005FFF509FFF60
:10D05000FD100000005FFFFF3FFFFFFD1000005FBD
:10D06000FFFFF9BFFFFFFD10005FFFFFFF51CFFF84
:10D07000FFFD105FFFFFFF7001CFFFFFFD7FFFFF90
:10D08000FF700001CFFFFFFFFFFFFF70000001CF27
:10D09000FFFFFFFFFF7000000001CFFFFFFFFF70E9
:10D0A0000000000001DFFFFFFF8000000000005FC4
:10D0B000FFFFFFFD10000000005FFFFFFFFFFD10FE
:10D0C0000000005FFFFFFFFFFFFD1000005FFFFF9C
:10D0D000FFEFFFFFFD10005FFFFFFF71CFFFFFFDC0
:10D0E000105FFFFFFF7001CFFFFFFD1EFFFFFF700E
:10D0F0000001CFFFFFF8DFFFFF70000001CFFFFF4F
:10D1000073FFFF7000000001CFFFC004EF7000004C
:10D11000000001BFB000000000000000000000009F
:10D1200000000000000000221000000000000000CD
:10D1300000000000000DFFF40000000000000000EF
:10D14000000000001FFFF8000000000000000000C9
:10D150002610002FFFF9000045000000000005FF29
:10D16000C0002FFFF90005FFB1000000006FFFF5C0
:10D17000002FFFF9000DFFFC00000004FFFFFA0084
:10D180002FFFF9003FFFFFB000001EFFFFF4002F4C
:10D19000FFF9000DFFFFF70000AFFFFF40002FFF7A
:10D1A000F90001CFFFFF1002FFFFF500002FFFF98C
:10D1B00000000DFFFF9008FFFFA000002FFFF90007
:10D1C0000003FFFFF10EFFFF1000002FFFF900002A
:10D1D00000AFFFF52FFFFB0000002FFFF90000005C
:10D1E0003FFFF95FFFF60000002FFFF90000000F7E
:10D1F000FFFC7FFFF30000002FFFF90000000CFF91
:10D20000FE8FFFF20000002FFFF90000000BFFFF70
:10D210007FFFF30000001FFFF80000000CFFFE6F0F
:10D22000FFF500000006BBA10000000EFFFD3FFF60
:10D23000FA0000000000000000003FFFFB0FFFFEAF
:10D240000000000000000000008FFFF70AFFFF80D1
:10D250000000000000000001FFFFF204FFFFF300E8
:10D260000000000000000BFFFFB000CFFFFE200019
:10D270000000000000AFFFFF30002FFFFFF40000B0
:10D280000000001BFFFFFA000007FFFFFFB30000D4
:10D290000017FFFFFFD00000009FFFFFFFEB99ADDD
:10D2A000FFFFFFFE1000000008FFFFFFFFFFFFFF72
:10D2B000FFFFD200000000005EFFFFFFFFFFFFFF47
:10D2C000FA000000000000018FFFFFFFFFFFFC409D
:10D2D00000000000000000005AEFFFFFC83000000F
:10D2E000000000000000000000121000000000001C
:10D2F000000000000000000000000000000000002E
:10D300000000000000038BCCB830000000000000DB
:10D31000000000000BFFFFFFC00000000000000045
:10D320000000000BFFFFFFC0000000000000000035
:10D3300000000BFFFFFFC000000000000000210004
:10D34000018FFFFFFFF810001200000002FF706F56
:10D35000FFFFFFFFFFF607FF3000000DFFFFFFFF9D
:10D36000FFFFFFFFFFFFFFE000008FFFFFFFFFFF5A
:10D37000FFFFFFFFFFFFF90001FFFFFFFFFFFFFFC0
:10D38000FFFFFFFFFFFF2008FFFFFFFFFFFFFFFF83
:10D39000FFFFFFFFFF800DFFFFFFFFFFC5115CFFD9
:10D3A000FFFFFFFFD003DFFFFFFFFA000000AFFF2A
:10D3B000FFFFFD300007FFFFFFE00000000DFFFF53
:10D3C000FF70000002FFFFFF8000000007FFFFFF6B
:10D3D00020000003FFFFFF5000000005FFFFFF30AB
:10D3E000000002FFFFFF6000000006FFFFFF3000AB
:10D3F0000002FFFFFFA00000000AFFFFFF20000067
:10D400005EFFFFFFF40000003FFFFFFFE5000AFFA3
:10D41000FFFFFFFF500004EFFFFFFFFFB00BFFFF18
:10D42000FFFFFFFD99DFFFFFFFFFFFB005FFFFFFDD
:10D43000FFFFFFFFFFFFFFFFFFFF5000DFFFFFFFCA
:10D44000FFFFFFFFFFFFFFFFFD00004FFFFFFFFF9C
:10D45000FFFFFFFFFFFFFFF4000008FFE7DFFFFF14
:10D46000FFFFFFFD7EFF90000000991008FFFFFF07
:10D47000FFFF80008A000000000000000DFFFFFF9A
:10D48000D1000000000000000000000BFFFFFFC003
:10D49000000000000000000000000BFFFFFFC000C4
:10D4A00000000000000000000009FFFFFF900000E6
:10D4B00000000000000000000003443000000000F5
:10D4C00000000000000000000000320000003444B2
:10D4D000100000000000000000003DFFB10001FF4F
:10D4E000FF80000000000000000005FFFFFD20019C
:10D4F000FFFF9000000000000000008FFFFFFFF41E
:10D5000001FFFF90000000000000000BFFFFFFFF85
:10D51000FF71FFFF9000000000000002DFFFFC240D
:10D52000EFFFFBFFFF900000000000004EFFFFA098
:10D53000002DFFFFFFFF90000000000007FFFFF736
:10D54000007500BFFFFFFF9000000000009FFFFF7D
:10D55000501BFF8008FFFFFF90000000001CFFFF32
:10D56000E302DFFFFB005FFFFFB000000003EFFFFF
:10D57000FC104FFFFFFFD203EFFFFB0000005FFF37
:10D58000FFA007FFFFFFFFFE401CFFFFD20008FFC8
:10D59000FFF7009FFFFFFFFFFFF600AFFFFF40AF69
:10D5A000FFFF401CFFFFFFFFFFFFFF9007FFFFF69D
:10D5B000CFFFD202EFFFFFFFFFFFFFFFFB105FFF78
:10D5C000F82EFB105FFFFFFFFFFFFFFFFFFFD203FF
:10D5D000EFC0037004FFFFFFFFFFFFFFFFFFFFFF30
:10D5E000101810000006FFFFFFFFFFFFFFFFFFFF07
:10D5F000FF200000000006FFFFFFFFFFFFFFFFFF0F
:10D60000FFFF200000000006FFFFFFFFA7777DFF60
:10D61000FFFFFF200000000006FFFFFFFF100005D6
:10D62000FFFFFFFF200000000006FFFFFFFF1000CC
:10D6300005FFFFFFFF200000000006FFFFFFFF10B7
:10D640000005FFFFFFFF200000000006FFFFFFFFB7
:10D65000100005FFFFFFFF200000000006FFFFFF96
:10D66000FF100005FFFFFFFF200000000006FFFF86
:10D67000FFFF100005FFFFFFFF200000000003EF89
:10D68000FFFFFC000002EFFFFFFD000000000000B4
:10D690000000000111100000000000000000000068
:10D6A0000006FFFFFF600000000000000000000017
:10D6B0000BFFFFFFB0000000000000000000000CA6
:10D6C000FFFFFFC0000000000000000000000CFF92
:10D6D000FFFFC0000000000000000000000CFFFF82
:10D6E000FFC0000000000000000000000CFFFFFF72
:10D6F000C0000000000000000000000CFFFFFFC0A1
:10D70000000000000000000000000CFFFFFFC00050
:10D710000000000000000000000CFFFFFFC0000040
:10D7200000000000000000000CFFFFFFC000000030
:10D73000000000000000000CFFFFFFC00000000020
:10D7400000000008CDDDDFFFFFFFFDDDDC80000015
:10D7500000000FFFFFFFFFFFFFFFFFFFF0000000D3
:10D760000006FFFFFFFFFFFFFFFFFF60000000005C
:10D77000005FFFFFFFFFFFFFFFF60000000000005B
:10D7800005FFFFFFFFFFFFFF50000000000000004B
:10D790005FFFFFFFFFFFF500000000000000000535
:10D7A000FFFFFFFFFF500000000000000000005FCF
:10D7B000FFFFFFF50000000000000000000005FF73
:10D7C000FFFF5000000000002677777777104FFFAB
:10D7D000F5017777777762DFFFFFFFFFD204FF4025
:10D7E0002EFFFFFFFFFDFFFFFFFFFFFE202202EFE6
:10D7F000FFFFFFFFFFFFFFFFFFFFFFE5005EFFFFF3
:10D80000FFFFFFFFFFFFFFFFFFFFFFFFFFFFFFFF28
:10D81000FFFFFFFFFFFFFFFFFFFFFFFFFFFFFFFF18
:10D82000FFFFFFFFFFFFFFFFFFFFFFFF908F60BFC6
:10D83000FFFFFFFFFFFFFFFFFFFFFF908F60BFFFB6
:10D84000FFFFFFFFFFFFFFFFFFFFFFFFFFFFFF5A8D
:10D85000BBBBBBBBBBBBBBBBBBBBBBBBBBA50000A4
:10D8600000029BBBBBBBBBBBBBBBB8100000000036
:10D8700000004FFFFFFFFFFFFFFFFFFFE100000081
:10D88000000000EFFFFFFFFFFFFFFFFFFFFB0000B7
:10D8900000000009FFFFFFFFFFFFFFFFFFFFFF503A
:10D8A000000000004FFFF3000000000000007FFFB9
:10D8B000E100000000EFFF80000000000000000C0D
:10D8C000FFFA00000009FFFD00000000000000005A
:10D8D00002FFFF5000004FFFF400000000000000B6
:10D8E00000008FFFE10000DFFF900000000000005B
:10D8F0000000000DFFFA0009FFFE1000000000000C
:10D900000000000003FFFF503FFFF5000000000093
:10D910000000000000009FFFE1CFFFD4444443001B
:10D92000000000003444444FFFF8FFFFFFFFFFFFFB
:10D930001000000005FFFFFFFFFFFBFFFFFFFFFFE1
:10D94000FF900000000DFFFFFFFFFFFCFFFFFFFF48
:10D95000FFFFF10000005FFFFFFFFFFFFCFFFFFF85
:10D96000FFFFFFFB888888DFFFFFFFFFFFFCFFFF53
:10D97000FFFFFFFFFFFFFFFFFFFFFFFFFFFFFCFFBA
:10D98000FFFFFFFFFFFFFFFFFFFFFFFFFFFFFFFCAA
:10D99000FFFFFFFFFFFFFFFFFFFFFFFFFFFFFFFF97
:10D9A000FCFFFFFFFFFFFFFFFFFFFFFFFFFFFFFF8A
:10D9B000FFFCEFFFFFFFFFFFFFFFFFFFFFFFFFFF8A
:10D9C000FFFFFA9FFFFFFFFFFFFFFFFFFFFFFFFFCC
:10D9D000FFFFFFF509FFFFFFFFFFFFFFFFFFFFFF57
:10D9E000FFFFFFFE700000000000000000000000CC
:10D9F00000002331000000000026ABDDB84000002D
:10DA000001FFFF000000004BFFFFFFFFFE9200013F
:10DA1000FFFF0000001BFFFFFFFFFFFFFF9000FF65
:10DA2000FF000004EFFFFFFFFFFFFFFFFD30FFFFE0
:10DA300000004FFFFFFFB8668CFFFFFFF5FFFF0000
:10DA400003FFFFFF810000002AFFFFFFFFFF000D23
:10DA5000FFFFD200000000003DFFFFFFFF009FFF1F
:10DA6000FC10000000000000CFFFFFFF01FFFFD00F
:10DA7000000000000222100DFFFFFF08FFFF300032
:10DA80000000001FFFFFFFFFFFFF0DFFFA00000077
:10DA900000002FFFFFFFFFFFFF2FFFF4000000003B
:10DAA000002FFFFFFFFFFFFF2EFFD0000000000050
:10DAB0000DFFFFFFFFFFFC00000000000000000062
:10DAC0000000000000000000000000000000000056
:10DAD0000000000000000000000000000000000046
:10DAE000000000001222222222221000000000006A
:10DAF000012210EFFFFFFFFFFFF100000000001FF9
:10DB0000FFF3FFFFFFFFFFFFF200000000006FFFC9
:10DB1000F0FFFFFFFFFFFFF20000000000DFFFB09B
:10DB2000FFFFFFECCDEFE00000000007FFFF50FF1C
:10DB3000FFFFF2000000000000005FFFFD00FFFF9C
:10DB4000FFFE40000000000006FFFFF500FFFFFFA2
:10DB5000FFF91000000001AFFFFF9000FFFFCFFFB3
:10DB6000FFFA5100149FFFFFFC0000FFFF0BFFFFB7
:10DB7000FFFFFFFFFFFFFFB00000FFFF006FFFFF91
:10DB8000FFFFFFFFFFF8000000FFFF10019FFFFFF6
:10DB9000FFFFFFFC30000000FFFF1000016BFFFFE4
:10DBA000FFD93000000000DFFE100000000243211A
:10DBB000000000000000000000000000283000000D
:10DBC0000000002EFE00000000002EFFF00000000C
:10DBD000002EFFFF000000002EFFFFF00000002ECF
:10DBE000FFFFFF8EFFFFFFFFFFFFFFFFFFFFFFFFB6
:10DBF000FFFFFFFFFFFFFFFFFFFFFFFFFFFFFFFF35
:10DC0000FFFFFFFFFFFFFFFFFFFFFFFFFFFFFFFF24
:10DC1000FFFFFFFFFFFFFFFFFFFFFFFFFFFFFFFF14
:10DC2000FFFFFFFFFFFFFFFFFFFFFFFFFFFFCFFF34
:10DC3000FFFFFFFFFFF04444447FFFFFFF000000B1
:10DC4000006FFFFFF0000000006FFFFF000000000A
:10DC5000006FFFF000000000006FFF0000000000F8
:10DC6000006D7000000000000000000000000000D7
:10DC700028300000000000000000002EFE00000020
:10DC80000000000000002EFFF00000000000000077
:10DC9000002EFFFF00000000000000002EFFFFF03C
:10DCA000000000000000002EFFFFFF000000008EBB
:10DCB000FFFFFFFFFFFFF00000000FFFFFFFFFFF70
:10DCC000FFFF0009C400FFFFFFFFFFFFFFF002FF9F
:10DCD000F40FFFFFFFFFFFFFFF000BFFE0FFFFFF61
:10DCE000FFFFFFFFF0000AFF5FFFFFFFFFFFFFFFE7
:10DCF00000004FF8FFFFFFFFFFFFFFF00005FF7F71
:10DD0000FFFFFFFFFFFFFF0002EFF3FFFFFFFFFF3B
:10DD1000FFFFF001EFFB0FFFFFFFFFFFFFFF001F03
:10DD2000FD10CFFFFFFFFFFFFFF00036000044446F
:10DD3000447FFFFFFF00000000000000006FFFFFB6
:10DD4000F000000000000000006FFFFF0000000076
:10DD500000000000006FFFF0000000000000000065
:10DD6000006FFF000000000000000000006D700068
:10DD700000000000000000000000000000000000A3
:10DD8000000000000000000000000400000000008F
:10DD90000000000000000000000000CFD2000000E2
:10DDA000000000000000000000000000DFFF400055
:10DDB000000000000000002830000000002DFFF5EA
:10DDC0000000000000000002EFE00000000000AFD3
:10DDD000FF200000000000002EFFF0000004920071
:10DDE0000BFFD0000000000002EFFFF000000FFF6B
:10DDF0005000DFF700000000002EFFFFF000000CD5
:10DE0000FFF5003FFF1000000002EFFFFFF00000F1
:10DE100000AFFF2009FF708EFFFFFFFFFFFFF00044
:10DE200000000AFFC002FFD0FFFFFFFFFFFFFFF06F
:10DE300000AD4000EFF400CFF2FFFFFFFFFFFFFF58
:10DE4000F002FFF5006FF9007FF6FFFFFFFFFFFF15
:10DE5000FFF000AFFF000FFE004FF9FFFFFFFFFFD5
:10DE6000FFFFF0000AFF600CFF002FFAFFFFFFFF2B
:10DE7000FFFFFFF00004FF800BFF101FFBFFFFFF01
:10DE8000FFFFFFFFF00006FF700CFF102FFBFFFFEE
:10DE9000FFFFFFFFFFF0003EFF300EFF003FFAFFE5
:10DEA000FFFFFFFFFFFFF001FFFB003FFC006FF7EC
:10DEB000FFFFFFFFFFFFFFF001FFC100AFF700AF63
:10DEC000F4CFFFFFFFFFFFFFF000350004FFF1007C
:10DED000EFF004444447FFFFFFF00000003FFF70F5
:10DEE00006FFB0000000006FFFFFF0000006FFFC1F
:10DEF000000DFF400000000006FFFFF000000FFFD4
:10DF0000C1008FFC0000000000006FFFF000000C5B
:10DF1000F90004FFF300000000000006FFF000001D
:10DF20000010003FFF80000000000000006D700046
:10DF300000000005FFFB00000000000000000000E2
:10DF4000000000008FFFC000000000000000000083
:10DF50000000000000EFFA000000000000000000D8
:10DF60000000000000005C600000000045555555B1
:10DF7000555555555555555554003EFFFFFFFFFF6C
:10DF8000FFFFFFFFFFFFFFFFE3CFFFFFFFFFFFFFED
:10DF9000FFFFFFFFFFFFFFFCFFFFFFFFFFFFFFFF94
:10DFA000FFFFFFFFFFFFFFFFFFB202AFFFFFFFFF1B
:10DFB000FFFFFFFFFFFFFFFC00000BFFFFFFFFFF66
:10DFC000FFFFFFFFFFFFF6000004FFFFFFFFFFFF63
:10DFD000FFFFFFFFFFF5000003FFFFFFFFFF6DFFE7
:10DFE000FFFFFFFFFA000008FFFFFFFFF301DFFF65
:10DFF000FFFFFFFF70005FFFFFFFFF30001DFFFF0F
:10E00000FFFFFFFDBDFFFFFFFFF3000001DFFFFF8C
:10E01000FFFFFFFFFFFFFFFF300000001DFFFFFFBE
:10E02000FFFFFA1CFFFFF30000000001EFFFFFFFFE
:10E03000FFA000CFFF300000000000CFFFFFFFFA7D
:10E0400000000CF3000000000000CFFFFFFFA00065
:10E05000000030000000000000CFFFFFFD000000C6
:10E060000000000000000000CFFFFFFC00000000E7
:10E0700000000000000000CFFFFFFC0000000000D7
:10E08000000000000000CFFFFFFFCCCCCCCCCCCCFC
:10E09000CCCCCCCCCCFFFFFFFFFFFFFFFFFFFFFF8F
:10E0A000FFFFFFFFFFFFAFFFFFFFFFFFFFFFFFFFD0
:10E0B000FFFFFFFFF90AFFFFFFFFFFFFFFFFFFFF6B
:10E0C000FFFFFF9000000000013000000000000092
:10E0D000000001EFC000000000000000008FFF40C2
:10E0E000000000000000000DFFFA0000000000002A
:10E0F0000003FFFFF000000000000000AFFFFF7012
:10E100000000000000002FFFFFFE000000000000E4
:10E110000AFFFFFFF7000000000003FFFFFFFFE121
:10E120000000000000CFFFFFFFFF90000000007F15
:10E13000FFFFFFFFFF400000003FFFFFFFFFFFFE6C
:10E140001000000DFFFFFFFFFFFFFB000009FFFFB6
:10E15000FFFFFFFFFFF60003FFFFFFFFFFFFFFFFD3
:10E16000F100CFFFFFFFFFFFFFFFFF803FFFFFFF3B
:10E17000FFFFFFFFFFFF08FFFFFFFFFFFFFFFFFFA6
:10E18000F4CFFFFFFFFFFFFFFFFFFF8EFFF9CFFF81
:10E19000FFFFFFFFFFFAFFFC03FFFFFFFFFFFFFF93
:10E1A000BEFFD01FFFFFFFFFFFFFFACFFF10BFFF33
:10E1B000FFFFFFFFFF87FFF802EFFFFFFFFFFFF307
:10E1C0002FFFF402AFFFFFFFFFFE009FFFF40002EE
:10E1D000DFFFFFFF5001EFFFFB410CFFFFFFB0002F
:10E1E00002EFFFFFFFFFFFFFD0000002DFFFFFFF96
:10E1F000FFFFB0000000008FFFFFFFFE6000000087
:10E200000000059ABA8300000000044430000000BA
:10E21000000004103FFFF00000000001DFF24FFF9C
:10E22000F0000000002EFFF74FFFF000000003EFAA
:10E23000FFF84FFFF00000004FFFFFF84FFFF00026
:10E240000005FFFFFFF84FFFF000006FFFFFFFF832
:10E250004FFFF00007FFFFFFFFF84FFFF0008FFFB9
:10E26000FFFFFFF84FFFF009FFFFFFFFFFF84FFF31
:10E27000F0AFFFFFFFFFFFF84FFFFBFFFFFFFFFFC8
:10E28000FFF84FFFFFFFFFFFFFFFFFF84FFFFFFF0C
:10E29000FFFFFFFFFFF84FFFFFFFFFFFFFFFFFF84C
:10E2A0004FFFFFFFFFFFFFFFFFF84FFFF7FFFFFFED
:10E2B000FFFFFFF84FFFF06FFFFFFFFFFFF84FFF7B
:10E2C000F005FFFFFFFFFFF84FFFF0004FFFFFFFDC
:10E2D000FFF84FFFF00003EFFFFFFFF84FFFF000E4
:10E2E000002EFFFFFFF84FFFF0000001DFFFFFF8F7
:10E2F0004FFFF00000001CFFFFF84FFFF000000090
:10E3000000BFFFF84FFFF0000000000AFFF62EFFED
:10E31000C000000000008FB00000000000000000FE
:10E3200000000032000000000000000000000003B8
:10E33000EFFA1000000000000000000000CFFFFF17
:10E34000700000000000000000000FFFFFFFD4007D
:10E350000000000000000000FFFFFFFFFB200000A6
:10E3600000000000000FFFFFFFFFFF800000000023
:10E37000000000FFFFFFFFFFFFE5000000000000BE
:10E380000FFFFFFFFFFFFFFC200000000000FFFF6A
:10E39000FFFFFFFFFFFF91000000000FFFFFFFFFE7
:10E3A000FFFFFFFFE600000000FFFFFFFFFFFFFF92
:10E3B000FFFFFC3000000FFFFFFFFFFFFFFFFFFF2D
:10E3C000FFA10000FFFFFFFFFFFFFFFFFFFFFFF7C1
:10E3D000000FFFFFFFFFFFFFFFFFFFFFFFFD20FF1D
:10E3E000FFFFFFFFFFFFFFFFFFFFFFFE0FFFFFFF2E
:10E3F000FFFFFFFFFFFFFFFFFFF3FFFFFFFFFFFF39
:10E40000FFFFFFFFFFFFFF1FFFFFFFFFFFFFFFFFFC
:10E41000FFFFFFFF90FFFFFFFFFFFFFFFFFFFFFF7B
:10E42000FE500FFFFFFFFFFFFFFFFFFFFFF80000A1
:10E43000FFFFFFFFFFFFFFFFFFFFB200000FFFFF27
:10E44000FFFFFFFFFFFFFD50000000FFFFFFFFFF8A
:10E45000FFFFFFF7000000000FFFFFFFFFFFFFFFC0
:10E46000A10000000000FFFFFFFFFFFFFD400000D4
:10E470000000000FFFFFFFFFFFF70000000000009B
:10E4800000FFFFFFFFFFA1000000000000000FFFE2
:10E49000FFFFFC300000000000000000EFFFFFE67F
:10E4A00000000000000000000008FFFF91000000D5
:10E4B0000000000000000005BA200000000000007D
:10E4C000000000000000000000000000000000004C
:10E4D000000000344444410000000344444410025E
:10E4E000EFFFFFFFF500002EFFFFFFFF50CFFFFF04
:10E4F000FFFFF0000CFFFFFFFFFF0FFFFFFFFFFF1D
:10E500003000FFFFFFFFFFF3FFFFFFFFFFF4000FEF
:10E51000FFFFFFFFFF4FFFFFFFFFFF4000FFFFFF79
:10E52000FFFFF4FFFFFFFFFFF4000FFFFFFFFFFF00
:10E530004FFFFFFFFFFF4000FFFFFFFFFFF4FFFF64
:10E54000FFFFFFF4000FFFFFFFFFFF4FFFFFFFFF85
:10E55000FF4000FFFFFFFFFFF4FFFFFFFFFFF4009E
:10E560000FFFFFFFFFFF4FFFFFFFFFFF4000FFFF19
:10E57000FFFFFFF4FFFFFFFFFFF4000FFFFFFFFFB0
:10E58000FF4FFFFFFFFFFF4000FFFFFFFFFFF4FF14
:10E59000FFFFFFFFF4000FFFFFFFFFFF4FFFFFFF35
:10E5A000FFFF4000FFFFFFFFFFF4FFFFFFFFFFF44F
:10E5B000000FFFFFFFFFFF4FFFFFFFFFFF4000FFC8
:10E5C000FFFFFFFFF4FFFFFFFFFFF4000FFFFFFF60
:10E5D000FFFF4FFFFFFFFFFF4000FFFFFFFFFFF4C4
:10E5E000FFFFFFFFFFF4000FFFFFFFFFFF4FFFFFE5
:10E5F000FFFFFF4000FFFFFFFFFFF4FFFFFFFFFFF4
:10E60000F4000FFFFFFFFFFF4FFFFFFFFFFF400082
:10E61000FFFFFFFFFFF4EFFFFFFFFFF2000EFFFF22
:10E62000FFFFFF29FFFFFFFFFD00009FFFFFFFFF30
:10E63000D009EFFFFFEB2000009EFFFFFEB20000BD
:10E6400034444444444444444444441002EFFFFFEF
:10E65000FFFFFFFFFFFFFFFFFF50CFFFFFFFFFFFA9
:10E66000FFFFFFFFFFFFFF0FFFFFFFFFFFFFFFFFAA
:10E67000FFFFFFFFF3FFFFFFFFFFFFFFFFFFFFFFB6
:10E68000FFFF4FFFFFFFFFFFFFFFFFFFFFFFFFF455
:10E69000FFFFFFFFFFFFFFFFFFFFFFFFFF4FFFFF3A
:10E6A000FFFFFFFFFFFFFFFFFFFFF4FFFFFFFFFF85
:10E6B000FFFFFFFFFFFFFFFF4FFFFFFFFFFFFFFF1A
:10E6C000FFFFFFFFFFF4FFFFFFFFFFFFFFFFFFFF65
:10E6D000FFFFFF4FFFFFFFFFFFFFFFFFFFFFFFFFFA
:10E6E000F4FFFFFFFFFFFFFFFFFFFFFFFFFF4FFFF5
:10E6F000FFFFFFFFFFFFFFFFFFFFFFF4FFFFFFFF35
:10E70000FFFFFFFFFFFFFFFFFF4FFFFFFFFFFFFFC9
:10E71000FFFFFFFFFFFFF4FFFFFFFFFFFFFFFFFF14
:10E72000FFFFFFFF4FFFFFFFFFFFFFFFFFFFFFFFA9
:10E73000FFF4FFFFFFFFFFFFFFFFFFFFFFFFFF4FA4
:10E74000FFFFFFFFFFFFFFFFFFFFFFFFF4FFFFFFE4
:10E75000FFFFFFFFFFFFFFFFFFFF4FFFFFFFFFFF79
:10E76000FFFFFFFFFFFFFFF4FFFFFFFFFFFFFFFFC4
:10E77000FFFFFFFFFF4FFFFFFFFFFFFFFFFFFFFF59
:10E78000FFFFF4EFFFFFFFFFFFFFFFFFFFFFFFFFB4
:10E7900029FFFFFFFFFFFFFFFFFFFFFFFFD009EF94
:10E7A000FFFFFFFFFFFFFFFFFFFEB2000140000081
:10E7B0000000000244402EFD20000000000EFFF487
:10E7C0006FFFE3000000000EFFF47FFFFF4000003A
:10E7D000000EFFF47FFFFFF50000000EFFF47FFF47
:10E7E000FFFF6000000EFFF47FFFFFFFF700000E49
:10E7F000FFF47FFFFFFFFF80000EFFF47FFFFFFFAE
:10E80000FFF9000EFFF47FFFFFFFFFFFB00EFFF4E4
:10E810007FFFFFFFFFFFFC0EFFF47FFFFFFFFFFF07
:10E82000FFDFFFF47FFFFFFFFFFFFFFFFFF47FFF2E
:10E83000FFFFFFFFFFFFFFF47FFFFFFFFFFFFFFF73
:10E84000FFF47FFFFFFFFFFFFFFFFFF47FFFFFFFEE
:10E85000FFFFFF7EFFF47FFFFFFFFFFFF60EFFF4D9
:10E860007FFFFFFFFFFF500EFFF47FFFFFFFFFF46E
:10E87000000EFFF47FFFFFFFFE30000EFFF47FFF6E
:10E88000FFFFE200000EFFF47FFFFFFD1000000E0F
:10E89000FFF47FFFFFC10000000EFFF47FFFFC00CC
:10E8A0000000000EFFF46FFFB0000000000EFFF448
:10E8B0000AF900000000000CFFE200000000000068
:10E8C0000000000000000000000000100000000038
:10E8D00000000000000000008FFB1000000000009E
:10E8E000000000000009FFFFC00000000000000061
:10E8F0000000007FFFFFFB000000000000000000A0
:10E9000006FFFFFFFFA000000000000000005FFF07
:10E91000FFFFFFF90000000000000004FFFFFFFF01
:10E92000FFFF700000000000003FFFFFFFFFFFFF40
:10E93000F6000000000002EFFFFFFFFFFFFFFF50A7
:10E94000000000001EFFFFFFFFFFFFFFFFF40000BD
:10E950000001DFFFFFFFFFFFFFFFFFFF3000000CA4
:10E96000FFFFFFFFFFFFFFFFFFFFE20000BFFFFF12
:10E97000FFFFFFFFFFFFFFFFFE1008FFFFFFFFFF8E
:10E98000FFFFFFFFFFFFFFC00FFFFFFFFFFFFFFFC6
:10E99000FFFFFFFFFFF30EFFFFFFFFFFFFFFFFFF84
:10E9A000FFFFFFF207FFFFFFFFFFFFFFFFFFFFFF7C
:10E9B000FFB0006ABBBBBBBBBBBBBBBBBBBBB80038
:10E9C00000000000000000000000000000000178CE
:10E9D0008888888888888888888888200BFFFFFF37
:10E9E000FFFFFFFFFFFFFFFFFFE10FFFFFFFFFFF45
:10E9F000FFFFFFFFFFFFFFF30FFFFFFFFFFFFFFF23
:10EA0000FFFFFFFFFFF40FFFFFFFFFFFFFFFFFFF11
:10EA1000FFFFFFF40FFFFFFFFFFFFFFFFFFFFFFF01
:10EA2000FFF40EFFFFFFFFFFFFFFFFFFFFFFFFF2FF
:10EA300004DFFFFFFFFFFFFFFFFFFFFFFE7000008F
:10EA40000000000000000000000000000AF70000C5
:10EA5000000000000AFFF800000000000AFFFFF1BC
:10EA6000000000000AFFFFFD000000000AFFFFFD9C
:10EA7000100000000AFFFFFD100000000AFFFFFD6C
:10EA8000100000000AFFFFFD100000000AFFFFFD5C
:10EA9000100000000AFFFFFD100000000AFFFFFD4C
:10EAA000100000000AFFFFFD1000000005FFFFFE40
:10EAB00010000000002FFFFFF600000000003FFFE5
:10EAC000FFF600000000003FFFFFF600000000001E
:10EAD0003FFFFFF600000000003FFFFFF6000000D0
:10EAE00000003FFFFFF600000000003FFFFFF600C0
:10EAF000000000003FFFFFF600000000003FFFFFA6
:10EB0000F600000000003FFFFFF100000000003FA2
:10EB1000FFFD0000000000003FFE2000000000009C
:10EB2000002710000000000000000000000BF600AD
:10EB300000000000000BFFF7000000000005FFFFD1
:10EB4000F700000000002FFFFFF700000000003F6B
:10EB5000FFFFF700000000003FFFFFF7000000008C
:10EB6000003FFFFFF700000000003FFFFFF700003D
:10EB70000000003FFFFFF700000000003FFFFFF72D
:10EB800000000000003FFFFFF700000000003FFF13
:10EB9000FFF700000000003FFFFFF1000000000A47
:10EBA000FFFFFD000000000AFFFFFD100000000A4B
:10EBB000FFFFFD100000000AFFFFFD100000000A2B
:10EBC000FFFFFD100000000AFFFFFD100000000A1B
:10EBD000FFFFFD100000000AFFFFFD100000000A0B
:10EBE000FFFFFD1000000005FFFFFD10000000000A
:10EBF0002FFFFD1000000000004FFD10000000007E
:10EC000000003710000000000000000000000003BA
:10EC100056400000000000000000000005FFFF90CB
:10EC200000000000000000000000AFFFFE00000038
:10EC3000000000000000000BFFFFF00000000000DB
:10EC40000000000000BFFFFF000000000000000007
:10EC500000000BFFFFF000000000000000000000BB
:10EC6000BFFFFF000000000000000000000BFFFFDE
:10EC7000F000000000000000000000BFFFFF0000E7
:10EC800000000000000000000BFFFFF0000000008B
:10EC9000000011111111BFFFFF111111110006FF2A
:10ECA000FFFFFFFFFFFFFFFFFFFFFF90EFFFFFFFF3
:10ECB000FFFFFFFFFFFFFFFFFF2FFFFFFFFFFFFF34
:10ECC000FFFFFFFFFFFFF4FFFFFFFFFFFFFFFFFF5F
:10ECD000FFFFFFFF3CFFFFFFFFFFFFFFFFFFFFFF07
:10ECE000FFE11799999999DFFFFF99999999820006
:10ECF000000000000BFFFFF000000000000000001B
:10ED00000000BFFFFF000000000000000000000B3B
:10ED1000FFFFF000000000000000000000BFFFFF48
:10ED2000000000000000000000000BFFFFF00000EA
:10ED30000000000000000000BFFFFF000000000016
:10ED400000000000000BFFFFF000000000000000CA
:10ED5000000000BFFFFF00000000000000000000F6
:10ED600009FFFFD0000000000000000000001BDED3
:10ED7000C3000000000000000000000000000000D0
:10ED80000000000005FFFFFFFFFFFFFFFFFFFFFF89
:10ED9000FF90EFFFFFFFFFFFFFFFFFFFFFFFFF2FD2
:10EDA000FFFFFFFFFFFFFFFFFFFFFFFFF4FFFFFF7E
:10EDB000FFFFFFFFFFFFFFFFFFFF3CFFFFFFFFFF26
:10EDC000FFFFFFFFFFFFFFF1179999999999999913
:10EDD0009999999982000000000000001589AA877E
:10EDE0004100000000000000000000017DFFFFFF67
:10EDF000FFFFC60000000000000000019FFFFFFFB2
:10EE0000FFFFFFFFE7000000000000005FFFFFFDC5
:10EE1000842349EFFFFFD300000000000AFFFFFF3B
:10EE20005000000008FFFFFF7000000000BFFFFF60
:10EE3000E200000000005FFFFFF80000000CFFFF91
:10EE4000FF300005DD930006FFFFFF900000AFFFDD
:10EE5000FFF8000002FFFF8000CFFFFFF60006FF73
:10EE6000FFFFF0000002FFFFF6004FFFFFFF301F23
:10EE7000FFFFFFB0000009FFFFFF100FFFFFFFC003
:10EE8000AFFFFFFF8005449FFFFFFF500CFFFFFF18
:10EE9000F6FFFFFFFF700BFFFFFFFFFF700BFFFF91
:10EEA000FFFBCFFFFFFF800BFFFFFFFFFF600CFFAB
:10EEB000FFFFF83FFFFFFFA007FFFFFFFFFF200E50
:10EEC000FFFFFFE109FFFFFFE001EFFFFFFFFB0096
:10EED0002FFFFFFF6000DFFFFFF5004FFFFFFFE1A7
:10EEE000009FFFFFFA00002EFFFFFD0003DFFFFB86
:10EEF0001003FFFFFFD0000003FFFFFFB00002552B
:10EF000010001EFFFFFD100000002DFFFFFC100091
:10EF1000000003EFFFFFC10000000000AFFFFFF89B
:10EF2000200003AFFFFFF800000000000005DFFF36
:10EF3000FFFFDDFFFFFFFC300000000000000005C8
:10EF4000CFFFFFFFFFFFFB500000000000000000AC
:10EF500000027ADEFFEC9610000000000003400083
:10EF600000000000000000000000000000000000A1
:10EF70002FF9000000000000000000000000000069
:10EF8000000000DFFFC100000000000000000000E2
:10EF9000000000000000CFFFFE4000000000000065
:10EFA0000000000000000000000AFFFFF700000062
:10EFB0000479A9873000000000000000006FFFFF07
:10EFC000B1028CFFFFFFFFFFB50000000000000052
:10EFD00003EFFFFDAFFFFFFFFFFFFFFFE5000000B6
:10EFE000000000001BFFFFFFFFFE942359FFFFFFFF
:10EFF000C2000000000000008FFFFFFF6000000063
:10F000001AFFFFFF5000000000000004FFFFFC108B
:10F01000000000007FFFFFF6000000000000002D50
:10F02000FFFFE306DC920009FFFFFF600000000025
:10F03000200000AFFFFF54FFFF6000EFFFFFF40070
:10F04000000006F5000006FFFFFCFFFFF5006FFF64
:10F05000FFFE1000002FFF9000003EFFFFFFFFFEAD
:10F06000001FFFFFFFA00000BFFFFC100001BFFF5B
:10F07000FFFFFF300EFFFFFFF40001FFFFFFE40082
:10F080000008FFFFFFFF500DFFFFFFF90000EFFF3B
:10F09000FFFF5000004FFFFFFF400EFFFFFFF60095
:10F0A000006FFFFFFF90000002DFFFFF400FFFFF38
:10F0B000FFD000000CFFFFFFD00000000AFFFFF6AA
:10F0C0005FFFFFFF30000002EFFFFFF400000000D1
:10F0D0006FFFFFFFFFFFF7000000004FFFFFFC0086
:10F0E00000000003EFFFFFFFFFA00000000005FF8E
:10F0F000FFFFA0000000001BFFFFFFFB000000005F
:10F1000000004FFFFFFB10000000008FFFFFE0003A
:10F11000000000000002CFFFFFE71000000004FF26
:10F12000FFFB1000000000000007EFFFFFFEDEC144
:10F1300000002DFFFFE30000000000000017DFFFCC
:10F14000FFFFFE400000AFFFFF6000000000000076
:10F1500000037BDEFFEC80000006FFFFFA000000EA
:10F16000000000000000000000000000003EFFFF63
:10F17000D2000000000000000000000000000000BD
:10F1800001BFFFF6000000000000000000000000CA
:10F190000000000008FFD000000000000000000098
:10F1A00000000000000000004A20000000000000F5
:10F1B000000003200000000000000000000000002C
:10F1C00000000002DFFB0000000000000000000063
:10F1D00000000000000CFFFF8000000000000000A5
:10F1E000000000000000005FFFFFF20000000000D0
:10F1F000000000000000000000EFFFFFFB00000027
:10F200000000000000000000000008FFFFFFFF40BA
:10F210000000000000000000000000001FFFFFFFD2
:10F22000FFD0000000000000000000000000AFFF61
:10F23000FFFFFFF6000000000000000000000003D8
:10F24000FFFFFFFFFFFE10000000000000000000B5
:10F25000000CFFFFFFFFFFFF900000000000000018
:10F260000000006FFFFFFFFFFFFFF2000000000043
:10F270000000000000EFFFF71111BFFFFB000000CE
:10F2800000000000000008FFFFF500009FFFFF40A6
:10F2900000000000000000002FFFFFF60000AFFF9D
:10F2A000FFD00000000000000000AFFFFFF70000EB
:10F2B000BFFFFFF70000000000000004FFFFFFF8A1
:10F2C0000000CFFFFFFF100000000000000DFFFF57
:10F2D000FFF90000DFFFFFFF900000000000006F5B
:10F2E000FFFFFFFA0000EFFFFFFFF2000000000049
:10F2F00001EFFFFFFFFB0000FFFFFFFFFB0000002F
:10F30000000008FFFFFFFFFC0000FFFFFFFFFF50B2
:10F31000000000002FFFFFFFFFFFDCCDFFFFFFFF1E
:10F32000FFD000000000BFFFFFFFFFFFB56DFFFF34
:10F33000FFFFFFF700000004FFFFFFFFFFFB0001DE
:10F34000EFFFFFFFFFFF1000000DFFFFFFFFFFF4C7
:10F3500000008FFFFFFFFFFF9000007FFFFFFFFF18
:10F36000FFF400007FFFFFFFFFFFF30001EFFFFF4F
:10F37000FFFFFFF90000CFFFFFFFFFFFFC0009FFC9
:10F38000FFFFFFFFFFFF812AFFFFFFFFFFFFFF508F
:10F390000FFFFFFFFFFFFFFFFFFFFFFFFFFFFFFF6D
:10F3A000FFB00FFFFFFFFFFFFFFFFFFFFFFFFFFFAC
:10F3B000FFFFFFA008FFFFFFFFFFFFFFFFFFFFFFB3
:10F3C000FFFFFFFFFF40007CDDDDDDDDDDDDDDDD9E
:10F3D000DDDDDDDDDDDDC50000000000000000003A
:10F3E00000000003300000000000000000000000EA
:10F3F00000005FF6000000000000000000000000B8
:10F40000007FFF600000000000000000000000001E
:10F410008FFFF6008AAAAAA700000000005AAADF00
:10F42000FFFF60FFFFFFFF9000000005FFFFFFFFF1
:10F43000FFF6FFFFFFFFF80000004FFFFFFFFFFF99
:10F44000FFFFFFFFFFFF700003FFFFFFFFFFFFFB5A
:10F45000EFFFFFFFFFF6003FFFFFFFFFFFFFC000D2
:10F460000001DFFFF502EFFFFF408FFFFC0000000F
:10F47000001EFF701EFFFFF4008FFFC000000000A1
:10F4800002E801DFFFFF50007FFC000000000000E9
:10F49000101DFFFFF600001A9000000000000000A1
:10F4A000CFFFFF70000000000000000000000BFF15
:10F4B000FFF80000000330000000000000AFFFFF75
:10F4C000901A10005FF600000000000AFFFFFA002B
:10F4D000CFD1007FFF60000000009FFFFFB00BFF57
:10F4E000FC008FFFF6008AAAABFFFFFB005FFFFF67
:10F4F000CADFFFFF60FFFFFFFFFFC00009FFFFFF44
:10F50000FFFFFFF6FFFFFFFFFD100000AFFFFFFF53
:10F51000FFFFFFFFFFFFFFD10000000BFFFFFFFF1A
:10F52000FFFBEFFFFFFD2000000000BFFFFFFFFF1C
:10F53000C000000000000000000000008FFFFC0081
:10F5400000000000000000000000008FFFC000006D
:10F55000000000000000000000007FFC0000000030
:10F560000000000000000000001A900000000000F1
:10F57000000000000000000000000000000000008B
:10F58000000000000000000000000000000001DE9C
:10F5900030000000000000000000001DFFF300002C
:10F5A0000000000000000001DFFFFF30000000004D
:10F5B000000000001DFFFFFFF3000000000000003E
:10F5C00001DFFFFFFFFF300000000000001DFFFF14
:10F5D000FFFFFFF3000000000001DFFFFFA6FFFFB9
:10F5E000FF30000000001DFFFFFA006FFFFFF30077
:10F5F000000001DFFFFFA00006FFFFFF3000001D3D
:10F60000FFFFFA0000006FFFFFF30001DFFFFFA024
:10F6100000000006FFFFFF301DFFFFFA00000000A2
:10F62000006FFFFFF39FFFFFA0000000000006FF38
:10F63000FFFD6FFFFA000000000000006FFFFA08F6
:10F64000FFA00000000000000006FFB00056000010
:10F650000000000000000046000000000000000064
:10F6600000000000000002DE30000000000000008A
:10F6700001CE401EFFF3000000000000001DFFF45B
:10F680009FFFFF30000000000001DFFFFD5FFFFF74
:10F69000F300000000001DFFFFF907FFFFFF30002F
:10F6A000000001DFFFFFA0007FFFFFF30000001D4F
:10F6B000FFFFFA000007FFFFFF300001DFFFFFA0A0
:10F6C0000000007FFFFFF3001DFFFFFA00000000B5
:10F6D00007FFFFFF31DFFFFFA000000000007FFFFA
:10F6E000FFFDFFFFFA00000000000007FFFFFFFF23
:10F6F000FFA0000000000000007FFFFFFFFA0000F5
:10F7000000000000000007FFFFFFA0000000000055
:10F71000000000007FFFFA00000000000000000071
:10F720000007FFA0000000000000000000000056DD
:10F730000000000000000000002A7000000000002F
:10F74000000000000000000000000003EFF90000CE
:10F7500000000000000000000000000000003EFF6C
:10F76000FF900005ABBBBBBBBBBBBBB50000000043
:10F7700003EFFFFFF9000FFFFFFFFFFFFFFFFF0099
:10F780000000003FFFFFFFFF900BFFFFFFFFFFFFA9
:10F79000FFFF10000003FFFFFFFFFFF900BFFFFFA7
:10F7A000FFFFFFFFFF1000003FFFFEFFFEFFFF9087
:10F7B000000000000000AFFF1000008FFFE4FFF921
:10F7C0009FFFF0000000000000AFFF1000003FFEB0
:10F7D00022FFF90AFF90000000000000AFFF1000B8
:10F7E00000038202FFF9007600000000000000AF75
:10F7F000FF100000000002FFF90000000000000000
:10F800000000AFFF100000000002FFF90000000040
:10F810000000000000AFFF100000000002FFF90030
:10F820000000000000000000AFFF10000000000218
:10F83000FFF9000000000000001100AFFF100200FF
:10F84000000002FFF900000000000006FF40AFFFCB
:10F8500010CFB0000002FFF90000000000000FFF11
:10F86000F3AFFF1CFFF7000002FFF90000000000EB
:10F87000000DFFFFDFFFCFFFF4000002FFFEBBBB68
:10F88000BBBBBBB502EFFFFFFFFFFF70000002FF35
:10F89000FFFFFFFFFFFFFF602EFFFFFFFFF70000EE
:10F8A0000002FFFFFFFFFFFFFFFFE002EFFFFFFF90
:10F8B0006000000000CFFFFFFFFFFFFFFF80002E72
:10F8C000FFFFF60000000000000000000000000044
:10F8D000000002DFFF6000000000000000000000E8
:10F8E0000000000000001DF6000000000000000005
:10F8F000000000000000000000000000000002689E
:10F90000888888883000000000000000004FFFFF5A
:10F91000FFFFFFF30000000000000000DFFFFFFF1B
:10F92000FFFFFF3000000000000000FFFFFFFFFFAF
:10F93000FFFFF300000000000000FFFFFFFFFFFFDC
:10F94000FFFFCCCCCCCCCCCA50FFFFFFFFFFFFFFAA
:10F95000FFFFFFFFFFFFFFF7FFFFFFFFFFFFFFFFBF
:10F96000FFFFFFFFFFFFFEFFFFFFFFFFFFFFFFFFA8
:10F97000FFFFFFFFFFFFFFFFFFFFFFFFFFFFFFFF97
:10F98000FFFFFFFFFFFFFFFFFFFFFFFFFFFFFFFF87
:10F99000FFFFFFFFFFFFFFFFFFFFFFFFFFFFFFFF77
:10F9A000FFFFFFFFFFFFFFFFFFFFFFFFFFFFFFFF67
:10F9B000FFFFFFFFFFFFFFFFFFFFFFFFFFFFFFFF57
:10F9C000FFFFFFFFFFFFFFFFFFFFFFFFFFFFFFFF47
:10F9D000FFFFFFFFFFFFFFFFFFFFFFFFFFFFFFFF37
:10F9E000FFFFFFFFFFFFFFFFFFFFFFFFFFFFFFFF27
:10F9F000FFFFFFFFFFFFFFFFFFFFFFFFFFFFFFFF17
:10FA0000FFFFFFFFFFFFFFFFFFFFFFFFFFFFFFFF06
:10FA1000FFFFFFFFFFFFFFFFFFFFFFFFFFFFFFFFF6
:10FA2000FFFFFFFFFFFFFFFFFFFFFFFFFFFFFFFFE6
:10FA3000FFFFFFFFFFFFFFFFFEAFFFFFFFFFFFFF27
:10FA4000FFFFFFFFFFFFFFF90AFFFFFFFFFFFFFFC1
:10FA5000FFFFFFFFFFFF900000000000000000001C
:10FA600000000000000000000000000003EC100097
:10FA700000000000000000000000003FFFC1000087
:10FA800000000000000000000003FFFFFC10000069
:10FA900000000000000000003FFFFFFFC100000069
:10FAA00000000000000003FFFFFFFFFC100000004B
:10FAB00000000000003FFFFFFFFFFFC1000000004B
:10FAC00000000003FFFFFFFFFFFFFC10000000002D
:10FAD00000003FFFFFFFFFFFFFFFC100000000002D
:10FAE00003FFFFFFFFFFFFFFFFFC10000000001FF0
:10FAF000FFFFFFFFFFFFFFFFFFB0000000001FFF41
:10FB0000FFFFFFFFFFFFFFFFA000000000013333F6
:10FB10003EFFFFFFA3333200000000000000000E94
:10FB2000FFFFFF90000000000000000000000EFF3B
:10FB3000FFFF90000000000000000000000EFFFF2B
:10FB4000FF90000000000000000000000EFFFFFF1B
:10FB500090000000000000000000000EFFFFFF907A
:10FB6000000000000000000000000EFFFFFF9000FA
:10FB70000000000000000000000EFFFFFF900000EA
:10FB800000000000000000000EFFFFFF90000000DA
:10FB9000000026777777720EFFFFFF902777777741
:10FBA00062DFFFFFFFF70BFFFFFF607FFFFFFFFD3F
:10FBB000FFFFFFFFFD0045555300DFFFFFFFFFFF85
:10FBC000FFFFFFFFB20000002CFFFFFFFFFFFFFF62
:10FBD000FFFFFFFFFFFFFFFFFFFFFFFFFFFFFFFF35
:10FBE000FFFFFFFFFFFFFFFFFFFFFFFFFFFFFFFF25
:10FBF000FFFFFFFFFFFF908F60BFFFFFFFFFFFFFD3
:10FC0000FFFFFFFFFF908F60BFFFFFFFFFFFFFFFC2
:10FC1000FFFFFFFFFFFFFFFFFF5ABBBBBBBBBBBB31
:10FC2000BBBBBBBBBBBBBBA5000000000000000012
:10FC300000000003000000000000000000000000C1
:10FC400000000BFFC8510000000000000000000091
:10FC50000002FFFFFFFD7000000000000000000038
:10FC6000009FFFFFFFFF00000000000000000000F9
:10FC70001FFFFFFFFFF00000000000000000000772
:10FC8000FFFFFFFFFE00000000000000000000EF8B
:10FC9000FFFFFFFFD00000000000000000005FFF3A
:10FCA000FFFFFFFB0000000000000000000AFFFF54
:10FCB000FFFFFF900000000000000000006FFFFF4A
:10FCC000FFFFF5000000000000000000005FFFFFE4
:10FCD000FFFF20000000000000000000003EFFFFCA
:10FCE000FFE000000000000000000000001EFFFF19
:10FCF000F8000000000000000000000001FFFFFF0E
:10FD0000200000000000000000000000AFFFFFC066
:10FD100000000000000000000000004FFFFFF400A2
:10FD2000000000000000000000001EFFFFFC0000BB
:10FD30000000000000000000000BFFFFFF3000008B
:10FD400000000000000000000AFFFFFF800000002C
:10FD500000017DD10000000AFFFFFFC0000000008D
:10FD600029FFFFC000001CFFFFFFE200000005BFED
:10FD7000FFFFFFA0005EFFFFFFF30000000BFFFF8F
:10FD8000FFFFFF73BFFFFFFFF400000000EFFFFF66
:10FD9000FFFFFFFFFFFFFFF4000000000BFFFFFF6E
:10FDA000FFFFFFFFFFFFE300000000007FFFFFFFFA
:10FDB000FFFFFFFFFFC1000000000004FFFFFFFF87
:10FDC000FFFFFFFF700000000000000FFFFFFFFFBC
:10FDD000FFFFFA2000000000000000CFFFFFFFFF40
:10FDE000FFA2000000000000000008FFFFFFFEB6B9
:10FDF000000000000000000000002ABA9852000035
:10FE000000000000000000000000027983000000F4
:10FE10000000000000000009FFFFFC1000000000CF
:10FE2000028A83000BFFFFFFFD1000000007FFFFA9
:10FE3000F905FFFFFFFFF900000008FFFFFFF2CF09
:10FE4000FFA37FFFF0000008FFFFFFF50FFFE000BA
:10FE5000AFFF200008FFFFFFF500FFFD0009FFF3E3
:10FE60000007FFFFFFF5000DFFF502FFFF1007FF82
:10FE7000FFFFF500007FFFFEFFFFF207FFFFFFF52A
:10FE8000000000DFFFFFFFFFE8FFFFFFF6000000BC
:10FE900002DFFFFFFFFFFFFFFFF600000000007B17
:10FEA000DEFFFFFFFFFFF6000000000000001CFF68
:10FEB000FFFFFFF600000000000000001EFFFFFF34
:10FEC000F8000000000000000009FFFFFFFFE30052
:10FED0000000000000279BFFFFFFFFFFE300000082
:10FEE00000009FFFFFFFFFFFFFFFE200000000BFD9
:10FEF000FFFFFFFFFCFFFFFFE20000005FFFFFFFCF
:10FF0000FFF50BFFFFFFE200000CFFFA37FFFF00D9
:10FF10000BFFFFFFE20000FFFE000AFFF2000BFFF5
:10FF2000FFFFE2000FFFD0009FFF30000BFFFFFF3D
:10FF3000E200DFFF502FFFF100000CFFFFFFE207A0
:10FF4000FFFFEFFFFB0000000CFFFFFFE10DFFFFD5
:10FF5000FFFF200000000CFFFFFD102DFFFFFF4002
:10FF60000000000007CED8000007BDC81000000048
:10FF70000000000000000000000000000000000081
:10FF8000000000000000001DFFFFFFFFFE08C10091
:10FF90000000000005FFFFFFFFFFE08FD100000021
:10FFA00000005FFFFFFFFFFE08FFD100000000051B
:10FFB000FFFFFFFFFFE08FFFD1000000005FFFFFAA
:10FFC000FFFFFE08FFFFD016666405FFFFFFFFFF7F
:10FFD000E05999990DFFFFA05FFFFFFFFFFF200091
:10FFE0000000FFFFFA05FFFFFFFFFFFFDDDDDD1F64
:10FFF000FFFFA05FFFFFFFFFFFFFFFFFF1FFFFFA23
:020000041005E5
:1000000005FFFFFFFFFFFFFFFFFF1FFFFFA05FFFD9
:10001000FFFFFFFFFFFFFFF1FFFFFA05FFFFFFFFFD
:10002000FFFFFFFFFF1FFFFFA05FFFFFFFFFFFFFBF
:10003000FFFFF1FFFFFA05FFFFFFFFFFFFFFFFFFDD
:100040001FFFFFA05FFFFFFFFFFFFFFFFFF1FFFFAD
:10005000FA05FFFFFFFFFFFFFFFFFF1FFFFFA05F8E
:10006000FFFFFFFFFFFFFFFFF1FFFFFA05FFFFFFAD
:10007000FFFFFFFFFFFF1FFFFFA05FFFFFFFFFFF6F
:10008000FFFFFFF1FFFFFA05FFFFFFFFFFFFFFFF8D
:10009000FF1FFFFFA05FFFFFFFFFFFFFFFFFF1FF5D
:1000A000FFFA05FFFFFFFFFFFFFFFFFF1FFFFFA09E
:1000B0005FFFFFFFFFFFFFFFFFF1FFFFFC01DFFF1F
:1000C000FFFFFFFFFFFFFB0FFFFFF300000000003B
:1000D0000000000000FFFFFFE6100000000000002D
:1000E00000000FFFFFFFFFFFFFFFFFFE000000000B
:1000F000FFFFFFFFFFFFFFFFFFE00000000FFFFF1C
:10010000FFFFFFFFFFFFFE000000005BCCCCCCCC6C
:10011000CCCCCCCB400000000003899999999999E7
:1001200099999600000005FFFFFFFFFFFFFFFFFF0B
:10013000FD100000DFFFFFFFFFFFFFFFFFFFFD10CF
:10014000000FFFFFFFFFFFFFFFFFFFFFFD1000FF9E
:10015000FE322222222222227FFFFD100FFFC0004A
:10016000000000000001FFFFFD10FFFC0000000088
:100170000000001FFFFFFC0FFFC000000000000098
:1001800001FFFFFFF4FFFC000000000000001FFF64
:10019000FFFF6FFFC000000000000001FFFFFFF63F
:1001A000FFFC000000000000001FFFFFFF6FFFD1F9
:1001B00000000000000004FFFFFFF6FFFFFFFFFF4D
:1001C000FFFFFFFFFFFFFFFF6FFFFFFFFFFFFFFFCF
:1001D000FFFFFFFFFFF6FFFFFFFFFFFFFFFFFFFF38
:1001E000FFFFFF6FFFFFFFFFFFFCBEFFFFFFFFFFF3
:1001F000F6FFFFFFFFFFC10007FFFFFFFFFF6FFFDD
:10020000FFFFFFE0000008FFFFFFFFF6FFFFFFFF1B
:10021000F80000001FFFFFFFFF6FFFFFFFFF600000
:100220000000FFFFFFFFF6FFFFFFFFF80000001FC9
:10023000FFFFFFFF6FFFFFFFFFE1000009FFFFFF70
:10024000FFF6FFFFFFFFFFD30008FFFFFFFFFF6F79
:10025000FFFFFFFFFFFDDFFFFFFFFFFFF6EFFFFFE9
:10026000FFFFFFFFFFFFFFFFFFFF59FFFFFFFFFF44
:10027000FFFFFFFFFFFFFFE109EFFFFFFFFFFFFFB2
:10028000FFFFFFFFC300CFFFFFFFFFFFFFFFFFFFE9
:10029000FFFFFE1FFFFFFFFFFFFFFFFFFFFFFFFF4F
:1002A000F4FFFFFFFFFFFFFFFFFFFFFFFFFF4FFF19
:1002B000FFFFFFFFFFFFFFFFFFFFFFF32444444466
:1002C00044444444444444444300000000000000CB
:1002D000000000000000000000000000000000001E
:1002E000000000000000000000000000000000000E
:1002F00000000000000000000000000000000002FC
:1003000044444444444444444444444430FFFFFF90
:10031000FFFFFFFFFFFFFFFFFFFF3FFFFFFFFFFFAD
:10032000FFFFFFFFFFFFFFF4FFFFFFFFFFFFFFFFE8
:10033000FFFFFFFFFF4CFFFFFFFFFFFFFFFFFFFF80
:10034000FFFFE100000000000000000000000000CE
:10035000000000000000000000000000000000009D
:10036000000000000000000000000000000000008D
:10037000000000000000000000000000000000007D
:100380000000000000000CFFFFFFFFFFFFFFFFFF6A
:10039000FFFFFFE1FFFFFFFFFFFFFFFFFFFFFFFF8B
:1003A000FF4FFFFFFFFFFFFFFFFFFFFFFFFFF4EF28
:1003B000FFFFFFFFFFFFFFFFFFFFFFFF213333338F
:1003C00033333333333333333320003444444444FE
:1003D0004444444444444443002DFFFFFFFFFFFFD7
:1003E000FFFFFFFFFFFFFFD2CFFFFFFFFFFFFFFF7A
:1003F000FFFFFFFFFFFFFCFFFFFFFFFFFFFFFFFF10
:10040000FFFFFFFFFFFFFFFFFFFFFFFFFFFFFFFFFC
:10041000FFFFFFFFFFAFFFFFFFFFFFFFFFFFFFFF3C
:10042000FFFFFFFA07FFFFFFFFFFFFFFFFFFFFFFD9
:10043000FFFF70004EFFFFFFFFFFFFFFFFFFFFFF0B
:10044000E400C301BFFFFFFFFFFFFFFFFFFFFB1043
:100450005FFF7007FFFFFFFFFFFFFFFFFF7009FF58
:10046000FFFB103EFFFFFFFFFFFFFFE302DFFFFF89
:10047000FFE401BFFFFFFFFFFFFB106FFFFFFFFF68
:10048000FF9006FFFFFFFFFF601AFFFFFFFFFFFF68
:10049000FD202DFFFFFFD203EFFFFFFFFFFFFFFF58
:1004A000F7009FFFF9008FFFFFFFFFFFFFFFFFFF38
:1004B000A00399301BFFFFFFFFFFFFFFFFFFFFFEC1
:1004C000500005EFFFFFFFFFFFFFFFFFFFFFFFFEF5
:1004D000BBEFFFFFFFFFFFFFFFFFFFFFFFFFFFFF80
:1004E000FFFFFFFFFFFFFFFFFFFFFFFFFFFFFFFF1C
:1004F000FFFFFFFFFFFFFFFFFFFFFFFFFFFFFFFF0C
:10050000FFFFFFFFFEAFFFFFFFFFFFFFFFFFFFFF4C
:10051000FFFFFFF91AFFFFFFFFFFFFFFFFFFFFFFD6
:10052000FFFF9000000000000000000000000BFF33
:10053000FFFFFFFB000000002FFFFFFFFFFF000099
:1005400000004FFFFFFFFFFC000000006FFFFFFFF8
:10055000FFF7000000009FFFFFFFFFF20000000018
:10056000BFFFFFFFFFD000000000DFFFFFFFFF80A5
:1005700000000000FFFFFFFFFF3000000001FFFF51
:10058000FFFFFD0000000003FFFFFFFFFEAAAAAA75
:100590009205FFFFFFFFFFFFFFFFFB08FFFFFFFFCD
:1005A000FFFFFFFFF80AFFFFFFFFFFFFFFFFE00C69
:1005B000FFFFFFFFFFFFFFFF600EFFFFFFFFFFFFDB
:1005C000FFFC000FFFFFFFFFFFFFFFF30006CDDD85
:1005D000DDDFFFFFFFA000000000000CFFFFFF10A9
:1005E00000000000000FFFFFF70000000000004FB8
:1005F000FFFFD00000000000007FFFFF5000000060
:10060000000000BFFFFB00000000000000FFFFF241
:1006100000000000000003FFFF9000000000000049
:1006200007FFFE100000000000000AFFF6000000B7
:10063000000000000EFFD0000000000000002FFFAF
:1006400040000000000000005FFB00000000000010
:1006500000001CD10000000000000000001310008A
:1006600000000000000000000001BFFFA00000002B
:1006700000000000156666CFFFFFB666651000003B
:10068000000DFFFFFFF829FFFFFFFC00000000FF47
:10069000FFFFFF001FFFFFFFE00000000FFFFFFF55
:1006A000F829FFFFFFFE00000000FFFFFFFFFFFF34
:1006B000FFFFFFE00000000FFFFFFFFFFFFFFFFF56
:1006C000FE00000000FFFFFFFFF9544444443000E7
:1006D00000000FFFFFFFF500000000000000000019
:1006E000FFFFFFFB01DFFFFFFFE08B00000FFFFFBD
:1006F000FF806FFFFFFFFE08FC0000FFFFFFF80711
:10070000FFFFFFFFE08FFC000FFFFFFF807FFFFF79
:10071000FFFE08FFFC00FFFFFFF807FFFFFFFFE001
:100720008FFFFC0FFFFFFF807FFFFFFFFE05AAAAE0
:10073000A0FFFFFFF807FFFFFFFFF00000000FFF23
:10074000FFFF807FFFFFFFFF82222220FFFFFFF8D5
:1007500007FFFFFFFFFFFFFFFF1FFFFFFF807FFF80
:10076000FFFFFFFFFFFFF1FFFFFFF807FFFFFFFFA6
:10077000FFFFFFFF1FFFFFFF807FFFFFFFFFFFFF68
:10078000FFF1FFFFFFF807FFFFFFFFFFFFFFFF1F66
:10079000FFFFFF807FFFFFFFFFFFFFFFF1DFFFFF96
:1007A000F807FFFFFFFFFFFFFFFF11555555207FA3
:1007B000FFFFFFFFFFFFFFF10000000007FFFFFF4B
:1007C000FFFFFFFFFF10000000007FFFFFFFFFFFA4
:1007D000FFFFF10000000007FFFFFFFFFFFFFFFF2B
:1007E00010000000006FFFFFFFFFFFFFFFF00000A1
:1007F000000001DFFFFFFFFFFFFFF9000000000026
:100800000000120000000000000000000000005F77
:10081000F800000000000000000000000BFFF000E6
:1008200000000000000000000000CFFF00000000FA
:1008300000000000000029EFFFFFA30000000000FF
:100840000000007FFFFFFFFFFA0000000000000033
:10085000AFFFFFFFFFFFFC1000000000007FFFFF65
:10086000FFFFFFFFFB00000000002FFFFFFFFFFF67
:10087000FFFFF50000000009FFFFFFFFFFFFFFFF84
:10088000C000000000EFFFFFFFFFFFFFFFFF2000A1
:1008900000002FFFFFFFFFFFFFFFFFF50000000339
:1008A000FFFFFFFFFFFFFFFFFF700000004FFFFF94
:1008B000FFFFFFFFFFFFF800000005FFFFFFFFFF46
:1008C000FFFFFFFF900000007FFFFFFFFFFFFFFF24
:1008D000FFFA0000000AFFFFFFFFFFFFFFFFFFE03E
:1008E000000000DFFFFFFFFFFFFFFFFFFF10000022
:1008F0002FFFFFFFFFFFFFFFFFFFF6000009FFFFD5
:10090000FFFFFFFFFFFFFFFFD00003FFFFFFFFFF21
:10091000FFFFFFFFFFFF7002EFFFFFFFFFFFFFFF83
:10092000FFFFFFFF50CFFFFFFFFFFFFFFFFFFFFFB6
:10093000FFFF1EFFFFFFFFFFFFFFFFFFFFFFFFF3B4
:100940006FFFFFFFFFFFFFFFFFFFFFFFFB00122214
:100950002222222222222222222100000000000044
:10096000000000000000000000000000009FFFFFEA
:10097000FD00000000000000000004FFFFFF8000F9
:1009800000000000000000000AFFFFD1000000008E
:1009900000000000000005AB700000000000000532
:1009A000ABBBBBBBBBBBBBBBBBBBBBBBBBBBB93034
:1009B0006FFFFFFFFFFFFFFFFFFFFFFFFFFFFFFFD7
:1009C000F3EFFFFFFFFFFFFFFFFFFFFFFFFFFFFF53
:1009D000FFFAFFFFFFFFFFFFFFFFFFFFFFFFFFFF2C
:1009E000FFFFFBFFFD101DF5001FF2004FE101EFBF
:1009F0004002FFFCFFFC000BF2000EF0001FC000E5
:100A0000CF1000FFFCFFFC000BF2000EF0001FC037
:100A100000CF1000FFFCFFFD000DF4001FF2003FAF
:100A2000E000EF3002FFFCFFFFFFFFFFFFFFFFFFD3
:100A3000FFFFFFFFFFFFFFFCFFFFFFFEEEFFFEEFEC
:100A4000FFEEEFFFEEEFFFFFFCFFFFFFA000DF2058
:100A500001FF0006F6000DFFFFFCFFFFFF9000CF37
:100A60001000FF0005F5000DFFFFFCFFFFFF9000E9
:100A7000CF1000FF0005F5000DFFFFFCFFFFFFB2E8
:100A800023EF5224FF3229F9223EFFFFFCFFFFFF34
:100A9000FFFFFFFFFFFFFFFFFFFFFFFFFFFCFFFF69
:100AA000BBBFFDBBBBBBBBBBBBBCFFDBBDFFFCFF20
:100AB000FC000BF200000000000000DF1000FFFC53
:100AC000FFFC000BF200000000000000CF1000FF50
:100AD000FCFFFC000BF200000000000000DF100033
:100AE000FFFCFFFFCCCFFDCCCCCCCCCCCCCCFFDC06
:100AF000CDFFFCEFFFFFFFFFFFFFFFFFFFFFFFFF4B
:100B0000FFFFFFFA9FFFFFFFFFFFFFFFFFFFFFFF5A
:100B1000FFFFFFFFF509FFFFFFFFFFFFFFFFFFFFE5
:100B2000FFFFFFFFFE70000000000000000000005B
:100B30000000000220000000000000000000000093
:100B4000000004BFFC1000000000000000000000D6
:100B50000005DFFFFFA00000000000000000000013
:100B600007EFFFFFFFF0000000000000000000188A
:100B7000FFFFFFFFFFC0000000000000000029FF92
:100B8000FFFFFFFFFF60000000000000003BFFFFD1
:100B9000FFFFFFFFFE000000000000005CFFFFFF02
:100BA000FFFFFFFFF70000000000006DFFFFFFFFE9
:100BB000FFFFFFFFF000000000017EFFFFFFFFFFCF
:100BC000FFFFFFFF80000000029FFFFFFFFFFFFF0E
:100BD000FFFFFFFF10000003AFFFFFFFFFFFFFFF5E
:100BE000FFFFFFFA000001BFFFFFFFFFFFFFFFFF56
:100BF000FFFFFFF200000AFFFFFFFFFFFFFFFFFF05
:100C0000FFFFFFB000000FFFFFFFFFFFFFFFFFFF31
:100C1000FFFFFF4000000EFFFFFFFFFFFFFFFFFF92
:100C2000FFFFFC00000007FFFFFFFFFFFFFFFFFFCC
:100C3000FFFFF50000000059AAAAAAAAAAFFFFFF19
:100C4000FFFFD000000000000000000000EFFFFFE9
:100C5000FFFF6000000000000000000000EFFFFF49
:100C6000FFFE0000000000000000000000EFFFFF9A
:100C7000FFF70000000000000000000000EFFFFF91
:100C8000FFF10000000000000000000000EFFFFF87
:100C9000FF900000000000000000000000EFFFFFD8
:100CA000FF200000000000000000000000EFFFFF38
:100CB000FA000000000000000000000000EFFFFF4D
:100CC000F3000000000000000000000000EFFFFF44
:100CD000B0000000000000000000000000DFFFFF87
:100CE00040000000000000000000000000CFFFFDF9
:100CF000000000000000000000000000005FFFF4A2
:100D00000000000000000000000000000004AA3005
:100D100000000000000026777777777770060000E4
:100D2000000EFFFFFFFFFFFF20FD100000FFFFFF91
:100D3000FFFFFFF20FFD10000FFFFFFFFFFFFF207F
:100D4000FFFD1000FFFFFFFFFFFFF20FFFFD100F81
:100D5000FFFFFFFFFFFF20FFFFFD10FFFFFFFFFF73
:100D6000FFF20FFFFFFD0FFFFFFFFFFFFF20FFFF61
:100D7000FFF7FFFFFFFFFFFFF2000000000FFFFF84
:100D8000FFFFFFFF8000000000FFFFFFFFFFFFFFEE
:100D9000FFFFFFFF7FFFFFFFFFFFFFFFFFFFFFF8EA
:100DA000FFFFFFFFFFFFFFFFFFFFFF8FFFFFFFFFC3
:100DB000FFFFFFFFFFFFF8FFFFFFFFFFFFFFFFFF4A
:100DC000FFFF8FFFFFFFFFFFFFFFFFFFFFF8FFFFAA
:100DD000FFFFFFFFFFFFFFFFFF8FFFFFFFFFFFFF93
:100DE000FFFFFFFFF8FFFFFFFFFFFFFFFFFFFFFF1A
:100DF0008FFFFFFFFFFFFFFFFFFFFFF8FFFFFFFF7A
:100E0000FFFFFFFFFFFFFF8FFFFFFFFFFFFFFFFF62
:100E1000FFFFF8FFFFFFFFFFFFFFFFFFFFFF8FFF59
:100E2000FFFFFFFFFFFFFFFFFFF8FFFFFFFFFFFFD9
:100E3000FFFFFFFFFF8FFFFFFFFFFFFFFFFFFFFF32
:100E4000F8FFFFFFFFFFFFFFFFFFFFFF8FFFFFFF29
:100E5000FFFFFFFFFFFFFFF8FFFFFFFFFFFFFFFFA9
:100E6000FFFFFF8FFFFFFFFFFFFFFFFFFFFFF74ABF
:100E7000AAAAAAAAAAAAAAAAAAA9000000000000CF
:100E80000000000000000000000000000000000062
:100E90000000000000034565431000000000000052
:100EA00000000000000016ADFFFFFFFFFEC830008D
:100EB00000000000000000006CFFFFFFFFFFFFFFCD
:100EC000FFFE92000000000000007EFFFFFFFFFF1A
:100ED000FFFFFFFFFFFFB300000000005EFFFFFF0A
:100EE000FFFFFFFFFFFFFFFFFFFFA10000001BFF51
:100EF000FFFFFFFEB86555679CFFFFFFFFFE500038
:100F000003EFFFFFFFD720000000000005AFFFFF49
:100F1000FFF9005FFFFFFFB40000000000000000C9
:100F2000017FFFFFFFB1FFFFFFD4000000000000C2
:100F300000000000019FFFFFF76FFFF900000000B5
:100F4000000000000000000004EFFFC106FF600089
:100F50000000038BDFFFEC96100000001CFC10006B
:100F60004300000018EFFFFFFFFFFFFB4000000001
:100F700061000000000007FFFFFFFFFFFFFFFFFC15
:100F8000200000000000000002CFFFFFFFFFFFFF76
:100F9000FFFFFFF7000000000000002EFFFFFFFF33
:100FA000ECBCDFFFFFFFFF900000000000004FFFE0
:100FB000FFFC6100000048FFFFFFC00000000000D0
:100FC0000008FFFD40000000000018FFFE200000A8
:100FD00000000000007F90000000000000003ED2F2
:100FE0000000000000000000010000000000000000
:100FF00000000000000000000000000000000006EB
:101000009830000000000000000000000000000018
:101010000001DFFFF60000000000000000000000FB
:10102000000000000AFFFFFF200000000000000099
:10103000000000000000000EFFFFFF600000000045
:10104000000000000000000000000FFFFFFF700024
:10105000000000000000000000000000000BFFFF87
:10106000FF30000000000000000000000000000051
:1010700003FFFFFA00000000000000000000000075
:10108000000000002ADC70000000000000000005E5
:10109000ABBBBBBBBBBBBBBBBBBBBBBBBBBBBBB9B2
:1010A00030006FFFFFFFFFFFFFFFFFFFFFFFFFFFAE
:1010B000FFFFFFF300EFFFFFFFFFFFFFFFFFFFFF5B
:1010C000FFFFFFFFFFFFFA00FFFFFFFFFFFFFFFF34
:1010D000FFFFFFFFFFFFFFFFFFFC00FFFC00000022
:1010E0000000000000000000000000FFFFE4FFFC23
:1010F0000000000000000000000000000000FFFFF2
:10110000FAFFFC06FFFFFFFFFFFFFFFFFFFFFFFFF0
:1011100000FFFFFAFFFC06FFFFFFFFFFFFFFFFFFDF
:10112000FFFFFF00CDFFFAFFFC06FFFFFFFFFFFF01
:10113000FFFFFFFFFFFF0001FFFAFFFC06FFFFFFBD
:10114000FFFFFFFFFFFFFFFFFF0001FFFAFFFC06AD
:10115000FFFFFFFFFFFFFFFFFFFFFFFF0001FFFAA1
:10116000FFFC06FFFFFFFFFFFFFFFFFFFFFFFF008A
:1011700067FFFAFFFC06FFFFFFFFFFFFFFFFFFFF18
:10118000FFFF00FFFFFAFFFC0388888888888888B3
:10119000888888888800FFFFFAFFFC0000000000B4
:1011A000000000000000000000FFFFF7FFFEBBBBD7
:1011B000BBBBBBBBBBBBBBBBBBBBBBBBFFFD30FF40
:1011C000FFFFFFFFFFFFFFFFFFFFFFFFFFFFFFFF2F
:1011D000FB00AFFFFFFFFFFFFFFFFFFFFFFFFFFF72
:1011E000FFFFFFF7001AFFFFFFFFFFFFFFFFFFFFFB
:1011F000FFFFFFFFFFFF8000000000000000000075
:10120000000000000000000000000005ABBBBBBBFD
:10121000BBBBBBBBBBBBBBBBBBBBBBB930006FFF6E
:10122000FFFFFFFFFFFFFFFFFFFFFFFFFFFFFFF3DA
:1012300000EFFFFFFFFFFFFFFFFFFFFFFFFFFFFFCD
:10124000FFFFFA00FFFFFFFFFFFFFFFFFFFFFFFFB2
:10125000FFFFFFFFFFFC00FFFC000000000000009C
:1012600000000000000000FFFFE4FFFC00000000A1
:1012700000000000000000000000FFFFFAFFFC0279
:10128000FFFFFFFFFFFFFFFFFF90000000FFFFFADF
:10129000FFFC02FFFFFFFFFFFFFFFFFF90000000CA
:1012A000CDFFFAFFFC02FFFFFFFFFFFFFFFFFF90F4
:1012B00000000001FFFAFFFC02FFFFFFFFFFFFFF3E
:1012C000FFFF9000000001FFFAFFFC02FFFFFFFF9D
:1012D000FFFFFFFFFF9000000001FFFAFFFC02FF8D
:1012E000FFFFFFFFFFFFFFFF9000000067FFFAFF17
:1012F000FC02FFFFFFFFFFFFFFFFFF90000000FF6A
:10130000FFFAFFFC018888888888888888884000E0
:101310000000FFFFFAFFFC000000000000000000DA
:101320000000000000FFFFF7FFFEBBBBBBBBBBBB69
:10133000BBBBBBBBBBBBBBBBFFFD30FFFFFFFFFFAE
:10134000FFFFFFFFFFFFFFFFFFFFFFFFFB00AFFF00
:10135000FFFFFFFFFFFFFFFFFFFFFFFFFFFFFFF7A5
:10136000001AFFFFFFFFFFFFFFFFFFFFFFFFFFFF71
:10137000FFFF8000000000000000000000000000EF
:101380000000000000000005ABBBBBBBBBBBBBBB90
:10139000BBBBBBBBBBBBBBB930006FFFFFFFFFFFDD
:1013A000FFFFFFFFFFFFFFFFFFFFFFF300EFFFFF68
:1013B000FFFFFFFFFFFFFFFFFFFFFFFFFFFFFA0041
:1013C000FFFFFFFFFFFFFFFFFFFFFFFFFFFFFFFF2D
:1013D000FFFC00FFFC000000000000000000000017
:1013E000000000FFFFE4FFFC000000000000000020
:1013F000000000000000FFFFFAFFFC03FFFFFFFFFB
:10140000FFFFE0000000000000FFFFFAFFFC03FF09
:10141000FFFFFFFFFFE0000000000000CDFFFAFF2C
:10142000FC03FFFFFFFFFFFFE000000000000001E2
:10143000FFFAFFFC03FFFFFFFFFFFFE000000000DB
:10144000000001FFFAFFFC03FFFFFFFFFFFFE000CA
:10145000000000000001FFFAFFFC03FFFFFFFFFF99
:10146000FFE000000000000067FFFAFFFC03FFFF41
:10147000FFFFFFFFE0000000000000FFFFFAFFFC9D
:101480000188888888888870000000000000FFFFBD
:10149000FAFFFC0000000000000000000000000057
:1014A00000FFFFF7FFFEBBBBBBBBBBBBBBBBBBBBFC
:1014B000BBBBBBBBFFFD30FFFFFFFFFFFFFFFFFF1D
:1014C000FFFFFFFFFFFFFFFFFB00AFFFFFFFFFFF7F
:1014D000FFFFFFFFFFFFFFFFFFFFFFF7001AFFFF08
:1014E000FFFFFFFFFFFFFFFFFFFFFFFFFFFF80008A
:1014F00000000000000000000000000000000000EC
:1015000000000005ABBBBBBBBBBBBBBBBBBBBBBB22
:10151000BBBBBBB930006FFFFFFFFFFFFFFFFFFF4B
:10152000FFFFFFFFFFFFFFF300EFFFFFFFFFFFFFE6
:10153000FFFFFFFFFFFFFFFFFFFFFA00FFFFFFFFBF
:10154000FFFFFFFFFFFFFFFFFFFFFFFFFFFC00FFAD
:10155000FC0000000000000000000000000000FF90
:10156000FFE4FFFC0000000000000000000000009D
:101570000000FFFFFAFFFC06FFFFFFF10000000084
:101580000000000000FFFFFAFFFC06FFFFFFF10074
:101590000000000000000000CDFFFAFFFC06FFFF86
:1015A000FFF100000000000000000001FFFAFFFC56
:1015B00006FFFFFFF100000000000000000001FF37
:1015C000FAFFFC06FFFFFFF1000000000000000032
:1015D0000001FFFAFFFC06FFFFFFF1000000000022
:1015E0000000000067FFFAFFFC06FFFFFFF10000AC
:1015F00000000000000000FFFFFAFFFC038888885D
:1016000080000000000000000000FFFFFAFFFC0067
:1016100000000000000000000000000000FFFFF7D5
:10162000FFFEBBBBBBBBBBBBBBBBBBBBBBBBBBBB83
:10163000FFFD30FFFFFFFFFFFFFFFFFFFFFFFFFF8B
:10164000FFFFFFFFFB00AFFFFFFFFFFFFFFFFFFFFD
:10165000FFFFFFFFFFFFFFF7001AFFFFFFFFFFFF86
:10166000FFFFFFFFFFFFFFFFFFFF80000000000004
:101670000000000000000000000000000000000565
:10168000ABBBBBBBBBBBBBBBBBBBBBBBBBBBBBB9BC
:1016900030006FFFFFFFFFFFFFFFFFFFFFFFFFFFB8
:1016A000FFFFFFF300EFFFFFFFFFFFFFFFFFFFFF65
:1016B000FFFFFFFFFFFFFA00FFFFFFFFFFFFFFFF3E
:1016C000FFFFFFFFFFFFFFFFFFFC00FFFC0000002C
:1016D0000000000000000000000000FFFFE4FFFC2D
:1016E0000000000000000000000000000000FFFFFC
:1016F000FAFFFC00000000000000000000000000F5
:1017000000FFFFFAFFFC00000000000000000000E6
:1017100000000000CDFFFAFFFC0000000000000008
:101720000000000000000001FFFAFFFC00000000C4
:101730000000000000000000000001FFFAFFFC00B4
:101740000000000000000000000000000001FFFA9F
:10175000FFFC00000000000000000000000000008E
:1017600067FFFAFFFC00000000000000000000001E
:10177000000000FFFFFAFFFC000000000000000076
:10178000000000000000FFFFFAFFFC000000000066
:10179000000000000000000000FFFFF7FFFEBBBBE1
:1017A000BBBBBBBBBBBBBBBBBBBBBBBBFFFD30FF4A
:1017B000FFFFFFFFFFFFFFFFFFFFFFFFFFFFFFFF39
:1017C000FB00AFFFFFFFFFFFFFFFFFFFFFFFFFFF7C
:1017D000FFFFFFF7001AFFFFFFFFFFFFFFFFFFFF05
:1017E000FFFFFFFFFFFF800000000000000000007F
:1017F00000000000000000000000000000000000E9
:1018000000000000007CC500000000000000000097
:101810000000000000000009FFFF60000000000061
:10182000000000000000000003ACCFFFFFE000005C
:1018300000000000000000000000005FFFFFFFFF4D
:10184000F000000000000000000000000001FFA503
:101850005EFFFFC00000000000000000000000006C
:1018600009FC0003FFFE2000000000000000000053
:101870000000001FF30000155000000000000000F1
:101880000002300000008FB00000000000000000E7
:1018900000000004DFFF700000EF400000000000C7
:1018A0000000066000003FFFFFF80007FD00000099
:1018B00000000000000BFC3000BFFFFFFF325FF7AD
:1018C00022222222222222222BFFF910FFFFFFFFD9
:1018D000FFFFFFFFFFFFFFFFFFFFFFFFFFFFE4FF33
:1018E000FFFFFFFFFFFFFFFFFFFFFFFFFFFFFFFF08
:1018F000FFD3AFFFFFFE0000001CFA000000000055
:10190000000BFFF7002EFFFFF500000002FF200094
:10191000000000000BFA100002BFFC4000000000B5
:101920009F90000000000005400000000000000043
:101930000000002FF1000000000000000000000087
:101940000000000000000BFA000FFFFFF300000092
:1019500000000000000000000003FF600FFFFFF424
:10196000000000000000000000000000007FFFEF0A
:10197000FFFFF40000000000000000000000000075
:1019800007FFFFFFFFF40000000000000000000060
:1019900000000000012FFFFFF40000000000000025
:1019A00000000000000000000FFFFFF30000000037
:1019B000000000000000000000000002333330008F
:1019C0000000000000000000011100000000000005
:1019D0000000039DFFFFFD93000000000002CFFF09
:1019E000FFFFFFFFB1000000004FFFFFF9EFFFFF17
:1019F000FE30000004FFFFFFF72EFFFFFFE10000B5
:101A00000EFFFFFFF702EFFFFFFA00007FFFFFFF6F
:101A1000F7003FFFFFFF2000DFFFFFFFF70003FF9E
:101A2000FFFF8002FFFFFFFFF701204FFFFFD006FF
:101A3000FFFFA7FFF702E205FFFFF00AFFFC006FC0
:101A4000F701FE205FFFF30CFFFF7006F701FC00BB
:101A50008FFFF60EFFFFF7006701C007FFFFF70FCC
:101A6000FFFFFF600000005FFFFFF80FFFFFFFF6C2
:101A7000000004FFFFFFF91FFFFFFFFF60003FFFB3
:101A8000FFFFFA1FFFFFFFFF90003FFFFFFFFA0F6E
:101A9000FFFFFFF9000004FFFFFFF90FFFFFFF80CA
:101AA0000000005FFFFFF90EFFFFF8004701A006EE
:101AB000FFFFF70CFFFF8004F701FA007FFFF60A33
:101AC000FFFC004FF801FE202EFFF407FFFF95FFFB
:101AD000F802E302EFFFF102FFFFFFFFF801302EF3
:101AE000FFFFD000DFFFFFFFF80002EFFFFF8000E5
:101AF0006FFFFFFFF8002EFFFFFF20000DFFFFFF2D
:101B0000F903EFFFFFFA000002FFFFFFF93EFFFFBE
:101B1000FFE10000002DFFFFFCEFFFFFFF300000A2
:101B200000008FFFFFFFFFFFA20000000000005831
:101B3000BCDDCA6100000000000000067777776115
:101B4000000000000000000009FFFFFFFFD00000C0
:101B5000000069999999FFFFFFFFFFA99999980FD4
:101B6000FFFFFFFFFFFFFFFFFFFFFFFFF3FFFFFF91
:101B7000FFFFFFFFFFFFFFFFFFFF4EFFFFFFFFFF26
:101B8000FFFFFFFFFFFFFFF202222222222222227A
:101B9000222222222100000000000000000000009C
:101BA00000000001CCCCCCCCCCCCCCCCCCCCCC4030
:101BB000002FFFFFFFFFFFFFFFFFFFFFF60002FF09
:101BC000FFFFFFFFFFFFFFFFFFFF60002FFFFFFF93
:101BD000FFFFFFFFFFFFFFF60002FFFFB0BFFF6246
:101BE000FFFE18FFFF60002FFFF909FFF30FFFD082
:101BF0005FFFF60002FFFF909FFF30FFFD05FFFF34
:101C000060002FFFF909FFF30FFFD05FFFF600021E
:101C1000FFFF909FFF30FFFD05FFFF60002FFFF9E2
:101C200009FFF30FFFD05FFFF60002FFFF909FFF59
:101C300030FFFD05FFFF60002FFFF909FFF30FFFE5
:101C4000D05FFFF60002FFFF909FFF30FFFD05FF12
:101C5000FF60002FFFF909FFF30FFFD05FFFF600D1
:101C600002FFFF909FFF30FFFD05FFFF60002FFF89
:101C7000F909FFF30FFFD05FFFF60002FFFF909F0F
:101C8000FF30FFFD05FFFF60002FFFF909FFF30F95
:101C9000FFD05FFFF60002FFFFB0BFFF62FFFE183C
:101CA000FFFF60001FFFFFFFFFFFFFFFFFFFFFF5CC
:101CB0000000FFFFFFFFFFFFFFFFFFFFFF400009E6
:101CC000FFFFFFFFFFFFFFFFFFFFD0000007BCCCBF
:101CD000CCCCCCCCCCCCCB810000000000000000F0
:101CE00000000000000031000000000000000000C3
:101CF0000000000004EFF8000000000000000000F9
:101D000000000004FFFFF9000000000000000000D8
:101D1000000004FFFFFFF9000000000000000000C9
:101D20000004FFFFFFFFF9000000000000000000BA
:101D3000002EFFFFFFFFF70000000000000000047E
:101D4000502EFFFFFFFFE00000000000000004FF36
:101D5000502EFFFFFFFE0000000000000004FFFF08
:101D6000502EFFFFFF8000000000000004FFFFFF77
:101D7000502EFFFFB000000000000004FFFFFFFF37
:101D8000502EFFB000000000000004FFFFFFFFFF27
:101D9000502EB000000000000004FFFFFFFFFFFF17
:101DA000502000000000000004FFFFFFFFFFFFFFC6
:101DB0004000000000000004FFFFFFFFFFFFFFB036
:101DC00000000000000004FFFFFFFFFFFFFFB00066
:101DD000000000000004FFFFFFFFFFFFFFB0000056
:101DE0000000000004FFFFFFFFFFFFFFB000000046
:101DF00000000004FFFFFFFFFFFFFFB00000000036
:101E0000000004FFFFFFFFFFFFFFB0000000000025
:101E10000004FFFFFFFFFFFFFFB000000000000015
:101E200004FFFFFFFFFFFFFFB00000000000000203
:101E3000FFFFFFFFFFFFFFB0000000000000005F9A
:101E4000FFFFFFFFFFFFB00000000000000007FFE2
:101E5000FFFFFFFFFFB000000000000000009FFF39
:101E6000FFFFFFFFB000000000000000000BFFFFBD
:101E7000FFFFFFB0000000000000000000CFFFFFE8
:101E8000FFFFB00000000000000000000EFFFFFF99
:101E9000FFB000000000000000000000FFFFFFFF97
:101EA000B00000000000000000000005BA864310EA
:101EB0000000000000000000000000000000000022
:101EC00027788888888888888888888761000000C3
:101ED000000007FFFFFFFFFFFFFFFFFFFFFFFFFF08
:101EE00040000000008FFFFFFFFFFFFFFFFFFFFF2D
:101EF000FFFFFFF100000008FFFFFFFFFFFFFFFFF4
:101F0000FFFFFFFFFFFFF60000008FFFFFFFFFFF57
:101F1000FFFFFFFFFFFFFFFFFFF7000008FFFFFFCE
:101F2000FFFFF84EFFFFFE48FFFFFFFFF800008FA6
:101F3000FFFFFFFFFF8002EFFFE3008FFFFFFFF8CF
:101F40000008FFFFFFFFFFFF00002EFE30000FFF25
:101F5000FFFFF8008FFFFFFFFFFFFF900002D3009D
:101F6000009FFFFFFFF808FFFFFFFFFFFFFFF900E3
:101F700000000009FFFFFFFFF87FFFFFFFFFFFFFEB
:101F8000FFFF900000009FFFFFFFFFF8FFFFFFFF34
:101F9000FFFFFFFFFFF8000008FFFFFFFFFFF8CF84
:101FA000FFFFFFFFFFFFFFFFE2000002EFFFFFFF69
:101FB000FFF82EFFFFFFFFFFFFFFFE200000002EB7
:101FC000FFFFFFFFF802EFFFFFFFFFFFFFE2000050
:101FD000500002EFFFFFFFF8002EFFFFFFFFFFFFA3
:101FE000300009F900003FFFFFFFF80002EFFFFF9C
:101FF000FFFFFF20009FFF90002FFFFFFFF8000072
:102000002EFFFFFFFFFFE209FFFFF902EFFFFFFFD7
:10201000F8000002EFFFFFFFFFFECFFFFFFFCEFF44
:10202000FFFFFFF80000002EFFFFFFFFFFFFFFFF95
:10203000FFFFFFFFFFFFF700000002EFFFFFFFFFC2
:10204000FFFFFFFFFFFFFFFFFFF4000000002EFF78
:10205000FFFFFFFFFFFFFFFFFFFFFFFFB0000000DC
:102060000001AFFFFFFFFFFFFFFFFFFFFFFFE900E2
:10207000000000000000000000000000000003EF6E
:10208000FFFFFFFFFFFA10000003EFFFFFFFFFFF5E
:10209000FFFD000003FFFFFFFFFFFFFFFFF700034F
:1020A000FFDBBFFBBBFFBBBFFFA003FFF900CF10EF
:1020B0000FF001FFFA04FFFF900CF100FF001FFF7B
:1020C000A4FFFFF900CF100FF001FFFAFFFFFF9010
:1020D0000CF100FF001FFFAFFFFFF900CF100FF062
:1020E00001FFFAFFFFFFFFFFFFFFFFFFFFFFAFFF53
:1020F000FFFFFFFFFFFFFFFFFFFAFFFFFFFFFFFFF5
:10210000FFFFFFFFFFAFFFFFFFFFFFFFFFFFFFFF2F
:10211000FAFFFFFFFFFFFFFFFFFFFFFFAFFFFFFF24
:10212000FFFFFFFFFFFFFFFAFFFFFFFFFFFFFFFFC4
:10213000FFFFFFAFFFFFFFFFFFFFFFFFFFFFFAFF04
:10214000FFFFFFFFFFFFFFFFFFFFAFFFFFFFFFFFEF
:10215000FFFFFFFFFFFAFFFFFFFFFFFFFFFFFFFF94
:10216000FFAFFFFFFFFFFFFFFFFFFFFFFAFFFFFFD4
:10217000FFFFFFFFFFFFFFFFAFFFFFFFFFFFFFFFBF
:10218000FFFFFFFAFFFFFFFFFFFFFFFFFFFFFFAFB4
:10219000FFFFFFFFFFFFFFFFFFFFFAFFFFFFFFFF54
:1021A000FFFFFFFFFFFFAEFFFFFFFFFFFFFFFFFF90
:1021B000FFF9AFFFFFFFFFFFFFFFFFFFFF41DFFF63
:1021C000FFFFFFFFFFFFFFFF90006AAAAAAAAAAACB
:1021D000AAAAA940000000000000000000000000C2
:1021E00000000018000000000000000000000000D7
:1021F00000001DF1000000000000000000000000D1
:10220000001DFF10000000000000000000000000A2
:102210001DFFF10000001BB10000000000000009DC
:10222000FFFF1000002DFF60000000000000009F75
:10223000FFF100002EFFF70000000000000009FF82
:10224000FF10003EFFFF70000000000000009FFF35
:10225000F1004FFFFFF70000000000000009FFFF42
:10226000105FFFFFFFDBBBBBBBBBBBBBBBEFFFF12B
:102270005FFFFFFFFFFFFFFFFFFFFFFFFFFFFF1DF0
:10228000FFFFFFFFFFFFFFFFFFFFFFFFFFFFF18FDC
:10229000FFFFFFFFFFFFFFFFFFFFFFFFFFFF008FBD
:1022A000FFFFFFFFFFFFFFFFFFFFFFFFFF90007F2C
:1022B000FFFFF70000000000000000000000006FBA
:1022C000FFFF700000000000000000000000005F41
:1022D000FFF7000000000000000000000000004FB9
:1022E000FF70000000000000000000000000003E41
:1022F000E2000000000000000000000000000000FC
:0C230000000000000000000000000000D1
:08230C0068C5FE7F010000001E
:1023140080FC03108CFC031098FC0310A4FC031035
:10232400B0FC0310BCFC0310C8FC0310ECFC03104D
:0C233400E4FC0310D8FC0310E0FD0310D3
:10234000034600B50268EFF3108C72B6D2E8CFEF07
:102350000120BEF1000FF9D1C2E84E0FBEF1000F0F
:10236000F4D1BFF35F8F93F90420002A0ADB01B197
:102370000A60002000221B68C3E88F2F8CF31088AE
:102380005DF804FB4FF05042126801201A71F1E72A
:102390004FF050412DE9F0410027044616461D46F6
:1023A000D1F8008008E0C1E88F7F8CF310883046B8
:1023B000294600F0F5FDE8B92168EFF3108C72B6FC
:1023C000D1E8CF2F0123002AFAD1C1E8423F002AE9
:1023D000F6D1BFF35F8F94F904302168002BE2DA65
:1023E000002384F80480C1E88F3F8CF3108801201B
:1023F000BDE8F0810020BDE8F08100BF30B5046881
:10240000EFF3108C72B6D4E8CFEF0125BEF1000FC8
:10241000F9D1C4E84E5FBEF1000FF4D1BFF35F8F76
:1024200090F904400568002C10DB0021C5E88F1FDF
:102430008CF310884FF0504595F90050A54201D11A
:10244000084630BDBDE83040FFF7A2BF4FF0504214
:10245000126800230271C5E88F3F8CF310880120B9
:1024600030BD00BF70B505460C4600F091FD024638
:102470000B464FF47A704FF0FF3E6FF0004CE4FBD8
:10248000002396457CEB030138BF72462846BDE821
:10249000704038BF6346FFF77BBF00BF0368EFF3B0
:1024A000108272B6D3E8CFCF0121BCF1000FF9D171
:1024B000C3E84C1FBCF1000FF4D1BFF35F8F4FF0A6
:1024C000FF0C0023016880F804C0C1E88F3F82F34D
:1024D000108840BF704700BF0022114608B5D300E6
:1024E00003F1A043013203F580130F2A9960D960EC
:1024F000F5D14FF470720021034800F055FD034BF5
:10250000034A1A6008BD00BF38160120001A0120D6
:10251000800110502DE9F04F1F4B85B0D3F858A023
:10252000BAF1000F22D0002401254FF4E069DFF852
:1025300070801A4F01E0202C18D00AEA0502611CB5
:102540002346AB46CCB26D00002AF4D004F0010261
:1025500003F0FE06164407EB46163046C8F858B09E
:1025600000F024FA28B93AEA0B0AE4D105B0BDE834
:10257000F08F00238DF80930B37801A88DF808306A
:10258000F38A0121ADF80490039300F02DFA304650
:1025900000F0B2F9E7E700BF00001150F815012084
:1025A00000301150F0B56E4B85B0D3F8985015F44B
:1025B000003430D06B496C4B896A6C4C0022196036
:1025C00004F5806602E04034A6420CD0E37E022B84
:1025D000F9D1A77E002FF6D0237F002B4AD13A46AF
:1025E0004034A642F2D13AB9614B1B7823B94FF47B
:1025F0000032604BC3F890204FF44072584B0121D9
:102600009B6C01A8C3F30A030293ADF804204FF4B6
:10261000003400F0E9F9EA0633D4EB0320D5564E36
:1026200044F48034B37E002B78D1012396F83A200D
:10263000F370002A5DD101234FF4C0614F4AADF819
:10264000041086F8233092E8030004AA02E903008C
:10265000194601A800F0C8F94FF40032454B1A653D
:10266000E90430D46A0420D42B040FD4AC4271D1D5
:1026700005B0F0BD00232046237700F065F93A4607
:10268000AEE744F01004FFF745FFC6E74FF4A06340
:10269000012101A8ADF8043000F0A6F94FF4006262
:1026A000344B44F400441A65E0E74FF480630121A1
:1026B00001A8ADF8043000F097F910222D4B44F436
:1026C00080441A65D0E70026254B44F480541E60F0
:1026D000FFF702FF4FF48073012101A8ADF8043029
:1026E0008DF8086000F080F94FF40022214B1A6544
:1026F000B8E7234A1366A2F50052536ED807FCD5FB
:102700004FF440520021194800F0FCF8174800F03F
:10271000F3F80122174B5A661A668CE70221184B10
:102720000F4A1966536E9F07FCD54FF440520021A3
:10273000114800F0E7F8104800F0DEF802220D4BD7
:102740005A661A66012396F83A20F370002A3FF47D
:1027500072AFCEE70B4884EA050100F029FC00BF08
:102760000000115000000B40E81501201816012050
:10277000A11A012000301150F8150120000010505E
:102780000020115088F1031070B4858A068BC3783D
:10279000AE4228BF2E46B3F1000C18BF4FF0010C1B
:1027A000AD1B447883F00103ADB20246C37085824D
:1027B00046F4806040EA4C30A4B9D2E903434FEAC2
:1027C000811C5EB10CF1FF3CA4449D1913F8014B30
:1027D000AB420CF8014FF9D11369958A3344136168
:1027E00040F400400DB940F4804001B1000470BCD9
:1027F000704700BF83688446186801B1000C9CF8DC
:102800000130C0F3090063B9BCF816300344ACF8DA
:102810001630BCF81830834284BF0023ACF8143063
:102820007047DCE9033203EB8113E8B100B5013AEC
:1028300003EB000E13F8011B734502F8011FF9D1D9
:10284000BCF81630DCF810200344ACF81630BCF8A5
:1028500018300244834288BF0023CCF8102088BF80
:10286000ACF814305DF804FBBCF8163002440344A5
:10287000ACF81630CCF81020CBE700BF10B50446FA
:10288000836800211B68FFF7B5FF63681B685B0066
:1028900002D5238B834200D010BD2046BDE81040F6
:1028A0000121FFF7A7BF00BF084B1B6C13F0020309
:1028B00002D18278D20901D100207047C07EA0F1F8
:1028C0000200B0FA80F04009704700BF00001150CC
:1028D00008B5FFF7E9FF50B1054A064B906A1B683F
:1028E000A0F54870C01AC6288CBF0020012008BD82
:1028F00000000B40E81501200023C0E90433837673
:10290000704700BF10B5836809B11C68214082B1CF
:10291000114352050DD51A6854050CD4084A21F408
:1029200080641C60126C920703D40C23033BFDD21D
:102930008368196010BD8178024800F039FB00BF40
:10294000000011509CF1031030B54368002183B0A2
:1029500004461D68FFF718FF134B40F48052196CB2
:10296000A37889070ED55B060ED025F0A04545F06B
:1029700000550021204663681D6003B0BDE830406B
:10298000FFF7C0BFDB09F0D0A38A002BEDD00121F7
:1029900020460192FFF7F8FE019A25F00055024308
:1029A00045F0A045E5E700BF0000115038B5857E31
:1029B000044695B1FFF762FFA38A0BB9284638BDDC
:1029C0002046FFF785FF20B1012323770025284605
:1029D00038BD2046FFF7B8FFF8E78178014800F0DE
:1029E000E7FA00BFBCF103102DE9F04343788046BD
:1029F000023B0D4685B0042B13D8DFE803F0034AF1
:102A00006C75440000217C4B1A7822F001021A7088
:102A10001A7822F002021A7059701A7861F3820251
:102A20001A70764B1C686369EFF3108272B6D3E8B4
:102A3000CF0F01210028FAD1C3E8401F0028F6D1AA
:102A4000BFF35F8FA2614146204600F0A5FA002344
:102A50006269C2E88F3FA36983F3108848B94FF0D9
:102A6000E023D3F8F03DDB070AD500BE05B0BDE892
:102A7000F0832A4698F8011098F8000000F09CFABC
:102A800005B0BDE8F0835E4A13780133DBB2137002
:102A9000C7E70024DFF87491234699F80020594FC6
:102AA000594E12E0336813EB441306D0DB6923B1AF
:102AB000D8F8041098F80000984799F800200134DD
:102AC000E4B2511CA142234617DBA242EAD89B1A6A
:102AD00007EB4313EAE7484B1A78D607D0D51A78A4
:102AE00042F004021A709CE7434B1A78D407C7D50A
:102AF0001A7822F004021A7093E73F4C23785807A3
:102B00003AD4E378DA07BBD5032300263B4A98F88A
:102B100000101468D8F804208DF804108DF80530E2
:102B20006369CDF80660CDF80A60ADF80E600292D8
:102B3000EFF3108272B6D3E8CF0F01210028FAD14B
:102B4000C3E8401F0028F6D1BFF35F8F2046A26183
:102B500001A900F021FA6369C3E88F6FA36983F3C9
:102B6000108800283FF47BAF2A469DF805109DF899
:102B7000040000F021FA83E72378002723F0040300
:102B8000237005231D4A8DF80530166898F800203B
:102B9000ADF80E708DF804207369CDF80670CDF88D
:102BA0000A70EFF3108272B6D3E8CF0F012100282C
:102BB000FAD1C3E8401F0028F6D1BFF35F8F30463B
:102BC000B26101A900F0E8F97369C3E88F7FB369C6
:102BD00083F3108838B94FF0E023D3F8F03DD907DC
:102BE0008FD500BE8DE72A469DF805109DF804009C
:102BF00000F0E2F985E700BF68110120C011012053
:102C0000A21A01206CFE0310980F0120A01A0120C7
:102C1000844610466AB3013900B501EB020EDCF8B8
:102C20000C309B07FBD511F8013F7145CCF80830FB
:102C3000F5D1DCF80C30590705D5DCF80830DCF8A4
:102C40000C305907F9D4DCF80C30DA0606D5DCF87C
:102C50000C30DA06F7D401E0DCF80830DCF80C3090
:102C60005B07F9D40123CCF820305DF804FBDCF8D5
:102C70000830DCF80C305907F9D4DCF80C30DA06EF
:102C800006D5DCF80C30DA06F7D401E0DCF80830C1
:102C9000DCF80C305B07F9D40123CCF82030704706
:102CA00053B94AB9002908BF00281CBF4FF0FF31B3
:102CB0004FF0FF3000F06AB9ADF1080C6DE904CEB9
:102CC00000F006F8DDF804E0DDE9022304B0704707
:102CD0002DE9F0478C468E46089E15460446194657
:102CE000002B40F0D080724547D9B2FA82F74FB13D
:102CF000C7F120030EFA07FCBD40BC4020FA03F3E5
:102D000043EA0C0C4FEA154EA8B2230CBCFBFEF8AC
:102D10000EFB18CC08FB00F943EA0C43994528D96F
:102D2000EB1808F1FF3204D2994502D9A8F102024A
:102D30002B44A3EB0903A4B2B3FBFEFC0EFB1C3334
:102D40000CFB00F044EA0344A04214D92C190CF106
:102D5000FF3304D2A04202D9ACF102032C44241A5E
:102D600043EA02401EB1FC40002334607360BDE8BA
:102D7000F0874246DDE76346F1E7002A79D0B2FAF0
:102D800082F3002B3FD01946C1F1200302FA01F56E
:102D900000FA01F42EFA03F20EFA01FE20FA03F310
:102DA000AFB243EA0E034FEA154EB2FBFEFC0EFB38
:102DB0001C201A0C0CFB07F842EA004290455AD935
:102DC000AA180CF1FF3004D2904502D9ACF10200F0
:102DD0002A44A2EB08029BB2B2FBFEFC0EFB1C22B3
:102DE0000CFB07F743EA02439F4246D9EB180CF16C
:102DF000FF3204D29F4202D9ACF102022B44DB1B0A
:102E000042EA004202E0AEEB020301224FEA154E15
:102E1000AFB2200CB3FBFEFC0EFB1C330CFB07F81F
:102E200040EA034398452AD9EB180CF1FF3004D24D
:102E3000984502D9ACF102002B44A3EB0803A4B2DD
:102E4000B3FBFEFC0EFB1C330CFB07F744EA034408
:102E5000A74216D92C190CF1FF3304D2A74202D98C
:102E6000ACF102032C44E41B43EA00400F46114638
:102E700078E71F2188E76046ABE76246BFE7604618
:102E8000DBE76346EFE7734506D916B9002108462C
:102E90006DE7C6E9000EF9E7B3FA83F787B9734522
:102EA00001D3824207D8841A6EEB030301209C46AB
:102EB0001EB900215BE73846FAE7C6E9004CF8E79F
:102EC000C7F1200CBB4000FA07F422FA0CF520FAF7
:102ED0000CF1BA401D432EFA0CF30EFA07FE4FEA2E
:102EE000154941EA0E011FFA85FEB3FBF9F809FB0B
:102EF00018300B0C08FB0EFA43EA00439A4540D900
:102F0000EB1808F1FF3004D29A4502D9A8F102006B
:102F10002B44A3EB0A0389B2B3FBF9F809FB18337E
:102F200008FB0EFE41EA03418E452CD9691808F1D1
:102F3000FF3304D28E4502D9A8F10203294443EAA3
:102F40000040A1EB0E01A0FB02984145CE4643464E
:102F500002D306D14C4504D20138B9EB020E68EB1E
:102F60000503002EA5D0B4EB0E0261EB030101FABC
:102F70000CFC22FA07F3F9404CEA0303C6E90031DE
:102F800097E74046C5E74346D9E70000704700BFD2
:102F90005FF800F0E51B00105FF800F00D4A00102C
:102FA0005FF800F0DD1A00105FF800F015E703107D
:102FB0005FF800F0E10C00105FF800F0C130001085
:102FC00010000000000000000000010000000000F0
:102FD00000000000000002000000000000000000EF
:102FE0000000030000000000000000000000FF00DF
:102FF0000000000001B5486801318E460047704668
:1030000009380149884701BD29130010000000005C
:1030100000000000000000000000000000000000B0
:10302000481400203D250010452600108D25001075
:10303000552600100000000000010000812900104A
:103040002D290010A52800101528001000000000F0
:1030500000010000C411012010000C00000000005D
:103060000000000000000000000000000000000060
:10307000FF01000000000080CDAB3412D4C3B2A128
:1030800070000000398401109584011085850110BD
:10309000F9850110C58501100D8901107184011099
:1030A0002D8601102D000000FFFFFF00C43B04101F
:1030B000C43A0410C43904104C390410C43B041041
:1030C000C43B0410C43B0410C43B041000000000C7
:1030D000143C0410143B0410143A0410703904100A
:1030E000143C0410143C0410143C0410143C041050
:1030F0000000000080F6031088F6031090F603101D
:1031000070F0031098F60310A0F6031084F6031075
:10311000FFFFFFFF000002000000000000000000B1
:10312000E80E0020E80E0020F00E0020F00E002037
:10313000F80E0020F80E0020000F0020000F0020E5
:10314000080F0020080F0020100F0020100F002093
:10315000180F0020180F0020200F0020200F002043
:10316000280F0020280F0020300F0020300F0020F3
:10317000380F0020380F0020400F0020400F0020A3
:10318000480F0020480F0020500F0020500F002053
:10319000580F0020580F0020600F0020600F002003
:1031A000680F0020680F0020700F0020700F0020B3
:1031B000780F0020780F0020800F0020800F002063
:1031C000880F0020880F0020900F0020900F002013
:1031D000980F0020980F0020A00F0020A00F0020C3
:1031E000A80F0020A80F0020B00F0020B00F002073
:1031F000B80F0020B80F0020C00F0020C00F002023
:10320000C80F0020C80F0020D00F0020D00F0020D2
:10321000D80F0020D80F0020E00F0020E00F002082
:10322000E80F0020E80F0020F00F0020F00F002032
:10323000F80F0020F80F00200010002000100020E0
:10324000081000200810002010100020101000208E
:10325000181000201810002020100020201000203E
:1032600028100020281000203010002030100020EE
:10327000381000203810002040100020401000209E
:10328000481000204810002050100020501000204E
:1032900058100020581000206010002060100020FE
:1032A00068100020681000207010002070100020AE
:1032B000781000207810002080100020801000205E
:1032C000881000208810002090100020901000200E
:1032D0009810002098100020A0100020A0100020BE
:1032E000A8100020A8100020B0100020B01000206E
:1032F000B8100020B8100020C0100020C01000201E
:10330000C8100020C8100020D0100020D0100020CD
:10331000D8100020D8100020E0100020E01000207D
:10332000E8100020E8100020F0100020F01000202D
:10333000F8100020F81000200011002000110020DB
:103340000811002008110020101100201011002089
:103350001811002018110020201100202011002039
:1033600028110020281100203011002030110020E9
:103370003811002038110020401100204011002099
:103380004811002048110020501100205011002049
:1033900058110020581100206011002060110020F9
:1033A00068110020681100207011002070110020A9
:1033B0007811002078110020801100208011002059
:1033C0008811002088110020901100209011002009
:1033D0009811002098110020A0110020A0110020B9
:1033E000A8110020A8110020B0110020B011002069
:1033F000B8110020B8110020C0110020C011002019
:10340000C8110020C8110020D0110020D0110020C8
:10341000D8110020D8110020E0110020E011002078
:10342000E8110020E8110020F0110020F011002028
:10343000F8110020F81100200012002000120020D6
:103440000812002008120020101200201012002084
:103450001812002018120020201200202012002034
:1034600028120020281200203012002030120020E4
:103470003812002038120020401200204012002094
:103480004812002048120020501200205012002044
:1034900058120020581200206012002060120020F4
:1034A00068120020681200207012002070120020A4
:1034B0007812002078120020801200208012002054
:1034C0008812002088120020901200209012002004
:1034D0009812002098120020A0120020A0120020B4
:1034E000A8120020A8120020B0120020B012002064
:1034F000B8120020B8120020C0120020C012002014
:10350000C8120020C8120020D0120020D0120020C3
:10351000D8120020D8120020E0120020E012002073
:10352000F81200200000000000000000600E0120E2
:10353000C80E0120300F0120000000000000000034
:10354000000000000000000000000000000000007B
:10355000000000000000000000000000000000006B
:10356000000000000000000000000000000000005B
:10357000000000000000000000000000000000004B
:10358000000000000000000000000000000000003B
:10359000000000000000000000000000000000002B
:1035A000000000000000000000000000000000001B
:1035B000000000000000000000000000000000000B
:1035C00001000000000000000E33CDAB34126DE6A8
:1035D000ECDE05000B000000000000000000000011
:1035E00000000000000000000000000000000000DB
:1035F00000000000000000000000000000000000CB
:1036000000000000000000000000000000000000BA
:1036100000000000000000000000000000000000AA
:10362000000000000000000000000000000000009A
:10363000000000000000000000000000000000008A
:10364000000000000000000000000000000000007A
:10365000000000000000000000000000000000006A
:1036600000000000000000002C0E012000000000FF
:043670000000000056
:10367400D3DEFFFFFE010000FF010000C4CAFAFF11
:04368400793512ABD7
:040000051000014D99
:00000001FF
